candidate_rank,candidate_id,name,birth_year,occupation,country_name,gender,wikipedia_languages,hpi,source_record_url,milestone_by_26_status,research_status,selection_note
1,candidate-0001-al-pacino,Al Pacino,1940,ACTOR,United States,M,122,89.27,https://en.wikipedia.org/?curid=41906,unresearched,unverified_candidate,Ranked for research discovery; HPI is not evidence of early success.
2,candidate-0002-sylvester-stallone,Sylvester Stallone,1946,ACTOR,United States,M,107,89.20,https://en.wikipedia.org/?curid=61404,unresearched,unverified_candidate,Ranked for research discovery; HPI is not evidence of early success.
3,candidate-0003-clint-eastwood,Clint Eastwood,1930,ACTOR,United States,M,108,89.20,https://en.wikipedia.org/?curid=43373,unresearched,unverified_candidate,Ranked for research discovery; HPI is not evidence of early success.
4,candidate-0004-marilyn-monroe,Marilyn Monroe,1926,ACTOR,United States,F,195,88.57,https://en.wikipedia.org/?curid=19318,unresearched,unverified_candidate,Ranked for research discovery; HPI is not evidence of early success.
5,candidate-0005-elvis-presley,Elvis Presley,1935,SINGER,United States,M,184,87.57,https://en.wikipedia.org/?curid=9288,unresearched,unverified_candidate,Ranked for research discovery; HPI is not evidence of early success.
6,candidate-0006-grace-kelly,Grace Kelly,1929,ACTOR,United States,F,101,86.59,https://en.wikipedia.org/?curid=42620,unresearched,unverified_candidate,Ranked for research discovery; HPI is not evidence of early success.
7,candidate-0007-gabriel-garcía-márquez,Gabriel García Márquez,1927,WRITER,Colombia,M,162,86.19,https://en.wikipedia.org/?curid=27827075,unresearched,unverified_candidate,Ranked for research discovery; HPI is not evidence of early success.
8,candidate-0008-alain-delon,Alain Delon,1935,ACTOR,France,M,123,85.79,https://en.wikipedia.org/?curid=309161,unresearched,unverified_candidate,Ranked for research discovery; HPI is not evidence of early success.
9,candidate-0009-john-forbes-nash-jr,John Forbes Nash Jr.,1928,MATHEMATICIAN,United States,M,95,85.78,https://en.wikipedia.org/?curid=102567,unresearched,unverified_candidate,Ranked for research discovery; HPI is not evidence of early success.
10,candidate-0010-ivana-trump,Ivana Trump,1949,BUSINESSPERSON,Czechia,F,56,85.70,https://en.wikipedia.org/?curid=1057887,unresearched,unverified_candidate,Ranked for research discovery; HPI is not evidence of early success.
11,candidate-0011-anne-frank,Anne Frank,1929,WRITER,Germany,F,127,85.31,https://en.wikipedia.org/?curid=804581,unresearched,unverified_candidate,Ranked for research discovery; HPI is not evidence of early success.
12,candidate-0012-brigitte-bardot,Brigitte Bardot,1934,ACTOR,France,F,119,84.12,https://en.wikipedia.org/?curid=3845,unresearched,unverified_candidate,Ranked for research discovery; HPI is not evidence of early success.
13,candidate-0013-maria-callas,Maria Callas,1923,SINGER,United States,F,74,84.02,https://en.wikipedia.org/?curid=64966,unresearched,unverified_candidate,Ranked for research discovery; HPI is not evidence of early success.
14,candidate-0014-anthony-hopkins,Anthony Hopkins,1937,ACTOR,United Kingdom,M,104,83.87,https://en.wikipedia.org/?curid=2397,unresearched,unverified_candidate,Ranked for research discovery; HPI is not evidence of early success.
15,candidate-0015-robert-de-niro,Robert De Niro,1943,ACTOR,United States,M,123,83.81,https://en.wikipedia.org/?curid=20913302,unresearched,unverified_candidate,Ranked for research discovery; HPI is not evidence of early success.
16,candidate-0016-hayao-miyazaki,Hayao Miyazaki,1941,FILM DIRECTOR,Japan,M,99,83.44,https://en.wikipedia.org/?curid=20312,unresearched,unverified_candidate,Ranked for research discovery; HPI is not evidence of early success.
17,candidate-0017-sophia-loren,Sophia Loren,1934,ACTOR,Italy,F,100,83.26,https://en.wikipedia.org/?curid=44463,unresearched,unverified_candidate,Ranked for research discovery; HPI is not evidence of early success.
18,candidate-0018-luciano-pavarotti,Luciano Pavarotti,1935,SINGER,Italy,M,96,83.23,https://en.wikipedia.org/?curid=227696,unresearched,unverified_candidate,Ranked for research discovery; HPI is not evidence of early success.
19,candidate-0019-audrey-hepburn,Audrey Hepburn,1929,ACTOR,Belgium,F,115,83.14,https://en.wikipedia.org/?curid=52139,unresearched,unverified_candidate,Ranked for research discovery; HPI is not evidence of early success.
20,candidate-0020-james-watson,James Watson,1928,BIOLOGIST,United States,M,86,83.14,https://en.wikipedia.org/?curid=16289,unresearched,unverified_candidate,Ranked for research discovery; HPI is not evidence of early success.
21,candidate-0021-umberto-eco,Umberto Eco,1932,WRITER,Italy,M,115,83.13,https://en.wikipedia.org/?curid=32003,unresearched,unverified_candidate,Ranked for research discovery; HPI is not evidence of early success.
22,candidate-0022-marlon-brando,Marlon Brando,1924,ACTOR,United States,M,134,82.91,https://en.wikipedia.org/?curid=19903,unresearched,unverified_candidate,Ranked for research discovery; HPI is not evidence of early success.
23,candidate-0023-toni-morrison,Toni Morrison,1931,WRITER,United States,F,108,82.91,https://en.wikipedia.org/?curid=43165,unresearched,unverified_candidate,Ranked for research discovery; HPI is not evidence of early success.
24,candidate-0024-ferenc-puskás,Ferenc Puskás,1927,SOCCER PLAYER,Hungary,M,86,82.61,https://en.wikipedia.org/?curid=205150,unresearched,unverified_candidate,Ranked for research discovery; HPI is not evidence of early success.
25,candidate-0025-david-lynch,David Lynch,1946,FILM DIRECTOR,United States,M,85,82.53,https://en.wikipedia.org/?curid=7891,unresearched,unverified_candidate,Ranked for research discovery; HPI is not evidence of early success.
26,candidate-0026-richard-harris,Richard Harris,1930,ACTOR,Ireland,M,66,82.51,https://en.wikipedia.org/?curid=138483,unresearched,unverified_candidate,Ranked for research discovery; HPI is not evidence of early success.
27,candidate-0027-federico-fellini,Federico Fellini,1920,FILM DIRECTOR,Italy,M,127,82.49,https://en.wikipedia.org/?curid=11786,unresearched,unverified_candidate,Ranked for research discovery; HPI is not evidence of early success.
28,candidate-0028-lev-yashin,Lev Yashin,1929,SOCCER PLAYER,Russia,M,78,82.39,https://en.wikipedia.org/?curid=60886,unresearched,unverified_candidate,Ranked for research discovery; HPI is not evidence of early success.
29,candidate-0029-danny-devito,Danny DeVito,1944,ACTOR,United States,M,82,82.24,https://en.wikipedia.org/?curid=104940,unresearched,unverified_candidate,Ranked for research discovery; HPI is not evidence of early success.
30,candidate-0030-kurt-vonnegut,Kurt Vonnegut,1922,WRITER,United States,M,83,82.15,https://en.wikipedia.org/?curid=16861,unresearched,unverified_candidate,Ranked for research discovery; HPI is not evidence of early success.
31,candidate-0031-milan-kundera,Milan Kundera,1929,WRITER,Czechia,M,83,82.06,https://en.wikipedia.org/?curid=36679,unresearched,unverified_candidate,Ranked for research discovery; HPI is not evidence of early success.
32,candidate-0032-richard-burton,Richard Burton,1925,ACTOR,United Kingdom,M,74,81.95,https://en.wikipedia.org/?curid=45967,unresearched,unverified_candidate,Ranked for research discovery; HPI is not evidence of early success.
33,candidate-0033-jean-paul-belmondo,Jean-Paul Belmondo,1933,ACTOR,France,M,93,81.93,https://en.wikipedia.org/?curid=45380,unresearched,unverified_candidate,Ranked for research discovery; HPI is not evidence of early success.
34,candidate-0034-ursula-k-le-guin,Ursula K. Le Guin,1929,WRITER,United States,F,82,81.89,https://en.wikipedia.org/?curid=32037,unresearched,unverified_candidate,Ranked for research discovery; HPI is not evidence of early success.
35,candidate-0035-alfredo-di-stéfano,Alfredo Di Stéfano,1926,SOCCER PLAYER,Argentina,M,78,81.89,https://en.wikipedia.org/?curid=615788,unresearched,unverified_candidate,Ranked for research discovery; HPI is not evidence of early success.
36,candidate-0036-isaac-asimov,Isaac Asimov,1920,WRITER,Russia,M,118,81.85,https://en.wikipedia.org/?curid=14573,unresearched,unverified_candidate,Ranked for research discovery; HPI is not evidence of early success.
37,candidate-0037-paulo-coelho,Paulo Coelho,1947,WRITER,Brazil,M,97,81.81,https://en.wikipedia.org/?curid=65145,unresearched,unverified_candidate,Ranked for research discovery; HPI is not evidence of early success.
38,candidate-0038-b-b-king,B.B. King,1925,MUSICIAN,United States,M,83,81.79,https://en.wikipedia.org/?curid=152603,unresearched,unverified_candidate,Ranked for research discovery; HPI is not evidence of early success.
39,candidate-0039-ennio-morricone,Ennio Morricone,1928,COMPOSER,Italy,M,85,81.73,https://en.wikipedia.org/?curid=10277,unresearched,unverified_candidate,Ranked for research discovery; HPI is not evidence of early success.
40,candidate-0040-stanley-kubrick,Stanley Kubrick,1928,FILM DIRECTOR,United States,M,131,81.71,https://en.wikipedia.org/?curid=26683,unresearched,unverified_candidate,Ranked for research discovery; HPI is not evidence of early success.
41,candidate-0041-amitabh-bachchan,Amitabh Bachchan,1942,ACTOR,India,M,113,81.47,https://en.wikipedia.org/?curid=1828,unresearched,unverified_candidate,Ranked for research discovery; HPI is not evidence of early success.
42,candidate-0042-george-soros,George Soros,1930,BUSINESSPERSON,Hungary,M,81,81.39,https://en.wikipedia.org/?curid=6951166,unresearched,unverified_candidate,Ranked for research discovery; HPI is not evidence of early success.
43,candidate-0043-josé-saramago,José Saramago,1922,WRITER,Portugal,M,109,81.32,https://en.wikipedia.org/?curid=48422,unresearched,unverified_candidate,Ranked for research discovery; HPI is not evidence of early success.
44,candidate-0044-václav-havel,Václav Havel,1936,WRITER,Czechia,M,110,81.32,https://en.wikipedia.org/?curid=63299,unresearched,unverified_candidate,Ranked for research discovery; HPI is not evidence of early success.
45,candidate-0045-sean-connery,Sean Connery,1930,ACTOR,United Kingdom,M,125,81.18,https://en.wikipedia.org/?curid=26709,unresearched,unverified_candidate,Ranked for research discovery; HPI is not evidence of early success.
46,candidate-0046-yul-brynner,Yul Brynner,1920,ACTOR,Russia,M,68,81.16,https://en.wikipedia.org/?curid=61797,unresearched,unverified_candidate,Ranked for research discovery; HPI is not evidence of early success.
47,candidate-0047-gene-hackman,Gene Hackman,1930,ACTOR,United States,M,80,81.14,https://en.wikipedia.org/?curid=12561,unresearched,unverified_candidate,Ranked for research discovery; HPI is not evidence of early success.
48,candidate-0048-jeff-bezos,Jeff Bezos,1964,BUSINESSPERSON,United States,M,96,81.13,https://en.wikipedia.org/?curid=142528,unresearched,unverified_candidate,Ranked for research discovery; HPI is not evidence of early success.
49,candidate-0049-morgan-freeman,Morgan Freeman,1937,ACTOR,United States,M,108,81.12,https://en.wikipedia.org/?curid=20584,unresearched,unverified_candidate,Ranked for research discovery; HPI is not evidence of early success.
50,candidate-0050-claudia-cardinale,Claudia Cardinale,1938,ACTOR,Tunisia,F,71,80.94,https://en.wikipedia.org/?curid=235307,unresearched,unverified_candidate,Ranked for research discovery; HPI is not evidence of early success.
51,candidate-0051-sepp-blatter,Sepp Blatter,1936,BUSINESSPERSON,Switzerland,M,80,80.94,https://en.wikipedia.org/?curid=42278,unresearched,unverified_candidate,Ranked for research discovery; HPI is not evidence of early success.
52,candidate-0052-jack-nicholson,Jack Nicholson,1937,ACTOR,United States,M,112,80.94,https://en.wikipedia.org/?curid=18617829,unresearched,unverified_candidate,Ranked for research discovery; HPI is not evidence of early success.
53,candidate-0053-mario-vargas-llosa,Mario Vargas Llosa,1936,WRITER,Peru,M,103,80.93,https://en.wikipedia.org/?curid=163278,unresearched,unverified_candidate,Ranked for research discovery; HPI is not evidence of early success.
54,candidate-0054-jean-reno,Jean Reno,1948,ACTOR,Morocco,M,73,80.92,https://en.wikipedia.org/?curid=38253,unresearched,unverified_candidate,Ranked for research discovery; HPI is not evidence of early success.
55,candidate-0055-romy-schneider,Romy Schneider,1938,ACTOR,Austria,F,59,80.88,https://en.wikipedia.org/?curid=154224,unresearched,unverified_candidate,Ranked for research discovery; HPI is not evidence of early success.
56,candidate-0056-dustin-hoffman,Dustin Hoffman,1937,ACTOR,United States,M,93,80.69,https://en.wikipedia.org/?curid=42148,unresearched,unverified_candidate,Ranked for research discovery; HPI is not evidence of early success.
57,candidate-0057-charles-aznavour,Charles Aznavour,1924,SINGER,France,M,81,80.66,https://en.wikipedia.org/?curid=91345,unresearched,unverified_candidate,Ranked for research discovery; HPI is not evidence of early success.
58,candidate-0058-garrincha,Garrincha,1933,SOCCER PLAYER,Brazil,M,72,80.60,https://en.wikipedia.org/?curid=700574,unresearched,unverified_candidate,Ranked for research discovery; HPI is not evidence of early success.
59,candidate-0059-elizabeth-taylor,Elizabeth Taylor,1932,ACTOR,United Kingdom,F,114,80.56,https://en.wikipedia.org/?curid=42357,unresearched,unverified_candidate,Ranked for research discovery; HPI is not evidence of early success.
60,candidate-0060-marvin-gaye,Marvin Gaye,1939,SINGER,United States,M,71,80.56,https://en.wikipedia.org/?curid=147995,unresearched,unverified_candidate,Ranked for research discovery; HPI is not evidence of early success.
61,candidate-0061-vince-mcmahon,Vince McMahon,1945,BUSINESSPERSON,United States,M,49,80.55,https://en.wikipedia.org/?curid=303951,unresearched,unverified_candidate,Ranked for research discovery; HPI is not evidence of early success.
62,candidate-0062-bud-spencer,Bud Spencer,1929,ACTOR,Italy,M,67,80.54,https://en.wikipedia.org/?curid=47473569,unresearched,unverified_candidate,Ranked for research discovery; HPI is not evidence of early success.
63,candidate-0063-bruce-willis,Bruce Willis,1955,ACTOR,Germany,M,104,80.48,https://en.wikipedia.org/?curid=64673,unresearched,unverified_candidate,Ranked for research discovery; HPI is not evidence of early success.
64,candidate-0064-günter-grass,Günter Grass,1927,WRITER,Poland,M,113,80.42,https://en.wikipedia.org/?curid=23473348,unresearched,unverified_candidate,Ranked for research discovery; HPI is not evidence of early success.
65,candidate-0065-haruki-murakami,Haruki Murakami,1949,WRITER,Japan,M,95,80.40,https://en.wikipedia.org/?curid=229198,unresearched,unverified_candidate,Ranked for research discovery; HPI is not evidence of early success.
66,candidate-0066-charles-bukowski,Charles Bukowski,1920,WRITER,Germany,M,77,80.23,https://en.wikipedia.org/?curid=59600,unresearched,unverified_candidate,Ranked for research discovery; HPI is not evidence of early success.
67,candidate-0067-marcello-mastroianni,Marcello Mastroianni,1924,ACTOR,Italy,M,83,80.21,https://en.wikipedia.org/?curid=161870,unresearched,unverified_candidate,Ranked for research discovery; HPI is not evidence of early success.
68,candidate-0068-leonard-cohen,Leonard Cohen,1934,MUSICIAN,Canada,M,109,80.10,https://en.wikipedia.org/?curid=19965375,unresearched,unverified_candidate,Ranked for research discovery; HPI is not evidence of early success.
69,candidate-0069-debbie-reynolds,Debbie Reynolds,1932,ACTOR,United States,F,79,80.02,https://en.wikipedia.org/?curid=70315,unresearched,unverified_candidate,Ranked for research discovery; HPI is not evidence of early success.
70,candidate-0070-paul-newman,Paul Newman,1925,ACTOR,United States,M,94,79.93,https://en.wikipedia.org/?curid=49706,unresearched,unverified_candidate,Ranked for research discovery; HPI is not evidence of early success.
71,candidate-0071-yukio-mishima,Yukio Mishima,1925,WRITER,Japan,M,95,79.92,https://en.wikipedia.org/?curid=101631,unresearched,unverified_candidate,Ranked for research discovery; HPI is not evidence of early success.
72,candidate-0072-charles-bronson,Charles Bronson,1921,ACTOR,United States,M,93,79.90,https://en.wikipedia.org/?curid=208200,unresearched,unverified_candidate,Ranked for research discovery; HPI is not evidence of early success.
73,candidate-0073-adriano-celentano,Adriano Celentano,1938,SINGER,Italy,M,78,79.87,https://en.wikipedia.org/?curid=372898,unresearched,unverified_candidate,Ranked for research discovery; HPI is not evidence of early success.
74,candidate-0074-roman-polanski,Roman Polanski,1933,FILM DIRECTOR,France,M,92,79.81,https://en.wikipedia.org/?curid=25428,unresearched,unverified_candidate,Ranked for research discovery; HPI is not evidence of early success.
75,candidate-0075-gina-lollobrigida,Gina Lollobrigida,1927,ACTOR,Italy,F,74,79.72,https://en.wikipedia.org/?curid=292315,unresearched,unverified_candidate,Ranked for research discovery; HPI is not evidence of early success.
76,candidate-0076-pier-paolo-pasolini,Pier Paolo Pasolini,1922,FILM DIRECTOR,Italy,M,78,79.68,https://en.wikipedia.org/?curid=168255,unresearched,unverified_candidate,Ranked for research discovery; HPI is not evidence of early success.
77,candidate-0077-david-j-thouless,David J. Thouless,1934,PHYSICIST,United Kingdom,M,65,79.67,https://en.wikipedia.org/?curid=5583178,unresearched,unverified_candidate,Ranked for research discovery; HPI is not evidence of early success.
78,candidate-0078-terence-hill,Terence Hill,1939,ACTOR,Italy,M,58,79.59,https://en.wikipedia.org/?curid=30278,unresearched,unverified_candidate,Ranked for research discovery; HPI is not evidence of early success.
79,candidate-0079-dalida,Dalida,1933,SINGER,Egypt,F,66,79.51,https://en.wikipedia.org/?curid=145584,unresearched,unverified_candidate,Ranked for research discovery; HPI is not evidence of early success.
80,candidate-0080-christopher-lee,Christopher Lee,1922,ACTOR,United Kingdom,M,104,79.50,https://en.wikipedia.org/?curid=53494,unresearched,unverified_candidate,Ranked for research discovery; HPI is not evidence of early success.
81,candidate-0081-philip-warren-anderson,Philip Warren Anderson,1923,PHYSICIST,United States,M,67,79.35,https://en.wikipedia.org/?curid=396694,unresearched,unverified_candidate,Ranked for research discovery; HPI is not evidence of early success.
82,candidate-0082-woody-allen,Woody Allen,1935,FILM DIRECTOR,United States,M,111,79.34,https://en.wikipedia.org/?curid=32901,unresearched,unverified_candidate,Ranked for research discovery; HPI is not evidence of early success.
83,candidate-0083-harrison-ford,Harrison Ford,1942,ACTOR,United States,M,100,79.27,https://en.wikipedia.org/?curid=44059,unresearched,unverified_candidate,Ranked for research discovery; HPI is not evidence of early success.
84,candidate-0084-montserrat-caballé,Montserrat Caballé,1933,SINGER,Spain,F,77,79.27,https://en.wikipedia.org/?curid=614825,unresearched,unverified_candidate,Ranked for research discovery; HPI is not evidence of early success.
85,candidate-0085-tomas-tranströmer,Tomas Tranströmer,1931,WRITER,Sweden,M,97,79.26,https://en.wikipedia.org/?curid=1091130,unresearched,unverified_candidate,Ranked for research discovery; HPI is not evidence of early success.
86,candidate-0086-chuck-norris,Chuck Norris,1940,ACTOR,United States,M,83,79.26,https://en.wikipedia.org/?curid=162617,unresearched,unverified_candidate,Ranked for research discovery; HPI is not evidence of early success.
87,candidate-0087-rosalind-franklin,Rosalind Franklin,1920,BIOLOGIST,United Kingdom,F,94,79.24,https://en.wikipedia.org/?curid=90472,unresearched,unverified_candidate,Ranked for research discovery; HPI is not evidence of early success.
88,candidate-0088-toshiro-mifune,Toshiro Mifune,1920,ACTOR,China,M,121,79.11,https://en.wikipedia.org/?curid=139098,unresearched,unverified_candidate,Ranked for research discovery; HPI is not evidence of early success.
89,candidate-0089-alan-rickman,Alan Rickman,1946,ACTOR,United Kingdom,M,84,79.04,https://en.wikipedia.org/?curid=39879,unresearched,unverified_candidate,Ranked for research discovery; HPI is not evidence of early success.
90,candidate-0090-k-alex-müller,K. Alex Müller,1927,PHYSICIST,Switzerland,M,66,78.96,https://en.wikipedia.org/?curid=7790420,unresearched,unverified_candidate,Ranked for research discovery; HPI is not evidence of early success.
91,candidate-0091-wisława-szymborska,Wisława Szymborska,1923,WRITER,Poland,F,101,78.89,https://en.wikipedia.org/?curid=33290,unresearched,unverified_candidate,Ranked for research discovery; HPI is not evidence of early success.
92,candidate-0092-liam-neeson,Liam Neeson,1952,ACTOR,United Kingdom,M,87,78.88,https://en.wikipedia.org/?curid=64182,unresearched,unverified_candidate,Ranked for research discovery; HPI is not evidence of early success.
93,candidate-0093-florentino-pérez,Florentino Pérez,1947,BUSINESSPERSON,Spain,M,52,78.86,https://en.wikipedia.org/?curid=2919782,unresearched,unverified_candidate,Ranked for research discovery; HPI is not evidence of early success.
94,candidate-0094-james-dean,James Dean,1931,ACTOR,United States,M,90,78.85,https://en.wikipedia.org/?curid=18622157,unresearched,unverified_candidate,Ranked for research discovery; HPI is not evidence of early success.
95,candidate-0095-steven-seagal,Steven Seagal,1952,ACTOR,United States,M,122,78.84,https://en.wikipedia.org/?curid=67404,unresearched,unverified_candidate,Ranked for research discovery; HPI is not evidence of early success.
96,candidate-0096-anna-wintour,Anna Wintour,1949,WRITER,United Kingdom,F,49,78.83,https://en.wikipedia.org/?curid=730578,unresearched,unverified_candidate,Ranked for research discovery; HPI is not evidence of early success.
97,candidate-0097-tina-turner,Tina Turner,1939,SINGER,United States,F,98,78.83,https://en.wikipedia.org/?curid=82061,unresearched,unverified_candidate,Ranked for research discovery; HPI is not evidence of early success.
98,candidate-0098-pedro-almodóvar,Pedro Almodóvar,1949,FILM DIRECTOR,Spain,M,81,78.76,https://en.wikipedia.org/?curid=5195275,unresearched,unverified_candidate,Ranked for research discovery; HPI is not evidence of early success.
99,candidate-0099-norman-foster-baron-foster-of-thames-bank,"Norman Foster, Baron Foster of Thames Bank",1935,ARCHITECT,United Kingdom,M,64,78.70,https://en.wikipedia.org/?curid=21641,unresearched,unverified_candidate,Ranked for research discovery; HPI is not evidence of early success.
100,candidate-0100-ridley-scott,Ridley Scott,1937,FILM DIRECTOR,United Kingdom,M,79,78.61,https://en.wikipedia.org/?curid=25493,unresearched,unverified_candidate,Ranked for research discovery; HPI is not evidence of early success.
101,candidate-0101-sheldon-lee-glashow,Sheldon Lee Glashow,1932,PHYSICIST,United States,M,67,78.53,https://en.wikipedia.org/?curid=396721,unresearched,unverified_candidate,Ranked for research discovery; HPI is not evidence of early success.
102,candidate-0102-steve-mcqueen,Steve McQueen,1930,ACTOR,United States,M,73,78.50,https://en.wikipedia.org/?curid=144829,unresearched,unverified_candidate,Ranked for research discovery; HPI is not evidence of early success.
103,candidate-0103-zaha-hadid,Zaha Hadid,1950,ARCHITECT,Iraq,F,82,78.46,https://en.wikipedia.org/?curid=513402,unresearched,unverified_candidate,Ranked for research discovery; HPI is not evidence of early success.
104,candidate-0104-vin-diesel,Vin Diesel,1967,ACTOR,United States,M,98,78.43,https://en.wikipedia.org/?curid=415175,unresearched,unverified_candidate,Ranked for research discovery; HPI is not evidence of early success.
105,candidate-0105-debbie-harry,Debbie Harry,1945,SINGER,United States,F,48,78.41,https://en.wikipedia.org/?curid=15803791,unresearched,unverified_candidate,Ranked for research discovery; HPI is not evidence of early success.
106,candidate-0106-tom-selleck,Tom Selleck,1945,ACTOR,United States,M,51,78.39,https://en.wikipedia.org/?curid=277451,unresearched,unverified_candidate,Ranked for research discovery; HPI is not evidence of early success.
107,candidate-0107-robert-edwards,Robert Edwards,1925,BIOLOGIST,United Kingdom,M,71,78.39,https://en.wikipedia.org/?curid=1675976,unresearched,unverified_candidate,Ranked for research discovery; HPI is not evidence of early success.
108,candidate-0108-orhan-pamuk,Orhan Pamuk,1952,WRITER,Türkiye,M,113,78.34,https://en.wikipedia.org/?curid=403520,unresearched,unverified_candidate,Ranked for research discovery; HPI is not evidence of early success.
109,candidate-0109-judy-garland,Judy Garland,1922,ACTOR,United States,F,126,78.32,https://en.wikipedia.org/?curid=58719,unresearched,unverified_candidate,Ranked for research discovery; HPI is not evidence of early success.
110,candidate-0110-mark-knopfler,Mark Knopfler,1949,MUSICIAN,United Kingdom,M,52,78.32,https://en.wikipedia.org/?curid=199158,unresearched,unverified_candidate,Ranked for research discovery; HPI is not evidence of early success.
111,candidate-0111-bob-ross,Bob Ross,1942,PAINTER,United States,M,43,78.29,https://en.wikipedia.org/?curid=50436882,unresearched,unverified_candidate,Ranked for research discovery; HPI is not evidence of early success.
112,candidate-0112-imre-kertész,Imre Kertész,1929,WRITER,Hungary,M,90,78.20,https://en.wikipedia.org/?curid=105311,unresearched,unverified_candidate,Ranked for research discovery; HPI is not evidence of early success.
113,candidate-0113-david-woodard,David Woodard,1964,WRITER,United States,M,335,78.20,https://en.wikipedia.org/?curid=42125274,unresearched,unverified_candidate,Ranked for research discovery; HPI is not evidence of early success.
114,candidate-0114-andrei-tarkovsky,Andrei Tarkovsky,1932,FILM DIRECTOR,Russia,M,80,78.16,https://en.wikipedia.org/?curid=676,unresearched,unverified_candidate,Ranked for research discovery; HPI is not evidence of early success.
115,candidate-0115-sergio-leone,Sergio Leone,1929,FILM DIRECTOR,Italy,M,76,78.14,https://en.wikipedia.org/?curid=38772,unresearched,unverified_candidate,Ranked for research discovery; HPI is not evidence of early success.
116,candidate-0116-svetlana-alexievich,Svetlana Alexievich,1948,WRITER,Ukraine,F,98,78.14,https://en.wikipedia.org/?curid=8207719,unresearched,unverified_candidate,Ranked for research discovery; HPI is not evidence of early success.
117,candidate-0117-andrei-sakharov,Andrei Sakharov,1921,PHYSICIST,Russia,M,95,78.11,https://en.wikipedia.org/?curid=2786,unresearched,unverified_candidate,Ranked for research discovery; HPI is not evidence of early success.
118,candidate-0118-brad-pitt,Brad Pitt,1963,ACTOR,United States,M,127,78.07,https://en.wikipedia.org/?curid=44849,unresearched,unverified_candidate,Ranked for research discovery; HPI is not evidence of early success.
119,candidate-0119-omar-sharif,Omar Sharif,1932,ACTOR,Egypt,M,81,78.05,https://en.wikipedia.org/?curid=189930,unresearched,unverified_candidate,Ranked for research discovery; HPI is not evidence of early success.
120,candidate-0120-satoshi-nakamoto,Satoshi Nakamoto,1975,COMPUTER SCIENTIST,Japan,M,54,78.04,https://en.wikipedia.org/?curid=30128660,unresearched,unverified_candidate,Ranked for research discovery; HPI is not evidence of early success.
121,candidate-0121-ed-asner,Ed Asner,1929,ACTOR,United States,M,79,78.02,https://en.wikipedia.org/?curid=594844,unresearched,unverified_candidate,Ranked for research discovery; HPI is not evidence of early success.
122,candidate-0122-boris-spassky,Boris Spassky,1937,CHESS PLAYER,Russia,M,73,78.00,https://en.wikipedia.org/?curid=63280,unresearched,unverified_candidate,Ranked for research discovery; HPI is not evidence of early success.
123,candidate-0123-denzel-washington,Denzel Washington,1954,ACTOR,United States,M,98,77.95,https://en.wikipedia.org/?curid=100692,unresearched,unverified_candidate,Ranked for research discovery; HPI is not evidence of early success.
124,candidate-0124-maggie-smith,Maggie Smith,1934,ACTOR,United Kingdom,F,90,77.94,https://en.wikipedia.org/?curid=82765,unresearched,unverified_candidate,Ranked for research discovery; HPI is not evidence of early success.
125,candidate-0125-bernard-arnault,Bernard Arnault,1949,BUSINESSPERSON,France,M,58,77.91,https://en.wikipedia.org/?curid=882504,unresearched,unverified_candidate,Ranked for research discovery; HPI is not evidence of early success.
126,candidate-0126-francis-ford-coppola,Francis Ford Coppola,1939,FILM DIRECTOR,United States,M,90,77.90,https://en.wikipedia.org/?curid=10576,unresearched,unverified_candidate,Ranked for research discovery; HPI is not evidence of early success.
127,candidate-0127-robert-redford,Robert Redford,1936,ACTOR,United States,M,76,77.89,https://en.wikipedia.org/?curid=61982,unresearched,unverified_candidate,Ranked for research discovery; HPI is not evidence of early success.
128,candidate-0128-jon-voight,Jon Voight,1938,ACTOR,United States,M,94,77.83,https://en.wikipedia.org/?curid=16521,unresearched,unverified_candidate,Ranked for research discovery; HPI is not evidence of early success.
129,candidate-0129-ian-mckellen,Ian McKellen,1939,ACTOR,United Kingdom,M,77,77.80,https://en.wikipedia.org/?curid=15308,unresearched,unverified_candidate,Ranked for research discovery; HPI is not evidence of early success.
130,candidate-0130-leslie-nielsen,Leslie Nielsen,1926,ACTOR,Canada,M,72,77.80,https://en.wikipedia.org/?curid=55014,unresearched,unverified_candidate,Ranked for research discovery; HPI is not evidence of early success.
131,candidate-0131-kevin-costner,Kevin Costner,1955,ACTOR,United States,M,102,77.79,https://en.wikipedia.org/?curid=144152,unresearched,unverified_candidate,Ranked for research discovery; HPI is not evidence of early success.
132,candidate-0132-rudolf-nureyev,Rudolf Nureyev,1938,DANCER,Russia,M,66,77.75,https://en.wikipedia.org/?curid=335179,unresearched,unverified_candidate,Ranked for research discovery; HPI is not evidence of early success.
133,candidate-0133-astor-piazzolla,Astor Piazzolla,1921,COMPOSER,Argentina,M,57,77.67,https://en.wikipedia.org/?curid=44903,unresearched,unverified_candidate,Ranked for research discovery; HPI is not evidence of early success.
134,candidate-0134-chinghiz-aitmatov,Chinghiz Aitmatov,1928,WRITER,Kyrgyzstan,M,83,77.57,https://en.wikipedia.org/?curid=759424,unresearched,unverified_candidate,Ranked for research discovery; HPI is not evidence of early success.
135,candidate-0135-françois-truffaut,François Truffaut,1932,FILM DIRECTOR,France,M,80,77.56,https://en.wikipedia.org/?curid=10770,unresearched,unverified_candidate,Ranked for research discovery; HPI is not evidence of early success.
136,candidate-0136-stanisław-lem,Stanisław Lem,1921,WRITER,Ukraine,M,79,77.56,https://en.wikipedia.org/?curid=26790,unresearched,unverified_candidate,Ranked for research discovery; HPI is not evidence of early success.
137,candidate-0137-michael-caine,Michael Caine,1933,ACTOR,United Kingdom,M,97,77.56,https://en.wikipedia.org/?curid=61479,unresearched,unverified_candidate,Ranked for research discovery; HPI is not evidence of early success.
138,candidate-0138-annie-ernaux,Annie Ernaux,1940,WRITER,France,F,82,77.55,https://en.wikipedia.org/?curid=3854049,unresearched,unverified_candidate,Ranked for research discovery; HPI is not evidence of early success.
139,candidate-0139-joseph-hooton-taylor-jr,Joseph Hooton Taylor Jr.,1941,ASTRONOMER,United States,M,66,77.51,https://en.wikipedia.org/?curid=499509,unresearched,unverified_candidate,Ranked for research discovery; HPI is not evidence of early success.
140,candidate-0140-andrea-bocelli,Andrea Bocelli,1958,SINGER,Italy,M,91,77.51,https://en.wikipedia.org/?curid=451281,unresearched,unverified_candidate,Ranked for research discovery; HPI is not evidence of early success.
141,candidate-0141-miloš-forman,Miloš Forman,1932,FILM DIRECTOR,Czechia,M,77,77.43,https://en.wikipedia.org/?curid=51333,unresearched,unverified_candidate,Ranked for research discovery; HPI is not evidence of early success.
142,candidate-0142-serge-gainsbourg,Serge Gainsbourg,1928,SINGER,France,M,60,77.43,https://en.wikipedia.org/?curid=79505,unresearched,unverified_candidate,Ranked for research discovery; HPI is not evidence of early success.
143,candidate-0143-ray-bradbury,Ray Bradbury,1920,WRITER,United States,M,91,77.38,https://en.wikipedia.org/?curid=26181,unresearched,unverified_candidate,Ranked for research discovery; HPI is not evidence of early success.
144,candidate-0144-toto-cutugno,Toto Cutugno,1943,SINGER,Italy,M,74,77.36,https://en.wikipedia.org/?curid=263914,unresearched,unverified_candidate,Ranked for research discovery; HPI is not evidence of early success.
145,candidate-0145-cesária-évora,Cesária Évora,1941,SINGER,Cabo Verde,F,65,77.35,https://en.wikipedia.org/?curid=8611104,unresearched,unverified_candidate,Ranked for research discovery; HPI is not evidence of early success.
146,candidate-0146-f-sherwood-rowland,F. Sherwood Rowland,1927,CHEMIST,United States,M,57,77.30,https://en.wikipedia.org/?curid=637217,unresearched,unverified_candidate,Ranked for research discovery; HPI is not evidence of early success.
147,candidate-0147-johnny-cash,Johnny Cash,1932,SINGER,United States,M,106,77.25,https://en.wikipedia.org/?curid=11983070,unresearched,unverified_candidate,Ranked for research discovery; HPI is not evidence of early success.
148,candidate-0148-truman-capote,Truman Capote,1924,WRITER,United States,M,77,77.19,https://en.wikipedia.org/?curid=155736,unresearched,unverified_candidate,Ranked for research discovery; HPI is not evidence of early success.
149,candidate-0149-richard-chamberlain,Richard Chamberlain,1934,ACTOR,United States,M,54,77.12,https://en.wikipedia.org/?curid=320723,unresearched,unverified_candidate,Ranked for research discovery; HPI is not evidence of early success.
150,candidate-0150-giorgio-armani,Giorgio Armani,1934,DESIGNER,Italy,M,52,77.04,https://en.wikipedia.org/?curid=406617,unresearched,unverified_candidate,Ranked for research discovery; HPI is not evidence of early success.
151,candidate-0151-jean-luc-godard,Jean-Luc Godard,1930,FILM DIRECTOR,France,M,75,77.02,https://en.wikipedia.org/?curid=60368,unresearched,unverified_candidate,Ranked for research discovery; HPI is not evidence of early success.
152,candidate-0152-tim-cook,Tim Cook,1960,BUSINESSPERSON,United States,M,64,76.97,https://en.wikipedia.org/?curid=46878774,unresearched,unverified_candidate,Ranked for research discovery; HPI is not evidence of early success.
153,candidate-0153-nico,Nico,1938,SINGER,Germany,F,48,76.91,https://en.wikipedia.org/?curid=59536,unresearched,unverified_candidate,Ranked for research discovery; HPI is not evidence of early success.
154,candidate-0154-agnetha-fältskog,Agnetha Fältskog,1950,SINGER,Sweden,F,75,76.85,https://en.wikipedia.org/?curid=212686,unresearched,unverified_candidate,Ranked for research discovery; HPI is not evidence of early success.
155,candidate-0155-allan-macleod-cormack,Allan MacLeod Cormack,1924,PHYSICIST,South Africa,M,56,76.80,https://en.wikipedia.org/?curid=883598,unresearched,unverified_candidate,Ranked for research discovery; HPI is not evidence of early success.
156,candidate-0156-charlton-heston,Charlton Heston,1923,ACTOR,United States,M,81,76.75,https://en.wikipedia.org/?curid=46165,unresearched,unverified_candidate,Ranked for research discovery; HPI is not evidence of early success.
157,candidate-0157-sting,Sting,1951,MUSICIAN,United Kingdom,M,78,76.75,https://en.wikipedia.org/?curid=83312,unresearched,unverified_candidate,Ranked for research discovery; HPI is not evidence of early success.
158,candidate-0158-sigourney-weaver,Sigourney Weaver,1949,ACTOR,United States,F,107,76.75,https://en.wikipedia.org/?curid=64965,unresearched,unverified_candidate,Ranked for research discovery; HPI is not evidence of early success.
159,candidate-0159-dario-fo,Dario Fo,1926,WRITER,Italy,M,96,76.74,https://en.wikipedia.org/?curid=176791,unresearched,unverified_candidate,Ranked for research discovery; HPI is not evidence of early success.
160,candidate-0160-joseph-heller,Joseph Heller,1923,WRITER,United States,M,53,76.72,https://en.wikipedia.org/?curid=9647127,unresearched,unverified_candidate,Ranked for research discovery; HPI is not evidence of early success.
161,candidate-0161-donald-sutherland,Donald Sutherland,1935,ACTOR,Canada,M,87,76.71,https://en.wikipedia.org/?curid=129237,unresearched,unverified_candidate,Ranked for research discovery; HPI is not evidence of early success.
162,candidate-0162-john-holmes,John Holmes,1944,ACTOR,United States,M,33,76.70,https://en.wikipedia.org/?curid=88489,unresearched,unverified_candidate,Ranked for research discovery; HPI is not evidence of early success.
163,candidate-0163-j-k-rowling,J. K. Rowling,1965,WRITER,United Kingdom,F,133,76.63,https://en.wikipedia.org/?curid=16027,unresearched,unverified_candidate,Ranked for research discovery; HPI is not evidence of early success.
164,candidate-0164-herta-müller,Herta Müller,1953,WRITER,Romania,F,107,76.59,https://en.wikipedia.org/?curid=6151067,unresearched,unverified_candidate,Ranked for research discovery; HPI is not evidence of early success.
165,candidate-0165-georg-bednorz,Georg Bednorz,1950,PHYSICIST,Germany,M,69,76.58,https://en.wikipedia.org/?curid=7710506,unresearched,unverified_candidate,Ranked for research discovery; HPI is not evidence of early success.
166,candidate-0166-bobby-charlton,Bobby Charlton,1937,SOCCER PLAYER,United Kingdom,M,75,76.54,https://en.wikipedia.org/?curid=4224,unresearched,unverified_candidate,Ranked for research discovery; HPI is not evidence of early success.
167,candidate-0167-kanye-west,Kanye West,1977,SINGER,United States,M,91,76.53,https://en.wikipedia.org/?curid=523032,unresearched,unverified_candidate,Ranked for research discovery; HPI is not evidence of early success.
168,candidate-0168-diane-keaton,Diane Keaton,1946,ACTOR,United States,F,82,76.49,https://en.wikipedia.org/?curid=202664,unresearched,unverified_candidate,Ranked for research discovery; HPI is not evidence of early success.
169,candidate-0169-venkatraman-ramakrishnan,Venkatraman Ramakrishnan,1952,CHEMIST,India,M,70,76.44,https://en.wikipedia.org/?curid=3421751,unresearched,unverified_candidate,Ranked for research discovery; HPI is not evidence of early success.
170,candidate-0170-claudio-abbado,Claudio Abbado,1933,CONDUCTOR,Italy,M,60,76.41,https://en.wikipedia.org/?curid=251379,unresearched,unverified_candidate,Ranked for research discovery; HPI is not evidence of early success.
171,candidate-0171-beyoncé,Beyoncé,1981,SINGER,United States,F,150,76.38,https://en.wikipedia.org/?curid=83688,unresearched,unverified_candidate,Ranked for research discovery; HPI is not evidence of early success.
172,candidate-0172-peter-falk,Peter Falk,1927,ACTOR,United States,M,57,76.38,https://en.wikipedia.org/?curid=23725,unresearched,unverified_candidate,Ranked for research discovery; HPI is not evidence of early success.
173,candidate-0173-karlheinz-stockhausen,Karlheinz Stockhausen,1928,COMPOSER,Germany,M,57,76.38,https://en.wikipedia.org/?curid=17268,unresearched,unverified_candidate,Ranked for research discovery; HPI is not evidence of early success.
174,candidate-0174-samuel-l-jackson,Samuel L. Jackson,1948,ACTOR,United States,M,84,76.35,https://en.wikipedia.org/?curid=54306,unresearched,unverified_candidate,Ranked for research discovery; HPI is not evidence of early success.
175,candidate-0175-barbra-streisand,Barbra Streisand,1942,SINGER,United States,F,91,76.35,https://en.wikipedia.org/?curid=72336,unresearched,unverified_candidate,Ranked for research discovery; HPI is not evidence of early success.
176,candidate-0176-roger-moore,Roger Moore,1927,ACTOR,United Kingdom,M,86,76.34,https://en.wikipedia.org/?curid=174716,unresearched,unverified_candidate,Ranked for research discovery; HPI is not evidence of early success.
177,candidate-0177-joe-jackson,Joe Jackson,1928,MUSICIAN,United States,M,36,76.31,https://en.wikipedia.org/?curid=1442176,unresearched,unverified_candidate,Ranked for research discovery; HPI is not evidence of early success.
178,candidate-0178-ray-charles,Ray Charles,1930,MUSICIAN,United States,M,87,76.30,https://en.wikipedia.org/?curid=147311,unresearched,unverified_candidate,Ranked for research discovery; HPI is not evidence of early success.
179,candidate-0179-andré-rieu,André Rieu,1949,MUSICIAN,Netherlands,M,44,76.28,https://en.wikipedia.org/?curid=1351589,unresearched,unverified_candidate,Ranked for research discovery; HPI is not evidence of early success.
180,candidate-0180-jane-fonda,Jane Fonda,1937,ACTOR,United States,F,93,76.25,https://en.wikipedia.org/?curid=63520,unresearched,unverified_candidate,Ranked for research discovery; HPI is not evidence of early success.
181,candidate-0181-bill-paxton,Bill Paxton,1955,ACTOR,United States,M,63,76.24,https://en.wikipedia.org/?curid=303960,unresearched,unverified_candidate,Ranked for research discovery; HPI is not evidence of early success.
182,candidate-0182-gao-xingjian,Gao Xingjian,1940,WRITER,China,M,92,76.23,https://en.wikipedia.org/?curid=190441,unresearched,unverified_candidate,Ranked for research discovery; HPI is not evidence of early success.
183,candidate-0183-keanu-reeves,Keanu Reeves,1964,ACTOR,Lebanon,M,106,76.23,https://en.wikipedia.org/?curid=16603,unresearched,unverified_candidate,Ranked for research discovery; HPI is not evidence of early success.
184,candidate-0184-barry-barish,Barry Barish,1936,PHYSICIST,United States,M,56,76.20,https://en.wikipedia.org/?curid=36535054,unresearched,unverified_candidate,Ranked for research discovery; HPI is not evidence of early success.
185,candidate-0185-isabel-allende,Isabel Allende,1942,WRITER,Peru,F,73,76.20,https://en.wikipedia.org/?curid=157994,unresearched,unverified_candidate,Ranked for research discovery; HPI is not evidence of early success.
186,candidate-0186-tony-curtis,Tony Curtis,1925,ACTOR,United States,M,73,76.20,https://en.wikipedia.org/?curid=68375,unresearched,unverified_candidate,Ranked for research discovery; HPI is not evidence of early success.
187,candidate-0187-kenzaburō-ōe,Kenzaburō Ōe,1935,WRITER,Japan,M,95,76.20,https://en.wikipedia.org/?curid=312501,unresearched,unverified_candidate,Ranked for research discovery; HPI is not evidence of early success.
188,candidate-0188-yves-montand,Yves Montand,1921,ACTOR,Italy,M,63,76.18,https://en.wikipedia.org/?curid=70666,unresearched,unverified_candidate,Ranked for research discovery; HPI is not evidence of early success.
189,candidate-0189-yoshinori-ohsumi,Yoshinori Ohsumi,1945,BIOLOGIST,Japan,M,69,76.17,https://en.wikipedia.org/?curid=37674837,unresearched,unverified_candidate,Ranked for research discovery; HPI is not evidence of early success.
190,candidate-0190-eckhart-tolle,Eckhart Tolle,1948,WRITER,Germany,M,46,76.13,https://en.wikipedia.org/?curid=1338466,unresearched,unverified_candidate,Ranked for research discovery; HPI is not evidence of early success.
191,candidate-0191-ben-roy-mottelson,Ben Roy Mottelson,1926,PHYSICIST,United States,M,65,76.12,https://en.wikipedia.org/?curid=396657,unresearched,unverified_candidate,Ranked for research discovery; HPI is not evidence of early success.
192,candidate-0192-christopher-plummer,Christopher Plummer,1929,ACTOR,Canada,M,94,76.12,https://en.wikipedia.org/?curid=343134,unresearched,unverified_candidate,Ranked for research discovery; HPI is not evidence of early success.
193,candidate-0193-gwyneth-paltrow,Gwyneth Paltrow,1972,ACTOR,United States,F,118,76.11,https://en.wikipedia.org/?curid=42621,unresearched,unverified_candidate,Ranked for research discovery; HPI is not evidence of early success.
194,candidate-0194-jeffrey-epstein,Jeffrey Epstein,1953,BUSINESSPERSON,United States,M,51,76.09,https://en.wikipedia.org/?curid=6253522,unresearched,unverified_candidate,Ranked for research discovery; HPI is not evidence of early success.
195,candidate-0195-axl-rose,Axl Rose,1962,SINGER,United States,M,56,76.08,https://en.wikipedia.org/?curid=150056,unresearched,unverified_candidate,Ranked for research discovery; HPI is not evidence of early success.
196,candidate-0196-raul-julia,Raul Julia,1940,ACTOR,Puerto Rico,M,43,76.05,https://en.wikipedia.org/?curid=347344,unresearched,unverified_candidate,Ranked for research discovery; HPI is not evidence of early success.
197,candidate-0197-helen-mirren,Helen Mirren,1945,ACTOR,United Kingdom,F,87,76.04,https://en.wikipedia.org/?curid=230698,unresearched,unverified_candidate,Ranked for research discovery; HPI is not evidence of early success.
198,candidate-0198-steve-ballmer,Steve Ballmer,1956,BUSINESSPERSON,United States,M,58,76.00,https://en.wikipedia.org/?curid=29656,unresearched,unverified_candidate,Ranked for research discovery; HPI is not evidence of early success.
199,candidate-0199-jane-birkin,Jane Birkin,1946,ACTOR,United Kingdom,F,57,75.97,https://en.wikipedia.org/?curid=84783,unresearched,unverified_candidate,Ranked for research discovery; HPI is not evidence of early success.
200,candidate-0200-tommy-lee-jones,Tommy Lee Jones,1946,ACTOR,United States,M,75,75.92,https://en.wikipedia.org/?curid=248127,unresearched,unverified_candidate,Ranked for research discovery; HPI is not evidence of early success.
201,candidate-0201-emil-zátopek,Emil Zátopek,1922,ATHLETE,Czechia,M,55,75.90,https://en.wikipedia.org/?curid=483294,unresearched,unverified_candidate,Ranked for research discovery; HPI is not evidence of early success.
202,candidate-0202-francisco-gento,Francisco Gento,1933,SOCCER PLAYER,Spain,M,50,75.90,https://en.wikipedia.org/?curid=78941,unresearched,unverified_candidate,Ranked for research discovery; HPI is not evidence of early success.
203,candidate-0203-jay-z,Jay-Z,1969,SINGER,United States,M,77,75.88,https://en.wikipedia.org/?curid=162870,unresearched,unverified_candidate,Ranked for research discovery; HPI is not evidence of early success.
204,candidate-0204-nana-mouskouri,Nana Mouskouri,1934,SINGER,Greece,F,66,75.87,https://en.wikipedia.org/?curid=1196068,unresearched,unverified_candidate,Ranked for research discovery; HPI is not evidence of early success.
205,candidate-0205-paul-auster,Paul Auster,1947,WRITER,United States,M,59,75.86,https://en.wikipedia.org/?curid=25022,unresearched,unverified_candidate,Ranked for research discovery; HPI is not evidence of early success.
206,candidate-0206-donald-a-glaser,Donald A. Glaser,1926,PHYSICIST,United States,M,74,75.85,https://en.wikipedia.org/?curid=375390,unresearched,unverified_candidate,Ranked for research discovery; HPI is not evidence of early success.
207,candidate-0207-aage-bohr,Aage Bohr,1922,PHYSICIST,Denmark,M,77,75.84,https://en.wikipedia.org/?curid=2201,unresearched,unverified_candidate,Ranked for research discovery; HPI is not evidence of early success.
208,candidate-0208-scatman-john,Scatman John,1942,MUSICIAN,United States,M,47,75.82,https://en.wikipedia.org/?curid=558490,unresearched,unverified_candidate,Ranked for research discovery; HPI is not evidence of early success.
209,candidate-0209-klaus-kinski,Klaus Kinski,1926,ACTOR,Poland,M,56,75.81,https://en.wikipedia.org/?curid=211233,unresearched,unverified_candidate,Ranked for research discovery; HPI is not evidence of early success.
210,candidate-0210-brian-wilson,Brian Wilson,1942,MUSICIAN,United States,M,44,75.80,https://en.wikipedia.org/?curid=81425,unresearched,unverified_candidate,Ranked for research discovery; HPI is not evidence of early success.
211,candidate-0211-judi-dench,Judi Dench,1934,ACTOR,United Kingdom,F,86,75.79,https://en.wikipedia.org/?curid=85432,unresearched,unverified_candidate,Ranked for research discovery; HPI is not evidence of early success.
212,candidate-0212-mário-zagallo,Mário Zagallo,1931,SOCCER PLAYER,Brazil,M,58,75.76,https://en.wikipedia.org/?curid=677558,unresearched,unverified_candidate,Ranked for research discovery; HPI is not evidence of early success.
213,candidate-0213-amancio-ortega,Amancio Ortega,1936,BUSINESSPERSON,Spain,M,52,75.76,https://en.wikipedia.org/?curid=10841489,unresearched,unverified_candidate,Ranked for research discovery; HPI is not evidence of early success.
214,candidate-0214-mikhail-tal,Mikhail Tal,1936,CHESS PLAYER,Latvia,M,69,75.71,https://en.wikipedia.org/?curid=183145,unresearched,unverified_candidate,Ranked for research discovery; HPI is not evidence of early success.
215,candidate-0215-cesare-maldini,Cesare Maldini,1932,SOCCER PLAYER,Italy,M,47,75.66,https://en.wikipedia.org/?curid=1834973,unresearched,unverified_candidate,Ranked for research discovery; HPI is not evidence of early success.
216,candidate-0216-j-m-coetzee,J. M. Coetzee,1940,WRITER,South Africa,M,94,75.60,https://en.wikipedia.org/?curid=333250,unresearched,unverified_candidate,Ranked for research discovery; HPI is not evidence of early success.
217,candidate-0217-sebastião-salgado,Sebastião Salgado,1944,JOURNALIST,Brazil,M,43,75.59,https://en.wikipedia.org/?curid=340954,unresearched,unverified_candidate,Ranked for research discovery; HPI is not evidence of early success.
218,candidate-0218-ismail-kadare,Ismail Kadare,1936,WRITER,Albania,M,73,75.57,https://en.wikipedia.org/?curid=256668,unresearched,unverified_candidate,Ranked for research discovery; HPI is not evidence of early success.
219,candidate-0219-jacques-brel,Jacques Brel,1929,SINGER,Belgium,M,70,75.56,https://en.wikipedia.org/?curid=91751,unresearched,unverified_candidate,Ranked for research discovery; HPI is not evidence of early success.
220,candidate-0220-john-sulston,John Sulston,1942,BIOLOGIST,United Kingdom,M,53,75.52,https://en.wikipedia.org/?curid=711867,unresearched,unverified_candidate,Ranked for research discovery; HPI is not evidence of early success.
221,candidate-0221-richard-dawkins,Richard Dawkins,1941,BIOLOGIST,Kenya,M,97,75.49,https://en.wikipedia.org/?curid=25867,unresearched,unverified_candidate,Ranked for research discovery; HPI is not evidence of early success.
222,candidate-0222-luc-montagnier,Luc Montagnier,1932,BIOLOGIST,France,M,69,75.42,https://en.wikipedia.org/?curid=837251,unresearched,unverified_candidate,Ranked for research discovery; HPI is not evidence of early success.
223,candidate-0223-peter-higgs,Peter Higgs,1929,PHYSICIST,United Kingdom,M,87,75.42,https://en.wikipedia.org/?curid=339050,unresearched,unverified_candidate,Ranked for research discovery; HPI is not evidence of early success.
224,candidate-0224-pierre-boulez,Pierre Boulez,1925,COMPOSER,France,M,53,75.40,https://en.wikipedia.org/?curid=66592,unresearched,unverified_candidate,Ranked for research discovery; HPI is not evidence of early success.
225,candidate-0225-yayoi-kusama,Yayoi Kusama,1929,PAINTER,Japan,F,47,75.40,https://en.wikipedia.org/?curid=439159,unresearched,unverified_candidate,Ranked for research discovery; HPI is not evidence of early success.
226,candidate-0226-james-cameron,James Cameron,1954,FILM DIRECTOR,Canada,M,102,75.33,https://en.wikipedia.org/?curid=15622,unresearched,unverified_candidate,Ranked for research discovery; HPI is not evidence of early success.
227,candidate-0227-didi,Didi,1928,SOCCER PLAYER,Brazil,M,49,75.31,https://en.wikipedia.org/?curid=30871737,unresearched,unverified_candidate,Ranked for research discovery; HPI is not evidence of early success.
228,candidate-0228-italo-calvino,Italo Calvino,1923,WRITER,Cuba,M,68,75.31,https://en.wikipedia.org/?curid=14937,unresearched,unverified_candidate,Ranked for research discovery; HPI is not evidence of early success.
229,candidate-0229-heinrich-rohrer,Heinrich Rohrer,1933,PHYSICIST,Switzerland,M,67,75.31,https://en.wikipedia.org/?curid=7790184,unresearched,unverified_candidate,Ranked for research discovery; HPI is not evidence of early success.
230,candidate-0230-nadine-gordimer,Nadine Gordimer,1923,WRITER,South Africa,F,105,75.27,https://en.wikipedia.org/?curid=179599,unresearched,unverified_candidate,Ranked for research discovery; HPI is not evidence of early success.
231,candidate-0231-paul-celan,Paul Celan,1920,WRITER,Romania,M,51,75.26,https://en.wikipedia.org/?curid=242591,unresearched,unverified_candidate,Ranked for research discovery; HPI is not evidence of early success.
232,candidate-0232-peter-grünberg,Peter Grünberg,1939,PHYSICIST,Czechia,M,74,75.22,https://en.wikipedia.org/?curid=1805003,unresearched,unverified_candidate,Ranked for research discovery; HPI is not evidence of early success.
233,candidate-0233-abebe-bikila,Abebe Bikila,1932,ATHLETE,Ethiopia,M,59,75.20,https://en.wikipedia.org/?curid=671288,unresearched,unverified_candidate,Ranked for research discovery; HPI is not evidence of early success.
234,candidate-0234-jaggi-vasudev,Jaggi Vasudev,1957,WRITER,India,M,47,75.17,https://en.wikipedia.org/?curid=7451511,unresearched,unverified_candidate,Ranked for research discovery; HPI is not evidence of early success.
235,candidate-0235-mikis-theodorakis,Mikis Theodorakis,1925,COMPOSER,Greece,M,57,75.16,https://en.wikipedia.org/?curid=155035,unresearched,unverified_candidate,Ranked for research discovery; HPI is not evidence of early success.
236,candidate-0236-arvo-pärt,Arvo Pärt,1935,COMPOSER,Estonia,M,55,75.13,https://en.wikipedia.org/?curid=93783,unresearched,unverified_candidate,Ranked for research discovery; HPI is not evidence of early success.
237,candidate-0237-michael-ende,Michael Ende,1929,WRITER,Germany,M,58,75.11,https://en.wikipedia.org/?curid=100938,unresearched,unverified_candidate,Ranked for research discovery; HPI is not evidence of early success.
238,candidate-0238-friedrich-dürrenmatt,Friedrich Dürrenmatt,1921,WRITER,Switzerland,M,65,75.09,https://en.wikipedia.org/?curid=63179,unresearched,unverified_candidate,Ranked for research discovery; HPI is not evidence of early success.
239,candidate-0239-krzysztof-kieślowski,Krzysztof Kieślowski,1941,FILM DIRECTOR,Poland,M,63,75.06,https://en.wikipedia.org/?curid=155269,unresearched,unverified_candidate,Ranked for research discovery; HPI is not evidence of early success.
240,candidate-0240-svetlana-alliluyeva,Svetlana Alliluyeva,1926,WRITER,Russia,F,52,75.06,https://en.wikipedia.org/?curid=194342,unresearched,unverified_candidate,Ranked for research discovery; HPI is not evidence of early success.
241,candidate-0241-tim-berners-lee,Tim Berners-Lee,1955,COMPUTER SCIENTIST,United Kingdom,M,140,75.05,https://en.wikipedia.org/?curid=30034,unresearched,unverified_candidate,Ranked for research discovery; HPI is not evidence of early success.
242,candidate-0242-ernő-rubik,Ernő Rubik,1944,INVENTOR,Hungary,M,56,75.03,https://en.wikipedia.org/?curid=335331,unresearched,unverified_candidate,Ranked for research discovery; HPI is not evidence of early success.
243,candidate-0243-raymond-kopa,Raymond Kopa,1931,SOCCER PLAYER,France,M,55,75.03,https://en.wikipedia.org/?curid=615836,unresearched,unverified_candidate,Ranked for research discovery; HPI is not evidence of early success.
244,candidate-0244-albert-fert,Albert Fert,1938,PHYSICIST,France,M,73,74.95,https://en.wikipedia.org/?curid=1810816,unresearched,unverified_candidate,Ranked for research discovery; HPI is not evidence of early success.
245,candidate-0245-amos-oz,Amos Oz,1939,WRITER,Israel,M,53,74.93,https://en.wikipedia.org/?curid=330857,unresearched,unverified_candidate,Ranked for research discovery; HPI is not evidence of early success.
246,candidate-0246-renzo-piano,Renzo Piano,1937,ARCHITECT,Italy,M,66,74.89,https://en.wikipedia.org/?curid=25946,unresearched,unverified_candidate,Ranked for research discovery; HPI is not evidence of early success.
247,candidate-0247-tu-youyou,Tu Youyou,1930,CHEMIST,China,F,85,74.88,https://en.wikipedia.org/?curid=33065882,unresearched,unverified_candidate,Ranked for research discovery; HPI is not evidence of early success.
248,candidate-0248-isao-takahata,Isao Takahata,1935,FILM DIRECTOR,Japan,M,54,74.87,https://en.wikipedia.org/?curid=215912,unresearched,unverified_candidate,Ranked for research discovery; HPI is not evidence of early success.
249,candidate-0249-tinto-brass,Tinto Brass,1933,FILM DIRECTOR,Italy,M,42,74.81,https://en.wikipedia.org/?curid=920988,unresearched,unverified_candidate,Ranked for research discovery; HPI is not evidence of early success.
250,candidate-0250-amanda-lear,Amanda Lear,1939,SINGER,Vietnam,F,38,74.76,https://en.wikipedia.org/?curid=1557996,unresearched,unverified_candidate,Ranked for research discovery; HPI is not evidence of early success.
251,candidate-0251-frank-gehry,Frank Gehry,1929,ARCHITECT,Canada,M,70,74.75,https://en.wikipedia.org/?curid=53404,unresearched,unverified_candidate,Ranked for research discovery; HPI is not evidence of early success.
252,candidate-0252-simon-van-der-meer,Simon van der Meer,1925,PHYSICIST,Netherlands,M,72,74.74,https://en.wikipedia.org/?curid=751419,unresearched,unverified_candidate,Ranked for research discovery; HPI is not evidence of early success.
253,candidate-0253-riccardo-giacconi,Riccardo Giacconi,1931,ASTRONOMER,Italy,M,76,74.70,https://en.wikipedia.org/?curid=101136,unresearched,unverified_candidate,Ranked for research discovery; HPI is not evidence of early success.
254,candidate-0254-jane-hawking,Jane Hawking,1944,WRITER,United Kingdom,F,28,74.68,https://en.wikipedia.org/?curid=44375105,unresearched,unverified_candidate,Ranked for research discovery; HPI is not evidence of early success.
255,candidate-0255-just-fontaine,Just Fontaine,1933,SOCCER PLAYER,Morocco,M,57,74.56,https://en.wikipedia.org/?curid=615834,unresearched,unverified_candidate,Ranked for research discovery; HPI is not evidence of early success.
256,candidate-0256-tigran-petrosian,Tigran Petrosian,1929,CHESS PLAYER,Georgia,M,67,74.52,https://en.wikipedia.org/?curid=149168,unresearched,unverified_candidate,Ranked for research discovery; HPI is not evidence of early success.
257,candidate-0257-carlos-castaneda,Carlos Castaneda,1925,WRITER,Peru,M,43,74.47,https://en.wikipedia.org/?curid=67129,unresearched,unverified_candidate,Ranked for research discovery; HPI is not evidence of early success.
258,candidate-0258-salman-rushdie,Salman Rushdie,1947,WRITER,India,M,98,74.40,https://en.wikipedia.org/?curid=28722,unresearched,unverified_candidate,Ranked for research discovery; HPI is not evidence of early success.
259,candidate-0259-ken-loach,Ken Loach,1936,FILM DIRECTOR,United Kingdom,M,48,74.28,https://en.wikipedia.org/?curid=46398901,unresearched,unverified_candidate,Ranked for research discovery; HPI is not evidence of early success.
260,candidate-0260-mstislav-rostropovich,Mstislav Rostropovich,1927,MUSICIAN,Azerbaijan,M,59,74.26,https://en.wikipedia.org/?curid=155166,unresearched,unverified_candidate,Ranked for research discovery; HPI is not evidence of early success.
261,candidate-0261-andrzej-wajda,Andrzej Wajda,1926,FILM DIRECTOR,Poland,M,69,74.25,https://en.wikipedia.org/?curid=44392,unresearched,unverified_candidate,Ranked for research discovery; HPI is not evidence of early success.
262,candidate-0262-gunnar-nordahl,Gunnar Nordahl,1921,SOCCER PLAYER,Sweden,M,50,74.23,https://en.wikipedia.org/?curid=1108287,unresearched,unverified_candidate,Ranked for research discovery; HPI is not evidence of early success.
263,candidate-0263-elena-ferrante,Elena Ferrante,1943,WRITER,Italy,F,42,74.21,https://en.wikipedia.org/?curid=31625302,unresearched,unverified_candidate,Ranked for research discovery; HPI is not evidence of early success.
264,candidate-0264-arno-allan-penzias,Arno Allan Penzias,1933,PHYSICIST,Germany,M,78,74.19,https://en.wikipedia.org/?curid=318516,unresearched,unverified_candidate,Ranked for research discovery; HPI is not evidence of early success.
265,candidate-0265-klaus-meine,Klaus Meine,1948,SINGER,Germany,M,43,74.15,https://en.wikipedia.org/?curid=1798012,unresearched,unverified_candidate,Ranked for research discovery; HPI is not evidence of early success.
266,candidate-0266-ram-narayan,Ram Narayan,1927,MUSICIAN,India,M,78,74.13,https://en.wikipedia.org/?curid=17130499,unresearched,unverified_candidate,Ranked for research discovery; HPI is not evidence of early success.
267,candidate-0267-santiago-calatrava,Santiago Calatrava,1951,ARCHITECT,Spain,M,68,74.12,https://en.wikipedia.org/?curid=229656,unresearched,unverified_candidate,Ranked for research discovery; HPI is not evidence of early success.
268,candidate-0268-george-miller,George Miller,1945,FILM DIRECTOR,Australia,M,44,74.10,https://en.wikipedia.org/?curid=152157,unresearched,unverified_candidate,Ranked for research discovery; HPI is not evidence of early success.
269,candidate-0269-roger-penrose,Roger Penrose,1931,PHYSICIST,United Kingdom,M,78,74.08,https://en.wikipedia.org/?curid=26193,unresearched,unverified_candidate,Ranked for research discovery; HPI is not evidence of early success.
270,candidate-0270-björn-borg,Björn Borg,1956,TENNIS PLAYER,Sweden,M,76,74.07,https://en.wikipedia.org/?curid=4601,unresearched,unverified_candidate,Ranked for research discovery; HPI is not evidence of early success.
271,candidate-0271-theo-angelopoulos,Theo Angelopoulos,1935,FILM DIRECTOR,Greece,M,49,74.06,https://en.wikipedia.org/?curid=62211,unresearched,unverified_candidate,Ranked for research discovery; HPI is not evidence of early success.
272,candidate-0272-györgy-ligeti,György Ligeti,1923,COMPOSER,Romania,M,51,74.05,https://en.wikipedia.org/?curid=145255,unresearched,unverified_candidate,Ranked for research discovery; HPI is not evidence of early success.
273,candidate-0273-rudolf-mössbauer,Rudolf Mössbauer,1929,PHYSICIST,Germany,M,73,74.03,https://en.wikipedia.org/?curid=231308,unresearched,unverified_candidate,Ranked for research discovery; HPI is not evidence of early success.
274,candidate-0274-ada-yonath,Ada Yonath,1939,BIOLOGIST,Israel,F,81,74.00,https://en.wikipedia.org/?curid=38502761,unresearched,unverified_candidate,Ranked for research discovery; HPI is not evidence of early success.
275,candidate-0275-richard-henderson,Richard Henderson,1945,BIOLOGIST,United Kingdom,M,45,73.98,https://en.wikipedia.org/?curid=6932525,unresearched,unverified_candidate,Ranked for research discovery; HPI is not evidence of early success.
276,candidate-0276-roger-vadim,Roger Vadim,1928,FILM DIRECTOR,France,M,49,73.96,https://en.wikipedia.org/?curid=88915,unresearched,unverified_candidate,Ranked for research discovery; HPI is not evidence of early success.
277,candidate-0277-valery-legasov,Valery Legasov,1936,CHEMIST,Russia,M,41,73.95,https://en.wikipedia.org/?curid=4857289,unresearched,unverified_candidate,Ranked for research discovery; HPI is not evidence of early success.
278,candidate-0278-nicolaas-bloembergen,Nicolaas Bloembergen,1920,PHYSICIST,Netherlands,M,74,73.93,https://en.wikipedia.org/?curid=396737,unresearched,unverified_candidate,Ranked for research discovery; HPI is not evidence of early success.
279,candidate-0279-m-stanley-whittingham,M. Stanley Whittingham,1941,CHEMIST,United Kingdom,M,51,73.91,https://en.wikipedia.org/?curid=7694425,unresearched,unverified_candidate,Ranked for research discovery; HPI is not evidence of early success.
280,candidate-0280-antônio-carlos-jobim,Antônio Carlos Jobim,1927,MUSICIAN,Brazil,M,60,73.87,https://en.wikipedia.org/?curid=297412,unresearched,unverified_candidate,Ranked for research discovery; HPI is not evidence of early success.
281,candidate-0281-harald-zur-hausen,Harald zur Hausen,1936,BIOLOGIST,Germany,M,66,73.85,https://en.wikipedia.org/?curid=17608618,unresearched,unverified_candidate,Ranked for research discovery; HPI is not evidence of early success.
282,candidate-0282-sándor-kocsis,Sándor Kocsis,1929,SOCCER PLAYER,Hungary,M,50,73.82,https://en.wikipedia.org/?curid=1131781,unresearched,unverified_candidate,Ranked for research discovery; HPI is not evidence of early success.
283,candidate-0283-takeshi-kitano,Takeshi Kitano,1947,FILM DIRECTOR,Japan,M,66,73.76,https://en.wikipedia.org/?curid=219948,unresearched,unverified_candidate,Ranked for research discovery; HPI is not evidence of early success.
284,candidate-0284-ágnes-keleti,Ágnes Keleti,1921,GYMNAST,Hungary,F,41,73.73,https://en.wikipedia.org/?curid=4743532,unresearched,unverified_candidate,Ranked for research discovery; HPI is not evidence of early success.
285,candidate-0285-françoise-hardy,Françoise Hardy,1944,SINGER,France,F,53,73.72,https://en.wikipedia.org/?curid=1028178,unresearched,unverified_candidate,Ranked for research discovery; HPI is not evidence of early success.
286,candidate-0286-benoit-mandelbrot,Benoit Mandelbrot,1924,MATHEMATICIAN,Poland,M,67,73.71,https://en.wikipedia.org/?curid=3999,unresearched,unverified_candidate,Ranked for research discovery; HPI is not evidence of early success.
287,candidate-0287-salvatore-adamo,Salvatore Adamo,1943,SINGER,Italy,M,39,73.71,https://en.wikipedia.org/?curid=2262230,unresearched,unverified_candidate,Ranked for research discovery; HPI is not evidence of early success.
288,candidate-0288-amália-rodrigues,Amália Rodrigues,1920,SINGER,Portugal,F,49,73.65,https://en.wikipedia.org/?curid=717340,unresearched,unverified_candidate,Ranked for research discovery; HPI is not evidence of early success.
289,candidate-0289-tomas-lindahl,Tomas Lindahl,1938,BIOLOGIST,Sweden,M,60,73.64,https://en.wikipedia.org/?curid=20155186,unresearched,unverified_candidate,Ranked for research discovery; HPI is not evidence of early success.
290,candidate-0290-javier-solana,Javier Solana,1942,PHYSICIST,Spain,M,49,73.63,https://en.wikipedia.org/?curid=391110,unresearched,unverified_candidate,Ranked for research discovery; HPI is not evidence of early success.
291,candidate-0291-ágota-kristóf,Ágota Kristóf,1935,WRITER,Hungary,F,42,73.56,https://en.wikipedia.org/?curid=2690063,unresearched,unverified_candidate,Ranked for research discovery; HPI is not evidence of early success.
292,candidate-0292-hans-georg-dehmelt,Hans Georg Dehmelt,1922,PHYSICIST,Germany,M,61,73.54,https://en.wikipedia.org/?curid=2009986,unresearched,unverified_candidate,Ranked for research discovery; HPI is not evidence of early success.
293,candidate-0293-lászló-kubala,László Kubala,1927,SOCCER PLAYER,Hungary,M,41,73.52,https://en.wikipedia.org/?curid=1597897,unresearched,unverified_candidate,Ranked for research discovery; HPI is not evidence of early success.
294,candidate-0294-maurice-jarre,Maurice Jarre,1924,COMPOSER,France,M,59,73.49,https://en.wikipedia.org/?curid=370885,unresearched,unverified_candidate,Ranked for research discovery; HPI is not evidence of early success.
295,candidate-0295-fausto-cercignani,Fausto Cercignani,1941,WRITER,Italy,M,37,73.47,https://en.wikipedia.org/?curid=28269114,unresearched,unverified_candidate,Ranked for research discovery; HPI is not evidence of early success.
296,candidate-0296-paul-j-crutzen,Paul J. Crutzen,1933,CHEMIST,Netherlands,M,62,73.45,https://en.wikipedia.org/?curid=1077414,unresearched,unverified_candidate,Ranked for research discovery; HPI is not evidence of early success.
297,candidate-0297-andrzej-sapkowski,Andrzej Sapkowski,1948,WRITER,Poland,M,54,73.44,https://en.wikipedia.org/?curid=2865,unresearched,unverified_candidate,Ranked for research discovery; HPI is not evidence of early success.
298,candidate-0298-gianni-rodari,Gianni Rodari,1920,JOURNALIST,Italy,M,52,73.36,https://en.wikipedia.org/?curid=2005649,unresearched,unverified_candidate,Ranked for research discovery; HPI is not evidence of early success.
299,candidate-0299-philip-larkin,Philip Larkin,1922,WRITER,United Kingdom,M,40,73.36,https://en.wikipedia.org/?curid=43923,unresearched,unverified_candidate,Ranked for research discovery; HPI is not evidence of early success.
300,candidate-0300-miriam-makeba,Miriam Makeba,1932,SINGER,South Africa,F,82,73.35,https://en.wikipedia.org/?curid=598363,unresearched,unverified_candidate,Ranked for research discovery; HPI is not evidence of early success.
301,candidate-0301-yves-chauvin,Yves Chauvin,1930,CHEMIST,Belgium,M,59,73.35,https://en.wikipedia.org/?curid=2838121,unresearched,unverified_candidate,Ranked for research discovery; HPI is not evidence of early success.
302,candidate-0302-fernando-santos,Fernando Santos,1954,SOCCER PLAYER,Portugal,M,48,73.34,https://en.wikipedia.org/?curid=4511716,unresearched,unverified_candidate,Ranked for research discovery; HPI is not evidence of early success.
303,candidate-0303-jo-nesbø,Jo Nesbø,1960,WRITER,Norway,M,52,73.33,https://en.wikipedia.org/?curid=901730,unresearched,unverified_candidate,Ranked for research discovery; HPI is not evidence of early success.
304,candidate-0304-aga-khan-iv,Aga Khan IV,1936,BUSINESSPERSON,Switzerland,M,45,73.31,https://en.wikipedia.org/?curid=505542,unresearched,unverified_candidate,Ranked for research discovery; HPI is not evidence of early success.
305,candidate-0305-thomas-bernhard,Thomas Bernhard,1931,WRITER,Netherlands,M,49,73.28,https://en.wikipedia.org/?curid=1048113,unresearched,unverified_candidate,Ranked for research discovery; HPI is not evidence of early success.
306,candidate-0306-alejandro-jodorowsky,Alejandro Jodorowsky,1929,WRITER,Chile,M,47,73.28,https://en.wikipedia.org/?curid=262658,unresearched,unverified_candidate,Ranked for research discovery; HPI is not evidence of early success.
307,candidate-0307-alexander-grothendieck,Alexander Grothendieck,1928,MATHEMATICIAN,Germany,M,55,73.27,https://en.wikipedia.org/?curid=2042,unresearched,unverified_candidate,Ranked for research discovery; HPI is not evidence of early success.
308,candidate-0308-georges-charpak,Georges Charpak,1924,PHYSICIST,Ukraine,M,73,73.25,https://en.wikipedia.org/?curid=342525,unresearched,unverified_candidate,Ranked for research discovery; HPI is not evidence of early success.
309,candidate-0309-fernando-botero,Fernando Botero,1932,PAINTER,Colombia,M,47,73.22,https://en.wikipedia.org/?curid=301370,unresearched,unverified_candidate,Ranked for research discovery; HPI is not evidence of early success.
310,candidate-0310-erich-von-däniken,Erich von Däniken,1935,WRITER,Switzerland,M,46,73.20,https://en.wikipedia.org/?curid=191325,unresearched,unverified_candidate,Ranked for research discovery; HPI is not evidence of early success.
311,candidate-0311-paul-verhoeven,Paul Verhoeven,1938,FILM DIRECTOR,Netherlands,M,53,73.20,https://en.wikipedia.org/?curid=66206,unresearched,unverified_candidate,Ranked for research discovery; HPI is not evidence of early success.
312,candidate-0312-rem-koolhaas,Rem Koolhaas,1944,ARCHITECT,Netherlands,M,49,73.19,https://en.wikipedia.org/?curid=25945,unresearched,unverified_candidate,Ranked for research discovery; HPI is not evidence of early success.
313,candidate-0313-krzysztof-penderecki,Krzysztof Penderecki,1933,COMPOSER,Poland,M,54,73.16,https://en.wikipedia.org/?curid=17292,unresearched,unverified_candidate,Ranked for research discovery; HPI is not evidence of early success.
314,candidate-0314-maurice-béjart,Maurice Béjart,1927,DANCER,France,M,53,73.16,https://en.wikipedia.org/?curid=477184,unresearched,unverified_candidate,Ranked for research discovery; HPI is not evidence of early success.
315,candidate-0315-gerd-binnig,Gerd Binnig,1947,PHYSICIST,Germany,M,72,73.15,https://en.wikipedia.org/?curid=7790085,unresearched,unverified_candidate,Ranked for research discovery; HPI is not evidence of early success.
316,candidate-0316-françoise-sagan,Françoise Sagan,1935,WRITER,France,F,56,73.15,https://en.wikipedia.org/?curid=528723,unresearched,unverified_candidate,Ranked for research discovery; HPI is not evidence of early success.
317,candidate-0317-manfred-eigen,Manfred Eigen,1927,CHEMIST,Germany,M,65,73.15,https://en.wikipedia.org/?curid=287077,unresearched,unverified_candidate,Ranked for research discovery; HPI is not evidence of early success.
318,candidate-0318-jean-jacques-annaud,Jean-Jacques Annaud,1943,FILM DIRECTOR,France,M,53,73.14,https://en.wikipedia.org/?curid=445843,unresearched,unverified_candidate,Ranked for research discovery; HPI is not evidence of early success.
319,candidate-0319-ken-follett,Ken Follett,1949,WRITER,United Kingdom,M,48,73.12,https://en.wikipedia.org/?curid=67160,unresearched,unverified_candidate,Ranked for research discovery; HPI is not evidence of early success.
320,candidate-0320-ludovico-einaudi,Ludovico Einaudi,1955,MUSICIAN,Italy,M,45,73.11,https://en.wikipedia.org/?curid=569555,unresearched,unverified_candidate,Ranked for research discovery; HPI is not evidence of early success.
321,candidate-0321-morrissey,Morrissey,1959,SINGER,United Kingdom,M,50,73.10,https://en.wikipedia.org/?curid=39912374,unresearched,unverified_candidate,Ranked for research discovery; HPI is not evidence of early success.
322,candidate-0322-françoise-barré-sinoussi,Françoise Barré-Sinoussi,1947,BIOLOGIST,France,F,74,73.09,https://en.wikipedia.org/?curid=19632164,unresearched,unverified_candidate,Ranked for research discovery; HPI is not evidence of early success.
323,candidate-0323-zubin-mehta,Zubin Mehta,1936,CONDUCTOR,India,M,54,73.09,https://en.wikipedia.org/?curid=318375,unresearched,unverified_candidate,Ranked for research discovery; HPI is not evidence of early success.
324,candidate-0324-omar-sívori,Omar Sívori,1935,SOCCER PLAYER,Argentina,M,51,73.09,https://en.wikipedia.org/?curid=615785,unresearched,unverified_candidate,Ranked for research discovery; HPI is not evidence of early success.
325,candidate-0325-françois-jacob,François Jacob,1920,BIOLOGIST,France,M,59,73.09,https://en.wikipedia.org/?curid=222978,unresearched,unverified_candidate,Ranked for research discovery; HPI is not evidence of early success.
326,candidate-0326-avram-hershko,Avram Hershko,1937,CHEMIST,Hungary,M,56,73.09,https://en.wikipedia.org/?curid=1043960,unresearched,unverified_candidate,Ranked for research discovery; HPI is not evidence of early success.
327,candidate-0327-michael-haneke,Michael Haneke,1942,FILM DIRECTOR,Germany,M,58,73.07,https://en.wikipedia.org/?curid=1049105,unresearched,unverified_candidate,Ranked for research discovery; HPI is not evidence of early success.
328,candidate-0328-vladimir-vysotsky,Vladimir Vysotsky,1938,WRITER,Russia,M,103,73.06,https://en.wikipedia.org/?curid=411161,unresearched,unverified_candidate,Ranked for research discovery; HPI is not evidence of early success.
329,candidate-0329-edward-said,Edward Said,1935,WRITER,Israel,M,72,73.06,https://en.wikipedia.org/?curid=18247304,unresearched,unverified_candidate,Ranked for research discovery; HPI is not evidence of early success.
330,candidate-0330-ri-kwang-hyok,Ri Kwang-hyok,1987,SOCCER PLAYER,North Korea,M,40,73.04,https://en.wikipedia.org/?curid=25309738,unresearched,unverified_candidate,Ranked for research discovery; HPI is not evidence of early success.
331,candidate-0331-françois-englert,François Englert,1932,PHYSICIST,Belgium,M,69,73.03,https://en.wikipedia.org/?curid=8370210,unresearched,unverified_candidate,Ranked for research discovery; HPI is not evidence of early success.
332,candidate-0332-glenn-gould,Glenn Gould,1932,MUSICIAN,Canada,M,47,73.01,https://en.wikipedia.org/?curid=65444,unresearched,unverified_candidate,Ranked for research discovery; HPI is not evidence of early success.
333,candidate-0333-france-gall,France Gall,1947,SINGER,France,F,62,72.97,https://en.wikipedia.org/?curid=308404,unresearched,unverified_candidate,Ranked for research discovery; HPI is not evidence of early success.
334,candidate-0334-michael-levitt,Michael Levitt,1947,CHEMIST,South Africa,M,57,72.94,https://en.wikipedia.org/?curid=4421469,unresearched,unverified_candidate,Ranked for research discovery; HPI is not evidence of early success.
335,candidate-0335-roger-guillemin,Roger Guillemin,1924,BIOLOGIST,France,M,56,72.93,https://en.wikipedia.org/?curid=1536760,unresearched,unverified_candidate,Ranked for research discovery; HPI is not evidence of early success.
336,candidate-0336-abbas-kiarostami,Abbas Kiarostami,1940,FILM DIRECTOR,Iran,M,63,72.89,https://en.wikipedia.org/?curid=400421,unresearched,unverified_candidate,Ranked for research discovery; HPI is not evidence of early success.
337,candidate-0337-traudl-junge,Traudl Junge,1920,WRITER,Germany,F,41,72.87,https://en.wikipedia.org/?curid=1591607,unresearched,unverified_candidate,Ranked for research discovery; HPI is not evidence of early success.
338,candidate-0338-margaret-atwood,Margaret Atwood,1939,WRITER,Canada,F,79,72.86,https://en.wikipedia.org/?curid=60280,unresearched,unverified_candidate,Ranked for research discovery; HPI is not evidence of early success.
339,candidate-0339-fairuz,Fairuz,1935,SINGER,Lebanon,F,49,72.84,https://en.wikipedia.org/?curid=484591,unresearched,unverified_candidate,Ranked for research discovery; HPI is not evidence of early success.
340,candidate-0340-martinus-j-g-veltman,Martinus J. G. Veltman,1931,PHYSICIST,Netherlands,M,64,72.82,https://en.wikipedia.org/?curid=491723,unresearched,unverified_candidate,Ranked for research discovery; HPI is not evidence of early success.
341,candidate-0341-josef-masopust,Josef Masopust,1931,SOCCER PLAYER,Czechia,M,47,72.82,https://en.wikipedia.org/?curid=616598,unresearched,unverified_candidate,Ranked for research discovery; HPI is not evidence of early success.
342,candidate-0342-éric-rohmer,Éric Rohmer,1920,FILM DIRECTOR,France,M,52,72.81,https://en.wikipedia.org/?curid=1217146,unresearched,unverified_candidate,Ranked for research discovery; HPI is not evidence of early success.
343,candidate-0343-giorgio-moroder,Giorgio Moroder,1940,MUSICIAN,Italy,M,46,72.78,https://en.wikipedia.org/?curid=189285,unresearched,unverified_candidate,Ranked for research discovery; HPI is not evidence of early success.
344,candidate-0344-sergei-parajanov,Sergei Parajanov,1924,FILM DIRECTOR,Georgia,M,53,72.77,https://en.wikipedia.org/?curid=841521,unresearched,unverified_candidate,Ranked for research discovery; HPI is not evidence of early success.
345,candidate-0345-bobby-farrell,Bobby Farrell,1949,DANCER,Aruba,M,42,72.73,https://en.wikipedia.org/?curid=637896,unresearched,unverified_candidate,Ranked for research discovery; HPI is not evidence of early success.
346,candidate-0346-niki-de-saint-phalle,Niki de Saint Phalle,1930,PAINTER,France,F,45,72.70,https://en.wikipedia.org/?curid=351248,unresearched,unverified_candidate,Ranked for research discovery; HPI is not evidence of early success.
347,candidate-0347-gregory-winter,Gregory Winter,1951,BIOLOGIST,United Kingdom,M,51,72.70,https://en.wikipedia.org/?curid=1843684,unresearched,unverified_candidate,Ranked for research discovery; HPI is not evidence of early success.
348,candidate-0348-lys-assia,Lys Assia,1924,SINGER,Switzerland,F,57,72.67,https://en.wikipedia.org/?curid=149472,unresearched,unverified_candidate,Ranked for research discovery; HPI is not evidence of early success.
349,candidate-0349-herbert-kroemer,Herbert Kroemer,1928,PHYSICIST,Germany,M,61,72.63,https://en.wikipedia.org/?curid=314964,unresearched,unverified_candidate,Ranked for research discovery; HPI is not evidence of early success.
350,candidate-0350-george-porter,George Porter,1920,CHEMIST,United Kingdom,M,57,72.62,https://en.wikipedia.org/?curid=764956,unresearched,unverified_candidate,Ranked for research discovery; HPI is not evidence of early success.
351,candidate-0351-nigel-mansell,Nigel Mansell,1953,RACING DRIVER,United Kingdom,M,52,72.62,https://en.wikipedia.org/?curid=228615,unresearched,unverified_candidate,Ranked for research discovery; HPI is not evidence of early success.
352,candidate-0352-vavá,Vavá,1934,SOCCER PLAYER,Brazil,M,47,72.60,https://en.wikipedia.org/?curid=3162837,unresearched,unverified_candidate,Ranked for research discovery; HPI is not evidence of early success.
353,candidate-0353-jostein-gaarder,Jostein Gaarder,1952,WRITER,Norway,M,56,72.58,https://en.wikipedia.org/?curid=233546,unresearched,unverified_candidate,Ranked for research discovery; HPI is not evidence of early success.
354,candidate-0354-claude-chabrol,Claude Chabrol,1930,FILM DIRECTOR,France,M,55,72.57,https://en.wikipedia.org/?curid=102577,unresearched,unverified_candidate,Ranked for research discovery; HPI is not evidence of early success.
355,candidate-0355-sofia-gubaidulina,Sofia Gubaidulina,1931,COMPOSER,Russia,F,44,72.54,https://en.wikipedia.org/?curid=384682,unresearched,unverified_candidate,Ranked for research discovery; HPI is not evidence of early success.
356,candidate-0356-michel-houellebecq,Michel Houellebecq,1956,WRITER,Réunion,M,65,72.51,https://en.wikipedia.org/?curid=173813,unresearched,unverified_candidate,Ranked for research discovery; HPI is not evidence of early success.
357,candidate-0357-boris-vian,Boris Vian,1920,WRITER,France,M,57,72.51,https://en.wikipedia.org/?curid=82413,unresearched,unverified_candidate,Ranked for research discovery; HPI is not evidence of early success.
358,candidate-0358-djalma-santos,Djalma Santos,1929,SOCCER PLAYER,Brazil,M,50,72.48,https://en.wikipedia.org/?curid=615809,unresearched,unverified_candidate,Ranked for research discovery; HPI is not evidence of early success.
359,candidate-0359-george-andrew-olah,George Andrew Olah,1927,CHEMIST,Hungary,M,57,72.47,https://en.wikipedia.org/?curid=758753,unresearched,unverified_candidate,Ranked for research discovery; HPI is not evidence of early success.
360,candidate-0360-anatoly-dyatlov,Anatoly Dyatlov,1931,ENGINEER,Russia,F,31,72.47,https://en.wikipedia.org/?curid=6833805,unresearched,unverified_candidate,Ranked for research discovery; HPI is not evidence of early success.
361,candidate-0361-richard-e-taylor,Richard E. Taylor,1929,PHYSICIST,Canada,M,64,72.46,https://en.wikipedia.org/?curid=30864794,unresearched,unverified_candidate,Ranked for research discovery; HPI is not evidence of early success.
362,candidate-0362-isamu-akasaki,Isamu Akasaki,1929,PHYSICIST,Japan,M,70,72.34,https://en.wikipedia.org/?curid=8784032,unresearched,unverified_candidate,Ranked for research discovery; HPI is not evidence of early success.
363,candidate-0363-gerhard-richter,Gerhard Richter,1932,PAINTER,Germany,M,48,72.32,https://en.wikipedia.org/?curid=810505,unresearched,unverified_candidate,Ranked for research discovery; HPI is not evidence of early success.
364,candidate-0364-tadao-ando,Tadao Ando,1941,ARCHITECT,Japan,M,49,72.31,https://en.wikipedia.org/?curid=220556,unresearched,unverified_candidate,Ranked for research discovery; HPI is not evidence of early success.
365,candidate-0365-dieter-bohlen,Dieter Bohlen,1954,SINGER,Germany,M,51,72.31,https://en.wikipedia.org/?curid=541724,unresearched,unverified_candidate,Ranked for research discovery; HPI is not evidence of early success.
366,candidate-0366-günter-blobel,Günter Blobel,1936,BIOLOGIST,Poland,M,58,72.27,https://en.wikipedia.org/?curid=243903,unresearched,unverified_candidate,Ranked for research discovery; HPI is not evidence of early success.
367,candidate-0367-boris-berezovsky,Boris Berezovsky,1946,BUSINESSPERSON,Russia,M,47,72.25,https://en.wikipedia.org/?curid=355478,unresearched,unverified_candidate,Ranked for research discovery; HPI is not evidence of early success.
368,candidate-0368-rihanna,Rihanna,1988,SINGER,Barbados,F,136,72.25,https://en.wikipedia.org/?curid=2110323,unresearched,unverified_candidate,Ranked for research discovery; HPI is not evidence of early success.
369,candidate-0369-richard-r-ernst,Richard R. Ernst,1933,CHEMIST,Switzerland,M,60,72.24,https://en.wikipedia.org/?curid=26361,unresearched,unverified_candidate,Ranked for research discovery; HPI is not evidence of early success.
370,candidate-0370-karel-gott,Karel Gott,1939,SINGER,Czechia,M,45,72.14,https://en.wikipedia.org/?curid=673336,unresearched,unverified_candidate,Ranked for research discovery; HPI is not evidence of early success.
371,candidate-0371-uwe-seeler,Uwe Seeler,1936,SOCCER PLAYER,Germany,M,51,72.14,https://en.wikipedia.org/?curid=535887,unresearched,unverified_candidate,Ranked for research discovery; HPI is not evidence of early success.
372,candidate-0372-elizabeth-blackburn,Elizabeth Blackburn,1948,BIOLOGIST,Australia,F,74,72.13,https://en.wikipedia.org/?curid=989870,unresearched,unverified_candidate,Ranked for research discovery; HPI is not evidence of early success.
373,candidate-0373-gerhard-ertl,Gerhard Ertl,1936,CHEMIST,Germany,M,63,72.12,https://en.wikipedia.org/?curid=13013746,unresearched,unverified_candidate,Ranked for research discovery; HPI is not evidence of early success.
374,candidate-0374-tony-scott,Tony Scott,1944,FILM DIRECTOR,United Kingdom,M,51,72.09,https://en.wikipedia.org/?curid=595323,unresearched,unverified_candidate,Ranked for research discovery; HPI is not evidence of early success.
375,candidate-0375-domenico-modugno,Domenico Modugno,1928,SINGER,Italy,M,58,72.09,https://en.wikipedia.org/?curid=291984,unresearched,unverified_candidate,Ranked for research discovery; HPI is not evidence of early success.
376,candidate-0376-agnès-varda,Agnès Varda,1928,FILM DIRECTOR,Belgium,F,56,72.08,https://en.wikipedia.org/?curid=324138,unresearched,unverified_candidate,Ranked for research discovery; HPI is not evidence of early success.
377,candidate-0377-oriana-fallaci,Oriana Fallaci,1929,JOURNALIST,Italy,F,62,72.05,https://en.wikipedia.org/?curid=141030,unresearched,unverified_candidate,Ranked for research discovery; HPI is not evidence of early success.
378,candidate-0378-vasily-smyslov,Vasily Smyslov,1921,CHESS PLAYER,Russia,M,60,72.03,https://en.wikipedia.org/?curid=245597,unresearched,unverified_candidate,Ranked for research discovery; HPI is not evidence of early success.
379,candidate-0379-jean-marie-lehn,Jean-Marie Lehn,1939,CHEMIST,France,M,57,72.03,https://en.wikipedia.org/?curid=1312121,unresearched,unverified_candidate,Ranked for research discovery; HPI is not evidence of early success.
380,candidate-0380-anatoliy-solovianenko,Anatoliy Solovianenko,1932,SINGER,Ukraine,M,120,72.03,https://en.wikipedia.org/?curid=33784617,unresearched,unverified_candidate,Ranked for research discovery; HPI is not evidence of early success.
381,candidate-0381-johnny-hallyday,Johnny Hallyday,1943,SINGER,France,M,69,72.03,https://en.wikipedia.org/?curid=106358,unresearched,unverified_candidate,Ranked for research discovery; HPI is not evidence of early success.
382,candidate-0382-billy-wright,Billy Wright,1924,SOCCER PLAYER,United Kingdom,M,37,72.03,https://en.wikipedia.org/?curid=192223,unresearched,unverified_candidate,Ranked for research discovery; HPI is not evidence of early success.
383,candidate-0383-michael-houghton,Michael Houghton,1949,BIOLOGIST,United Kingdom,M,48,72.03,https://en.wikipedia.org/?curid=41549416,unresearched,unverified_candidate,Ranked for research discovery; HPI is not evidence of early success.
384,candidate-0384-alain-resnais,Alain Resnais,1922,FILM DIRECTOR,France,M,57,72.02,https://en.wikipedia.org/?curid=89753,unresearched,unverified_candidate,Ranked for research discovery; HPI is not evidence of early success.
385,candidate-0385-jackie-stewart,Jackie Stewart,1939,RACING DRIVER,United Kingdom,M,60,72.02,https://en.wikipedia.org/?curid=294240,unresearched,unverified_candidate,Ranked for research discovery; HPI is not evidence of early success.
386,candidate-0386-franco-zeffirelli,Franco Zeffirelli,1923,FILM DIRECTOR,Italy,M,53,72.02,https://en.wikipedia.org/?curid=43876,unresearched,unverified_candidate,Ranked for research discovery; HPI is not evidence of early success.
387,candidate-0387-víctor-jara,Víctor Jara,1932,SINGER,Chile,M,49,72.01,https://en.wikipedia.org/?curid=88401,unresearched,unverified_candidate,Ranked for research discovery; HPI is not evidence of early success.
388,candidate-0388-michel-mayor,Michel Mayor,1942,ASTRONOMER,Switzerland,M,62,72.00,https://en.wikipedia.org/?curid=572654,unresearched,unverified_candidate,Ranked for research discovery; HPI is not evidence of early success.
389,candidate-0389-anna-netrebko,Anna Netrebko,1971,SINGER,Russia,F,161,71.96,https://en.wikipedia.org/?curid=2293506,unresearched,unverified_candidate,Ranked for research discovery; HPI is not evidence of early success.
390,candidate-0390-glenn-hughes,Glenn Hughes,1951,SINGER,United Kingdom,M,35,71.94,https://en.wikipedia.org/?curid=46213,unresearched,unverified_candidate,Ranked for research discovery; HPI is not evidence of early success.
391,candidate-0391-friedensreich-hundertwasser,Friedensreich Hundertwasser,1928,ARCHITECT,Austria,M,48,71.91,https://en.wikipedia.org/?curid=58972,unresearched,unverified_candidate,Ranked for research discovery; HPI is not evidence of early success.
392,candidate-0392-alan-parker,Alan Parker,1944,FILM DIRECTOR,United Kingdom,M,57,71.91,https://en.wikipedia.org/?curid=343137,unresearched,unverified_candidate,Ranked for research discovery; HPI is not evidence of early success.
393,candidate-0393-paco-rabanne,Paco Rabanne,1934,DESIGNER,Spain,M,40,71.90,https://en.wikipedia.org/?curid=3190123,unresearched,unverified_candidate,Ranked for research discovery; HPI is not evidence of early success.
394,candidate-0394-richard-hughes,Richard Hughes,1975,MUSICIAN,United Kingdom,M,53,71.89,https://en.wikipedia.org/?curid=1551994,unresearched,unverified_candidate,Ranked for research discovery; HPI is not evidence of early success.
395,candidate-0395-nílton-santos,Nílton Santos,1925,SOCCER PLAYER,Brazil,M,49,71.84,https://en.wikipedia.org/?curid=566796,unresearched,unverified_candidate,Ranked for research discovery; HPI is not evidence of early success.
396,candidate-0396-horst-ludwig-störmer,Horst Ludwig Störmer,1949,PHYSICIST,Germany,M,66,71.83,https://en.wikipedia.org/?curid=1621554,unresearched,unverified_candidate,Ranked for research discovery; HPI is not evidence of early success.
397,candidate-0397-marie-fredriksson,Marie Fredriksson,1958,SINGER,Sweden,F,47,71.81,https://en.wikipedia.org/?curid=562206,unresearched,unverified_candidate,Ranked for research discovery; HPI is not evidence of early success.
398,candidate-0398-isabella-rossellini,Isabella Rossellini,1952,MODEL,Italy,F,55,71.80,https://en.wikipedia.org/?curid=67992,unresearched,unverified_candidate,Ranked for research discovery; HPI is not evidence of early success.
399,candidate-0399-dietrich-mateschitz,Dietrich Mateschitz,1944,BUSINESSPERSON,Austria,M,40,71.79,https://en.wikipedia.org/?curid=1291735,unresearched,unverified_candidate,Ranked for research discovery; HPI is not evidence of early success.
400,candidate-0400-giorgetto-giugiaro,Giorgetto Giugiaro,1938,DESIGNER,Italy,M,34,71.78,https://en.wikipedia.org/?curid=263169,unresearched,unverified_candidate,Ranked for research discovery; HPI is not evidence of early success.
401,candidate-0401-kurt-wüthrich,Kurt Wüthrich,1938,CHEMIST,Switzerland,M,57,71.78,https://en.wikipedia.org/?curid=203291,unresearched,unverified_candidate,Ranked for research discovery; HPI is not evidence of early success.
402,candidate-0402-jacques-anquetil,Jacques Anquetil,1934,CYCLIST,France,M,51,71.78,https://en.wikipedia.org/?curid=351192,unresearched,unverified_candidate,Ranked for research discovery; HPI is not evidence of early success.
403,candidate-0403-ralph-m-steinman,Ralph M. Steinman,1943,BIOLOGIST,Canada,M,55,71.77,https://en.wikipedia.org/?curid=13305393,unresearched,unverified_candidate,Ranked for research discovery; HPI is not evidence of early success.
404,candidate-0404-fritz-walter,Fritz Walter,1920,SOCCER PLAYER,Germany,M,53,71.76,https://en.wikipedia.org/?curid=57928,unresearched,unverified_candidate,Ranked for research discovery; HPI is not evidence of early success.
405,candidate-0405-alexei-alexeyevich-abrikosov,Alexei Alexeyevich Abrikosov,1928,PHYSICIST,Russia,M,78,71.73,https://en.wikipedia.org/?curid=339220,unresearched,unverified_candidate,Ranked for research discovery; HPI is not evidence of early success.
406,candidate-0406-robert-plant,Robert Plant,1948,SINGER,United Kingdom,M,65,71.68,https://en.wikipedia.org/?curid=100405,unresearched,unverified_candidate,Ranked for research discovery; HPI is not evidence of early success.
407,candidate-0407-adele,Adele,1988,SINGER,United Kingdom,F,113,71.67,https://en.wikipedia.org/?curid=13041163,unresearched,unverified_candidate,Ranked for research discovery; HPI is not evidence of early success.
408,candidate-0408-peter-brook,Peter Brook,1925,FILM DIRECTOR,United Kingdom,M,47,71.67,https://en.wikipedia.org/?curid=215191,unresearched,unverified_candidate,Ranked for research discovery; HPI is not evidence of early success.
409,candidate-0409-klaus-von-klitzing,Klaus von Klitzing,1943,PHYSICIST,Poland,M,68,71.64,https://en.wikipedia.org/?curid=670471,unresearched,unverified_candidate,Ranked for research discovery; HPI is not evidence of early success.
410,candidate-0410-werner-arber,Werner Arber,1929,BIOLOGIST,Switzerland,M,56,71.62,https://en.wikipedia.org/?curid=770361,unresearched,unverified_candidate,Ranked for research discovery; HPI is not evidence of early success.
411,candidate-0411-jules-a-hoffmann,Jules A. Hoffmann,1941,BIOLOGIST,Luxembourg,M,54,71.62,https://en.wikipedia.org/?curid=14449397,unresearched,unverified_candidate,Ranked for research discovery; HPI is not evidence of early success.
412,candidate-0412-rod-laver,Rod Laver,1938,TENNIS PLAYER,Australia,M,56,71.59,https://en.wikipedia.org/?curid=221421,unresearched,unverified_candidate,Ranked for research discovery; HPI is not evidence of early success.
413,candidate-0413-teresa-teng,Teresa Teng,1953,SINGER,Taiwan,F,75,71.58,https://en.wikipedia.org/?curid=450210,unresearched,unverified_candidate,Ranked for research discovery; HPI is not evidence of early success.
414,candidate-0414-theodor-w-hänsch,Theodor W. Hänsch,1941,PHYSICIST,Germany,F,65,71.55,https://en.wikipedia.org/?curid=2831019,unresearched,unverified_candidate,Ranked for research discovery; HPI is not evidence of early success.
415,candidate-0415-harry-kroto,Harry Kroto,1939,CHEMIST,United Kingdom,M,60,71.51,https://en.wikipedia.org/?curid=14467,unresearched,unverified_candidate,Ranked for research discovery; HPI is not evidence of early success.
416,candidate-0416-joão-gilberto,João Gilberto,1931,MUSICIAN,Brazil,M,51,71.51,https://en.wikipedia.org/?curid=505947,unresearched,unverified_candidate,Ranked for research discovery; HPI is not evidence of early success.
417,candidate-0417-dave-murray,Dave Murray,1956,MUSICIAN,United Kingdom,M,40,71.51,https://en.wikipedia.org/?curid=42870516,unresearched,unverified_candidate,Ranked for research discovery; HPI is not evidence of early success.
418,candidate-0418-larisa-latynina,Larisa Latynina,1934,GYMNAST,Ukraine,F,64,71.45,https://en.wikipedia.org/?curid=73697,unresearched,unverified_candidate,Ranked for research discovery; HPI is not evidence of early success.
419,candidate-0419-charlie-watts,Charlie Watts,1941,MUSICIAN,United Kingdom,M,53,71.44,https://en.wikipedia.org/?curid=234297,unresearched,unverified_candidate,Ranked for research discovery; HPI is not evidence of early success.
420,candidate-0420-yoichiro-nambu,Yoichiro Nambu,1921,PHYSICIST,Japan,M,68,71.40,https://en.wikipedia.org/?curid=1063160,unresearched,unverified_candidate,Ranked for research discovery; HPI is not evidence of early success.
421,candidate-0421-sid-vicious,Sid Vicious,1957,MUSICIAN,United Kingdom,M,71,71.39,https://en.wikipedia.org/?curid=158287,unresearched,unverified_candidate,Ranked for research discovery; HPI is not evidence of early success.
422,candidate-0422-jean-nouvel,Jean Nouvel,1945,ARCHITECT,France,M,51,71.37,https://en.wikipedia.org/?curid=26576875,unresearched,unverified_candidate,Ranked for research discovery; HPI is not evidence of early success.
423,candidate-0423-jim-clark,Jim Clark,1936,RACING DRIVER,United Kingdom,M,52,71.32,https://en.wikipedia.org/?curid=181892,unresearched,unverified_candidate,Ranked for research discovery; HPI is not evidence of early success.
424,candidate-0424-katalin-karikó,Katalin Karikó,1955,CHEMIST,Hungary,F,59,71.31,https://en.wikipedia.org/?curid=63780788,unresearched,unverified_candidate,Ranked for research discovery; HPI is not evidence of early success.
425,candidate-0425-the-iron-sheik,The Iron Sheik,1942,WRESTLER,Iran,M,28,71.31,https://en.wikipedia.org/?curid=363161,unresearched,unverified_candidate,Ranked for research discovery; HPI is not evidence of early success.
426,candidate-0426-mariss-jansons,Mariss Jansons,1943,MUSICIAN,Latvia,M,39,71.29,https://en.wikipedia.org/?curid=723087,unresearched,unverified_candidate,Ranked for research discovery; HPI is not evidence of early success.
427,candidate-0427-iannis-xenakis,Iannis Xenakis,1922,COMPOSER,Romania,M,46,71.29,https://en.wikipedia.org/?curid=158366,unresearched,unverified_candidate,Ranked for research discovery; HPI is not evidence of early success.
428,candidate-0428-till-lindemann,Till Lindemann,1963,MUSICIAN,Germany,M,52,71.29,https://en.wikipedia.org/?curid=856871,unresearched,unverified_candidate,Ranked for research discovery; HPI is not evidence of early success.
429,candidate-0429-ei-ichi-negishi,Ei-ichi Negishi,1935,CHEMIST,China,M,63,71.28,https://en.wikipedia.org/?curid=15858460,unresearched,unverified_candidate,Ranked for research discovery; HPI is not evidence of early success.
430,candidate-0430-gigliola-cinquetti,Gigliola Cinquetti,1947,SINGER,Italy,F,47,71.26,https://en.wikipedia.org/?curid=1614816,unresearched,unverified_candidate,Ranked for research discovery; HPI is not evidence of early success.
431,candidate-0431-alberto-korda,Alberto Korda,1928,PHOTOGRAPHER,Cuba,M,41,71.24,https://en.wikipedia.org/?curid=814678,unresearched,unverified_candidate,Ranked for research discovery; HPI is not evidence of early success.
432,candidate-0432-n-r-narayana-murthy,N. R. Narayana Murthy,1946,BUSINESSPERSON,India,M,30,71.20,https://en.wikipedia.org/?curid=465730,unresearched,unverified_candidate,Ranked for research discovery; HPI is not evidence of early success.
433,candidate-0433-edmond-h-fischer,Edmond H. Fischer,1920,CHEMIST,China,M,49,71.19,https://en.wikipedia.org/?curid=1510750,unresearched,unverified_candidate,Ranked for research discovery; HPI is not evidence of early success.
434,candidate-0434-gilbert-bécaud,Gilbert Bécaud,1927,SINGER,France,M,41,71.18,https://en.wikipedia.org/?curid=392949,unresearched,unverified_candidate,Ranked for research discovery; HPI is not evidence of early success.
435,candidate-0435-wolfgang-petersen,Wolfgang Petersen,1941,FILM DIRECTOR,Germany,M,51,71.17,https://en.wikipedia.org/?curid=33230,unresearched,unverified_candidate,Ranked for research discovery; HPI is not evidence of early success.
436,candidate-0436-aldo-rossi,Aldo Rossi,1931,ARCHITECT,Italy,M,42,71.17,https://en.wikipedia.org/?curid=45534,unresearched,unverified_candidate,Ranked for research discovery; HPI is not evidence of early success.
437,candidate-0437-david-guetta,David Guetta,1967,MUSICIAN,France,M,90,71.17,https://en.wikipedia.org/?curid=2808834,unresearched,unverified_candidate,Ranked for research discovery; HPI is not evidence of early success.
438,candidate-0438-bengt-i-samuelsson,Bengt I. Samuelsson,1934,CHEMIST,Sweden,M,48,71.11,https://en.wikipedia.org/?curid=498608,unresearched,unverified_candidate,Ranked for research discovery; HPI is not evidence of early success.
439,candidate-0439-nicki-minaj,Nicki Minaj,1982,SINGER,Trinidad and Tobago,F,97,71.10,https://en.wikipedia.org/?curid=22570683,unresearched,unverified_candidate,Ranked for research discovery; HPI is not evidence of early success.
440,candidate-0440-helmut-newton,Helmut Newton,1920,PHOTOGRAPHER,Germany,M,39,71.10,https://en.wikipedia.org/?curid=179438,unresearched,unverified_candidate,Ranked for research discovery; HPI is not evidence of early success.
441,candidate-0441-christopher-nolan,Christopher Nolan,1970,FILM DIRECTOR,United Kingdom,M,94,71.08,https://en.wikipedia.org/?curid=177840,unresearched,unverified_candidate,Ranked for research discovery; HPI is not evidence of early success.
442,candidate-0442-zdzisław-beksiński,Zdzisław Beksiński,1929,PAINTER,Poland,M,35,71.08,https://en.wikipedia.org/?curid=1540903,unresearched,unverified_candidate,Ranked for research discovery; HPI is not evidence of early success.
443,candidate-0443-carlos-saura,Carlos Saura,1932,FILM DIRECTOR,Spain,M,53,71.07,https://en.wikipedia.org/?curid=3380174,unresearched,unverified_candidate,Ranked for research discovery; HPI is not evidence of early success.
444,candidate-0444-gary-moore,Gary Moore,1952,MUSICIAN,United Kingdom,M,57,71.07,https://en.wikipedia.org/?curid=280636,unresearched,unverified_candidate,Ranked for research discovery; HPI is not evidence of early success.
445,candidate-0445-richard-attenborough,Richard Attenborough,1923,FILM DIRECTOR,United Kingdom,M,73,71.07,https://en.wikipedia.org/?curid=26546076,unresearched,unverified_candidate,Ranked for research discovery; HPI is not evidence of early success.
446,candidate-0446-bryan-adams,Bryan Adams,1959,SINGER,Canada,M,79,71.02,https://en.wikipedia.org/?curid=192892,unresearched,unverified_candidate,Ranked for research discovery; HPI is not evidence of early success.
447,candidate-0447-john-e-walker,John E. Walker,1941,CHEMIST,United Kingdom,M,55,71.02,https://en.wikipedia.org/?curid=1890999,unresearched,unverified_candidate,Ranked for research discovery; HPI is not evidence of early success.
448,candidate-0448-aaron-ciechanover,Aaron Ciechanover,1947,BIOLOGIST,Israel,M,60,71.01,https://en.wikipedia.org/?curid=1043968,unresearched,unverified_candidate,Ranked for research discovery; HPI is not evidence of early success.
449,candidate-0449-peter-gabriel,Peter Gabriel,1950,SINGER,United Kingdom,M,65,71.00,https://en.wikipedia.org/?curid=55896,unresearched,unverified_candidate,Ranked for research discovery; HPI is not evidence of early success.
450,candidate-0450-michel-legrand,Michel Legrand,1932,COMPOSER,France,M,50,70.93,https://en.wikipedia.org/?curid=145886,unresearched,unverified_candidate,Ranked for research discovery; HPI is not evidence of early success.
451,candidate-0451-robert-palmer,Robert Palmer,1949,MUSICIAN,United Kingdom,M,30,70.93,https://en.wikipedia.org/?curid=327602,unresearched,unverified_candidate,Ranked for research discovery; HPI is not evidence of early success.
452,candidate-0452-flavio-briatore,Flavio Briatore,1950,BUSINESSPERSON,Italy,M,28,70.91,https://en.wikipedia.org/?curid=614426,unresearched,unverified_candidate,Ranked for research discovery; HPI is not evidence of early success.
453,candidate-0453-christiane-nüsslein-volhard,Christiane Nüsslein-Volhard,1942,BIOLOGIST,Germany,F,65,70.90,https://en.wikipedia.org/?curid=222990,unresearched,unverified_candidate,Ranked for research discovery; HPI is not evidence of early success.
454,candidate-0454-makoto-kobayashi,Makoto Kobayashi,1944,PHYSICIST,Japan,M,62,70.90,https://en.wikipedia.org/?curid=10899099,unresearched,unverified_candidate,Ranked for research discovery; HPI is not evidence of early success.
455,candidate-0455-andrzej-żuławski,Andrzej Żuławski,1940,FILM DIRECTOR,Ukraine,M,35,70.90,https://en.wikipedia.org/?curid=44232,unresearched,unverified_candidate,Ranked for research discovery; HPI is not evidence of early success.
456,candidate-0456-psy,Psy,1977,SINGER,South Korea,M,91,70.88,https://en.wikipedia.org/?curid=36524320,unresearched,unverified_candidate,Ranked for research discovery; HPI is not evidence of early success.
457,candidate-0457-gylmar-dos-santos-neves,Gylmar dos Santos Neves,1930,SOCCER PLAYER,Brazil,M,43,70.87,https://en.wikipedia.org/?curid=703948,unresearched,unverified_candidate,Ranked for research discovery; HPI is not evidence of early success.
458,candidate-0458-jack-brabham,Jack Brabham,1926,RACING DRIVER,Australia,M,54,70.87,https://en.wikipedia.org/?curid=16564,unresearched,unverified_candidate,Ranked for research discovery; HPI is not evidence of early success.
459,candidate-0459-bernie-ecclestone,Bernie Ecclestone,1930,BUSINESSPERSON,United Kingdom,M,43,70.86,https://en.wikipedia.org/?curid=411352,unresearched,unverified_candidate,Ranked for research discovery; HPI is not evidence of early success.
460,candidate-0460-akira-suzuki,Akira Suzuki,1930,CHEMIST,Japan,M,64,70.85,https://en.wikipedia.org/?curid=26635194,unresearched,unverified_candidate,Ranked for research discovery; HPI is not evidence of early success.
461,candidate-0461-luciano-berio,Luciano Berio,1925,COMPOSER,Italy,M,44,70.84,https://en.wikipedia.org/?curid=42823962,unresearched,unverified_candidate,Ranked for research discovery; HPI is not evidence of early success.
462,candidate-0462-álvaro-siza-vieira,Álvaro Siza Vieira,1933,ARCHITECT,Portugal,M,40,70.83,https://en.wikipedia.org/?curid=717028,unresearched,unverified_candidate,Ranked for research discovery; HPI is not evidence of early success.
463,candidate-0463-neil-young,Neil Young,1945,MUSICIAN,Canada,M,65,70.82,https://en.wikipedia.org/?curid=87985,unresearched,unverified_candidate,Ranked for research discovery; HPI is not evidence of early success.
464,candidate-0464-jacques-audiard,Jacques Audiard,1952,FILM DIRECTOR,France,M,43,70.81,https://en.wikipedia.org/?curid=4273510,unresearched,unverified_candidate,Ranked for research discovery; HPI is not evidence of early success.
465,candidate-0465-rob-rensenbrink,Rob Rensenbrink,1947,SOCCER PLAYER,Netherlands,M,41,70.81,https://en.wikipedia.org/?curid=616567,unresearched,unverified_candidate,Ranked for research discovery; HPI is not evidence of early success.
466,candidate-0466-angus-young,Angus Young,1955,MUSICIAN,United Kingdom,M,61,70.75,https://en.wikipedia.org/?curid=551483,unresearched,unverified_candidate,Ranked for research discovery; HPI is not evidence of early success.
467,candidate-0467-ron-dennis,Ron Dennis,1947,BUSINESSPERSON,United Kingdom,M,30,70.74,https://en.wikipedia.org/?curid=743649,unresearched,unverified_candidate,Ranked for research discovery; HPI is not evidence of early success.
468,candidate-0468-bong-joon-ho,Bong Joon-ho,1969,FILM DIRECTOR,South Korea,M,56,70.72,https://en.wikipedia.org/?curid=3590825,unresearched,unverified_candidate,Ranked for research discovery; HPI is not evidence of early success.
469,candidate-0469-george-graham,George Graham,1944,SOCCER PLAYER,United Kingdom,M,27,70.72,https://en.wikipedia.org/?curid=377014,unresearched,unverified_candidate,Ranked for research discovery; HPI is not evidence of early success.
470,candidate-0470-bassel-al-assad,Bassel al-Assad,1962,ENGINEER,Syria,M,32,70.71,https://en.wikipedia.org/?curid=2246162,unresearched,unverified_candidate,Ranked for research discovery; HPI is not evidence of early success.
471,candidate-0471-mercedes-sosa,Mercedes Sosa,1935,SINGER,Argentina,F,50,70.68,https://en.wikipedia.org/?curid=476992,unresearched,unverified_candidate,Ranked for research discovery; HPI is not evidence of early success.
472,candidate-0472-roberto-mancini,Roberto Mancini,1964,SOCCER PLAYER,Italy,M,58,70.67,https://en.wikipedia.org/?curid=1425014,unresearched,unverified_candidate,Ranked for research discovery; HPI is not evidence of early success.
473,candidate-0473-erwin-neher,Erwin Neher,1944,BIOLOGIST,Germany,M,53,70.67,https://en.wikipedia.org/?curid=762732,unresearched,unverified_candidate,Ranked for research discovery; HPI is not evidence of early success.
474,candidate-0474-claude-cohen-tannoudji,Claude Cohen-Tannoudji,1933,PHYSICIST,Algeria,M,68,70.67,https://en.wikipedia.org/?curid=630821,unresearched,unverified_candidate,Ranked for research discovery; HPI is not evidence of early success.
475,candidate-0475-graham-hill,Graham Hill,1929,RACING DRIVER,United Kingdom,M,51,70.66,https://en.wikipedia.org/?curid=246186,unresearched,unverified_candidate,Ranked for research discovery; HPI is not evidence of early success.
476,candidate-0476-bruce-mclaren,Bruce McLaren,1937,RACING DRIVER,New Zealand,M,40,70.66,https://en.wikipedia.org/?curid=475903,unresearched,unverified_candidate,Ranked for research discovery; HPI is not evidence of early success.
477,candidate-0477-peter-j-ratcliffe,Peter J. Ratcliffe,1954,CHEMIST,United Kingdom,M,47,70.64,https://en.wikipedia.org/?curid=37630676,unresearched,unverified_candidate,Ranked for research discovery; HPI is not evidence of early success.
478,candidate-0478-neymar,Neymar,1992,SOCCER PLAYER,Brazil,M,140,70.63,https://en.wikipedia.org/?curid=15326144,unresearched,unverified_candidate,Ranked for research discovery; HPI is not evidence of early success.
479,candidate-0479-zhang-yimou,Zhang Yimou,1950,FILM DIRECTOR,China,M,53,70.63,https://en.wikipedia.org/?curid=156198,unresearched,unverified_candidate,Ranked for research discovery; HPI is not evidence of early success.
480,candidate-0480-andriy-shevchenko,Andriy Shevchenko,1976,SOCCER PLAYER,Ukraine,M,78,70.58,https://en.wikipedia.org/?curid=616622,unresearched,unverified_candidate,Ranked for research discovery; HPI is not evidence of early success.
481,candidate-0481-nándor-hidegkuti,Nándor Hidegkuti,1922,SOCCER PLAYER,Hungary,M,40,70.52,https://en.wikipedia.org/?curid=1114908,unresearched,unverified_candidate,Ranked for research discovery; HPI is not evidence of early success.
482,candidate-0482-tsung-dao-lee,Tsung-Dao Lee,1926,PHYSICIST,China,M,73,70.51,https://en.wikipedia.org/?curid=252081,unresearched,unverified_candidate,Ranked for research discovery; HPI is not evidence of early success.
483,candidate-0483-sidney-altman,Sidney Altman,1939,CHEMIST,Canada,M,56,70.50,https://en.wikipedia.org/?curid=51775,unresearched,unverified_candidate,Ranked for research discovery; HPI is not evidence of early success.
484,candidate-0484-hank-marvin,Hank Marvin,1941,MUSICIAN,United Kingdom,M,24,70.50,https://en.wikipedia.org/?curid=727240,unresearched,unverified_candidate,Ranked for research discovery; HPI is not evidence of early success.
485,candidate-0485-helmut-marko,Helmut Marko,1943,RACING DRIVER,Austria,M,30,70.49,https://en.wikipedia.org/?curid=1233840,unresearched,unverified_candidate,Ranked for research discovery; HPI is not evidence of early success.
486,candidate-0486-cafu,Cafu,1970,SOCCER PLAYER,Brazil,M,61,70.48,https://en.wikipedia.org/?curid=615800,unresearched,unverified_candidate,Ranked for research discovery; HPI is not evidence of early success.
487,candidate-0487-clay-regazzoni,Clay Regazzoni,1939,RACING DRIVER,Switzerland,M,32,70.48,https://en.wikipedia.org/?curid=1172362,unresearched,unverified_candidate,Ranked for research discovery; HPI is not evidence of early success.
488,candidate-0488-robert-huber,Robert Huber,1937,CHEMIST,Germany,M,51,70.48,https://en.wikipedia.org/?curid=1322930,unresearched,unverified_candidate,Ranked for research discovery; HPI is not evidence of early success.
489,candidate-0489-leo-esaki,Leo Esaki,1925,PHYSICIST,Japan,M,73,70.47,https://en.wikipedia.org/?curid=217832,unresearched,unverified_candidate,Ranked for research discovery; HPI is not evidence of early success.
490,candidate-0490-gordon-banks,Gordon Banks,1937,SOCCER PLAYER,United Kingdom,M,56,70.44,https://en.wikipedia.org/?curid=12277,unresearched,unverified_candidate,Ranked for research discovery; HPI is not evidence of early success.
491,candidate-0491-lorin-maazel,Lorin Maazel,1930,CONDUCTOR,France,M,39,70.44,https://en.wikipedia.org/?curid=318440,unresearched,unverified_candidate,Ranked for research discovery; HPI is not evidence of early success.
492,candidate-0492-frank-farian,Frank Farian,1941,MUSICIAN,Germany,M,33,70.40,https://en.wikipedia.org/?curid=637882,unresearched,unverified_candidate,Ranked for research discovery; HPI is not evidence of early success.
493,candidate-0493-maya-plisetskaya,Maya Plisetskaya,1925,DANCER,Russia,F,55,70.39,https://en.wikipedia.org/?curid=2324345,unresearched,unverified_candidate,Ranked for research discovery; HPI is not evidence of early success.
494,candidate-0494-satyajit-ray,Satyajit Ray,1921,FILM DIRECTOR,India,M,127,70.38,https://en.wikipedia.org/?curid=18933424,unresearched,unverified_candidate,Ranked for research discovery; HPI is not evidence of early success.
495,candidate-0495-nikolay-basov,Nikolay Basov,1922,PHYSICIST,Russia,M,75,70.38,https://en.wikipedia.org/?curid=1555268,unresearched,unverified_candidate,Ranked for research discovery; HPI is not evidence of early success.
496,candidate-0496-bebeto,Bebeto,1964,SOCCER PLAYER,Brazil,M,64,70.37,https://en.wikipedia.org/?curid=1129210,unresearched,unverified_candidate,Ranked for research discovery; HPI is not evidence of early success.
497,candidate-0497-georges-j-f-köhler,Georges J. F. Köhler,1946,BIOLOGIST,Germany,M,48,70.37,https://en.wikipedia.org/?curid=1607609,unresearched,unverified_candidate,Ranked for research discovery; HPI is not evidence of early success.
498,candidate-0498-miguel-muñoz,Miguel Muñoz,1922,SOCCER PLAYER,Spain,M,36,70.36,https://en.wikipedia.org/?curid=4574268,unresearched,unverified_candidate,Ranked for research discovery; HPI is not evidence of early success.
499,candidate-0499-mohamed-al-fayed,Mohamed Al-Fayed,1929,BUSINESSPERSON,Egypt,M,32,70.34,https://en.wikipedia.org/?curid=20089,unresearched,unverified_candidate,Ranked for research discovery; HPI is not evidence of early success.
500,candidate-0500-peter-d-mitchell,Peter D. Mitchell,1920,CHEMIST,United Kingdom,M,56,70.34,https://en.wikipedia.org/?curid=1256186,unresearched,unverified_candidate,Ranked for research discovery; HPI is not evidence of early success.
501,candidate-0501-kaká,Kaká,1982,SOCCER PLAYER,Brazil,M,90,70.34,https://en.wikipedia.org/?curid=1297124,unresearched,unverified_candidate,Ranked for research discovery; HPI is not evidence of early success.
502,candidate-0502-josé-feliciano,José Feliciano,1945,MUSICIAN,Puerto Rico,M,42,70.33,https://en.wikipedia.org/?curid=209161,unresearched,unverified_candidate,Ranked for research discovery; HPI is not evidence of early success.
503,candidate-0503-zito,Zito,1932,SOCCER PLAYER,Brazil,M,41,70.31,https://en.wikipedia.org/?curid=5931610,unresearched,unverified_candidate,Ranked for research discovery; HPI is not evidence of early success.
504,candidate-0504-roger-glover,Roger Glover,1945,MUSICIAN,United Kingdom,M,42,70.28,https://en.wikipedia.org/?curid=505106,unresearched,unverified_candidate,Ranked for research discovery; HPI is not evidence of early success.
505,candidate-0505-aaron-klug,Aaron Klug,1926,CHEMIST,Lithuania,M,60,70.28,https://en.wikipedia.org/?curid=758556,unresearched,unverified_candidate,Ranked for research discovery; HPI is not evidence of early success.
506,candidate-0506-liliane-bettencourt,Liliane Bettencourt,1922,BUSINESSPERSON,France,F,38,70.28,https://en.wikipedia.org/?curid=684923,unresearched,unverified_candidate,Ranked for research discovery; HPI is not evidence of early success.
507,candidate-0507-costa-gavras,Costa-Gavras,1933,FILM DIRECTOR,Greece,M,49,70.24,https://en.wikipedia.org/?curid=287007,unresearched,unverified_candidate,Ranked for research discovery; HPI is not evidence of early success.
508,candidate-0508-robert-smith,Robert Smith,1959,MUSICIAN,United Kingdom,M,44,70.23,https://en.wikipedia.org/?curid=150209,unresearched,unverified_candidate,Ranked for research discovery; HPI is not evidence of early success.
509,candidate-0509-john-woo,John Woo,1946,FILM DIRECTOR,China,M,44,70.23,https://en.wikipedia.org/?curid=15571,unresearched,unverified_candidate,Ranked for research discovery; HPI is not evidence of early success.
510,candidate-0510-bettina-heinen-ayech,Bettina Heinen-Ayech,1937,PAINTER,Germany,F,29,70.20,https://en.wikipedia.org/?curid=64270450,unresearched,unverified_candidate,Ranked for research discovery; HPI is not evidence of early success.
511,candidate-0511-rudolf-schenker,Rudolf Schenker,1948,MUSICIAN,Germany,M,32,70.20,https://en.wikipedia.org/?curid=1350077,unresearched,unverified_candidate,Ranked for research discovery; HPI is not evidence of early success.
512,candidate-0512-johann-deisenhofer,Johann Deisenhofer,1943,CHEMIST,Germany,M,50,70.19,https://en.wikipedia.org/?curid=569123,unresearched,unverified_candidate,Ranked for research discovery; HPI is not evidence of early success.
513,candidate-0513-svante-pääbo,Svante Pääbo,1955,BIOLOGIST,Sweden,M,65,70.18,https://en.wikipedia.org/?curid=73016,unresearched,unverified_candidate,Ranked for research discovery; HPI is not evidence of early success.
514,candidate-0514-nikolaus-harnoncourt,Nikolaus Harnoncourt,1929,CONDUCTOR,Germany,M,39,70.15,https://en.wikipedia.org/?curid=154959,unresearched,unverified_candidate,Ranked for research discovery; HPI is not evidence of early success.
515,candidate-0515-tony-adams,Tony Adams,1966,SOCCER PLAYER,United Kingdom,M,46,70.14,https://en.wikipedia.org/?curid=88261,unresearched,unverified_candidate,Ranked for research discovery; HPI is not evidence of early success.
516,candidate-0516-alcides-ghiggia,Alcides Ghiggia,1926,SOCCER PLAYER,Uruguay,M,46,70.14,https://en.wikipedia.org/?curid=3718787,unresearched,unverified_candidate,Ranked for research discovery; HPI is not evidence of early success.
517,candidate-0517-edsger-w-dijkstra,Edsger W. Dijkstra,1930,COMPUTER SCIENTIST,Netherlands,M,61,70.14,https://en.wikipedia.org/?curid=10018,unresearched,unverified_candidate,Ranked for research discovery; HPI is not evidence of early success.
518,candidate-0518-li-ka-shing,Li Ka-shing,1928,BUSINESSPERSON,China,M,41,70.13,https://en.wikipedia.org/?curid=276834,unresearched,unverified_candidate,Ranked for research discovery; HPI is not evidence of early success.
519,candidate-0519-joe-hisaishi,Joe Hisaishi,1950,MUSICIAN,Japan,M,50,70.11,https://en.wikipedia.org/?curid=573759,unresearched,unverified_candidate,Ranked for research discovery; HPI is not evidence of early success.
520,candidate-0520-valentino,Valentino,1932,DESIGNER,Italy,M,31,70.11,https://en.wikipedia.org/?curid=919815,unresearched,unverified_candidate,Ranked for research discovery; HPI is not evidence of early success.
521,candidate-0521-peter-zumthor,Peter Zumthor,1943,ARCHITECT,Switzerland,M,41,70.10,https://en.wikipedia.org/?curid=1021012,unresearched,unverified_candidate,Ranked for research discovery; HPI is not evidence of early success.
522,candidate-0522-willard-boyle,Willard Boyle,1924,PHYSICIST,Canada,M,65,70.09,https://en.wikipedia.org/?curid=3626302,unresearched,unverified_candidate,Ranked for research discovery; HPI is not evidence of early success.
523,candidate-0523-mohamed-salah,Mohamed Salah,1992,SOCCER PLAYER,Egypt,M,92,70.08,https://en.wikipedia.org/?curid=35440786,unresearched,unverified_candidate,Ranked for research discovery; HPI is not evidence of early success.
524,candidate-0524-kakuichi-mimura,Kakuichi Mimura,1931,SOCCER PLAYER,Japan,M,52,70.08,https://en.wikipedia.org/?curid=20640415,unresearched,unverified_candidate,Ranked for research discovery; HPI is not evidence of early success.
525,candidate-0525-gianna-nannini,Gianna Nannini,1954,MUSICIAN,Italy,F,42,70.05,https://en.wikipedia.org/?curid=2079336,unresearched,unverified_candidate,Ranked for research discovery; HPI is not evidence of early success.
526,candidate-0526-césar-luis-menotti,César Luis Menotti,1938,SOCCER PLAYER,Argentina,M,46,70.04,https://en.wikipedia.org/?curid=2226088,unresearched,unverified_candidate,Ranked for research discovery; HPI is not evidence of early success.
527,candidate-0527-tony-iommi,Tony Iommi,1948,MUSICIAN,United Kingdom,M,48,70.04,https://en.wikipedia.org/?curid=395736,unresearched,unverified_candidate,Ranked for research discovery; HPI is not evidence of early success.
528,candidate-0528-dragan-džajić,Dragan Džajić,1946,SOCCER PLAYER,Serbia,M,40,70.03,https://en.wikipedia.org/?curid=2303386,unresearched,unverified_candidate,Ranked for research discovery; HPI is not evidence of early success.
529,candidate-0529-sandro-mazzola,Sandro Mazzola,1942,SOCCER PLAYER,Italy,M,44,70.02,https://en.wikipedia.org/?curid=1395690,unresearched,unverified_candidate,Ranked for research discovery; HPI is not evidence of early success.
530,candidate-0530-antoni-tàpies,Antoni Tàpies,1923,PAINTER,Spain,M,38,70.02,https://en.wikipedia.org/?curid=2883114,unresearched,unverified_candidate,Ranked for research discovery; HPI is not evidence of early success.
531,candidate-0531-josé-altafini,José Altafini,1938,SOCCER PLAYER,Brazil,M,44,70.02,https://en.wikipedia.org/?curid=1594192,unresearched,unverified_candidate,Ranked for research discovery; HPI is not evidence of early success.
532,candidate-0532-paul-mauriat,Paul Mauriat,1925,MUSICIAN,France,M,37,70.01,https://en.wikipedia.org/?curid=1134467,unresearched,unverified_candidate,Ranked for research discovery; HPI is not evidence of early success.
533,candidate-0533-jean-marie-balestre,Jean-Marie Balestre,1921,JOURNALIST,France,M,20,70.00,https://en.wikipedia.org/?curid=2853513,unresearched,unverified_candidate,Ranked for research discovery; HPI is not evidence of early success.
534,candidate-0534-andrew-wiles,Andrew Wiles,1953,MATHEMATICIAN,Germany,M,62,69.99,https://en.wikipedia.org/?curid=2027,unresearched,unverified_candidate,Ranked for research discovery; HPI is not evidence of early success.
535,candidate-0535-andrés-escobar,Andrés Escobar,1967,SOCCER PLAYER,Colombia,M,50,69.99,https://en.wikipedia.org/?curid=605233,unresearched,unverified_candidate,Ranked for research discovery; HPI is not evidence of early success.
536,candidate-0536-jacques-piccard,Jacques Piccard,1922,INVENTOR,Belgium,M,38,69.96,https://en.wikipedia.org/?curid=961466,unresearched,unverified_candidate,Ranked for research discovery; HPI is not evidence of early success.
537,candidate-0537-carlos-kleiber,Carlos Kleiber,1930,MUSICIAN,Germany,M,35,69.96,https://en.wikipedia.org/?curid=161527,unresearched,unverified_candidate,Ranked for research discovery; HPI is not evidence of early success.
538,candidate-0538-gérard-mourou,Gérard Mourou,1944,PHYSICIST,France,M,56,69.96,https://en.wikipedia.org/?curid=2142322,unresearched,unverified_candidate,Ranked for research discovery; HPI is not evidence of early success.
539,candidate-0539-jürgen-klinsmann,Jürgen Klinsmann,1964,SOCCER PLAYER,Germany,M,69,69.93,https://en.wikipedia.org/?curid=525141,unresearched,unverified_candidate,Ranked for research discovery; HPI is not evidence of early success.
540,candidate-0540-antony-hewish,Antony Hewish,1924,ASTRONOMER,United Kingdom,M,69,69.91,https://en.wikipedia.org/?curid=300769,unresearched,unverified_candidate,Ranked for research discovery; HPI is not evidence of early success.
541,candidate-0541-berti-vogts,Berti Vogts,1946,SOCCER PLAYER,Germany,M,49,69.89,https://en.wikipedia.org/?curid=775222,unresearched,unverified_candidate,Ranked for research discovery; HPI is not evidence of early success.
542,candidate-0542-geoffrey-hinton,Geoffrey Hinton,1947,COMPUTER SCIENTIST,United Kingdom,M,56,69.89,https://en.wikipedia.org/?curid=507174,unresearched,unverified_candidate,Ranked for research discovery; HPI is not evidence of early success.
543,candidate-0543-luigi-nono,Luigi Nono,1924,COMPOSER,Italy,M,36,69.87,https://en.wikipedia.org/?curid=378674,unresearched,unverified_candidate,Ranked for research discovery; HPI is not evidence of early success.
544,candidate-0544-rik-van-looy,Rik Van Looy,1933,CYCLIST,Belgium,M,29,69.87,https://en.wikipedia.org/?curid=1867178,unresearched,unverified_candidate,Ranked for research discovery; HPI is not evidence of early success.
545,candidate-0545-simone-inzaghi,Simone Inzaghi,1976,SOCCER PLAYER,Italy,M,44,69.86,https://en.wikipedia.org/?curid=3469367,unresearched,unverified_candidate,Ranked for research discovery; HPI is not evidence of early success.
546,candidate-0546-kane,Kane,1967,WRESTLER,Spain,M,45,69.86,https://en.wikipedia.org/?curid=311937,unresearched,unverified_candidate,Ranked for research discovery; HPI is not evidence of early success.
547,candidate-0547-daniel-passarella,Daniel Passarella,1953,SOCCER PLAYER,Argentina,M,53,69.86,https://en.wikipedia.org/?curid=615782,unresearched,unverified_candidate,Ranked for research discovery; HPI is not evidence of early success.
548,candidate-0548-niklaus-wirth,Niklaus Wirth,1934,COMPUTER SCIENTIST,Switzerland,M,54,69.80,https://en.wikipedia.org/?curid=21642,unresearched,unverified_candidate,Ranked for research discovery; HPI is not evidence of early success.
549,candidate-0549-ivar-giaever,Ivar Giaever,1929,PHYSICIST,Norway,M,66,69.80,https://en.wikipedia.org/?curid=396621,unresearched,unverified_candidate,Ranked for research discovery; HPI is not evidence of early success.
550,candidate-0550-ratko-janev,Ratko Janev,1939,PHYSICIST,Bulgaria,M,50,69.79,https://en.wikipedia.org/?curid=37531982,unresearched,unverified_candidate,Ranked for research discovery; HPI is not evidence of early success.
551,candidate-0551-allan-simonsen,Allan Simonsen,1952,SOCCER PLAYER,Denmark,M,46,69.78,https://en.wikipedia.org/?curid=1606122,unresearched,unverified_candidate,Ranked for research discovery; HPI is not evidence of early success.
552,candidate-0552-anton-zeilinger,Anton Zeilinger,1945,PHYSICIST,Austria,M,52,69.76,https://en.wikipedia.org/?curid=918635,unresearched,unverified_candidate,Ranked for research discovery; HPI is not evidence of early success.
553,candidate-0553-jim-peebles,Jim Peebles,1935,PHYSICIST,Canada,M,60,69.72,https://en.wikipedia.org/?curid=864778,unresearched,unverified_candidate,Ranked for research discovery; HPI is not evidence of early success.
554,candidate-0554-nils-liedholm,Nils Liedholm,1922,SOCCER PLAYER,Sweden,M,43,69.72,https://en.wikipedia.org/?curid=1570177,unresearched,unverified_candidate,Ranked for research discovery; HPI is not evidence of early success.
555,candidate-0555-claude-lelouch,Claude Lelouch,1937,FILM DIRECTOR,France,M,47,69.72,https://en.wikipedia.org/?curid=925369,unresearched,unverified_candidate,Ranked for research discovery; HPI is not evidence of early success.
556,candidate-0556-alfonso-de-portago,Alfonso de Portago,1928,RACING DRIVER,United Kingdom,M,27,69.71,https://en.wikipedia.org/?curid=1228185,unresearched,unverified_candidate,Ranked for research discovery; HPI is not evidence of early success.
557,candidate-0557-a-r-rahman,A. R. Rahman,1966,MUSICIAN,India,M,61,69.70,https://en.wikipedia.org/?curid=222417,unresearched,unverified_candidate,Ranked for research discovery; HPI is not evidence of early success.
558,candidate-0558-viktor-korchnoi,Viktor Korchnoi,1931,CHESS PLAYER,Russia,M,53,69.66,https://en.wikipedia.org/?curid=23987616,unresearched,unverified_candidate,Ranked for research discovery; HPI is not evidence of early success.
559,candidate-0559-jordi-savall,Jordi Savall,1941,COMPOSER,Spain,M,38,69.64,https://en.wikipedia.org/?curid=885181,unresearched,unverified_candidate,Ranked for research discovery; HPI is not evidence of early success.
560,candidate-0560-tostão,Tostão,1947,SOCCER PLAYER,Brazil,M,45,69.64,https://en.wikipedia.org/?curid=771967,unresearched,unverified_candidate,Ranked for research discovery; HPI is not evidence of early success.
561,candidate-0561-steve-howe,Steve Howe,1947,MUSICIAN,United Kingdom,M,29,69.64,https://en.wikipedia.org/?curid=529161,unresearched,unverified_candidate,Ranked for research discovery; HPI is not evidence of early success.
562,candidate-0562-lotfi-a-zadeh,Lotfi A. Zadeh,1921,COMPUTER SCIENTIST,Azerbaijan,M,38,69.64,https://en.wikipedia.org/?curid=201155,unresearched,unverified_candidate,Ranked for research discovery; HPI is not evidence of early success.
563,candidate-0563-jorge-jesus,Jorge Jesus,1954,SOCCER PLAYER,Portugal,M,30,69.64,https://en.wikipedia.org/?curid=13322638,unresearched,unverified_candidate,Ranked for research discovery; HPI is not evidence of early success.
564,candidate-0564-albert-speer,Albert Speer,1934,ARCHITECT,Germany,M,26,69.62,https://en.wikipedia.org/?curid=1607695,unresearched,unverified_candidate,Ranked for research discovery; HPI is not evidence of early success.
565,candidate-0565-didier-deschamps,Didier Deschamps,1968,SOCCER PLAYER,France,M,68,69.61,https://en.wikipedia.org/?curid=615832,unresearched,unverified_candidate,Ranked for research discovery; HPI is not evidence of early success.
566,candidate-0566-ademir-de-menezes,Ademir de Menezes,1922,SOCCER PLAYER,Brazil,M,39,69.59,https://en.wikipedia.org/?curid=2838545,unresearched,unverified_candidate,Ranked for research discovery; HPI is not evidence of early success.
567,candidate-0567-pierre-gilles-de-gennes,Pierre-Gilles de Gennes,1932,PHYSICIST,France,M,62,69.57,https://en.wikipedia.org/?curid=575754,unresearched,unverified_candidate,Ranked for research discovery; HPI is not evidence of early success.
568,candidate-0568-giuseppe-tornatore,Giuseppe Tornatore,1956,FILM DIRECTOR,Italy,M,57,69.56,https://en.wikipedia.org/?curid=430416,unresearched,unverified_candidate,Ranked for research discovery; HPI is not evidence of early success.
569,candidate-0569-antonio-conte,Antonio Conte,1969,SOCCER PLAYER,Italy,M,60,69.55,https://en.wikipedia.org/?curid=5571007,unresearched,unverified_candidate,Ranked for research discovery; HPI is not evidence of early success.
570,candidate-0570-masao-ono,Masao Ono,1923,SOCCER PLAYER,Japan,M,50,69.55,https://en.wikipedia.org/?curid=25864436,unresearched,unverified_candidate,Ranked for research discovery; HPI is not evidence of early success.
571,candidate-0571-vladimir-ashkenazy,Vladimir Ashkenazy,1937,MUSICIAN,Russia,M,39,69.55,https://en.wikipedia.org/?curid=155753,unresearched,unverified_candidate,Ranked for research discovery; HPI is not evidence of early success.
572,candidate-0572-paulo-roberto-falcão,Paulo Roberto Falcão,1953,SOCCER PLAYER,Brazil,M,48,69.53,https://en.wikipedia.org/?curid=17023053,unresearched,unverified_candidate,Ranked for research discovery; HPI is not evidence of early success.
573,candidate-0573-abdus-salam,Abdus Salam,1926,PHYSICIST,Pakistan,M,82,69.53,https://en.wikipedia.org/?curid=304427,unresearched,unverified_candidate,Ranked for research discovery; HPI is not evidence of early success.
574,candidate-0574-carlos-queiroz,Carlos Queiroz,1953,SOCCER PLAYER,Mozambique,M,47,69.51,https://en.wikipedia.org/?curid=779591,unresearched,unverified_candidate,Ranked for research discovery; HPI is not evidence of early success.
575,candidate-0575-serge-haroche,Serge Haroche,1944,PHYSICIST,Morocco,M,64,69.50,https://en.wikipedia.org/?curid=14661857,unresearched,unverified_candidate,Ranked for research discovery; HPI is not evidence of early success.
576,candidate-0576-james-last,James Last,1929,MUSICIAN,Germany,M,38,69.50,https://en.wikipedia.org/?curid=1869860,unresearched,unverified_candidate,Ranked for research discovery; HPI is not evidence of early success.
577,candidate-0577-charles-k-kao,Charles K. Kao,1933,INVENTOR,China,M,68,69.49,https://en.wikipedia.org/?curid=51012,unresearched,unverified_candidate,Ranked for research discovery; HPI is not evidence of early success.
578,candidate-0578-arthur-b-mcdonald,Arthur B. McDonald,1943,ASTRONOMER,Canada,M,65,69.47,https://en.wikipedia.org/?curid=14031024,unresearched,unverified_candidate,Ranked for research discovery; HPI is not evidence of early success.
579,candidate-0579-jesús-franco,Jesús Franco,1930,FILM DIRECTOR,Spain,M,35,69.46,https://en.wikipedia.org/?curid=1176169,unresearched,unverified_candidate,Ranked for research discovery; HPI is not evidence of early success.
580,candidate-0580-ivica-osim,Ivica Osim,1941,SOCCER PLAYER,Bosnia and Herzegovina,M,50,69.45,https://en.wikipedia.org/?curid=1748529,unresearched,unverified_candidate,Ranked for research discovery; HPI is not evidence of early success.
581,candidate-0581-pete-best,Pete Best,1941,MUSICIAN,India,M,52,69.42,https://en.wikipedia.org/?curid=24600,unresearched,unverified_candidate,Ranked for research discovery; HPI is not evidence of early success.
582,candidate-0582-sydney-brenner,Sydney Brenner,1927,BIOLOGIST,South Africa,M,65,69.41,https://en.wikipedia.org/?curid=379148,unresearched,unverified_candidate,Ranked for research discovery; HPI is not evidence of early success.
583,candidate-0583-john-barry,John Barry,1933,COMPOSER,United Kingdom,M,55,69.40,https://en.wikipedia.org/?curid=199617,unresearched,unverified_candidate,Ranked for research discovery; HPI is not evidence of early success.
584,candidate-0584-toshihide-maskawa,Toshihide Maskawa,1940,PHYSICIST,Japan,M,63,69.39,https://en.wikipedia.org/?curid=10899167,unresearched,unverified_candidate,Ranked for research discovery; HPI is not evidence of early success.
585,candidate-0585-piero-ferrari,Piero Ferrari,1945,BUSINESSPERSON,Italy,M,19,69.35,https://en.wikipedia.org/?curid=5876748,unresearched,unverified_candidate,Ranked for research discovery; HPI is not evidence of early success.
586,candidate-0586-davor-šuker,Davor Šuker,1968,SOCCER PLAYER,Croatia,M,61,69.35,https://en.wikipedia.org/?curid=610980,unresearched,unverified_candidate,Ranked for research discovery; HPI is not evidence of early success.
587,candidate-0587-ravi-shankar,Ravi Shankar,1920,MUSICIAN,India,M,91,69.34,https://en.wikipedia.org/?curid=100156,unresearched,unverified_candidate,Ranked for research discovery; HPI is not evidence of early success.
588,candidate-0588-carlo-rubbia,Carlo Rubbia,1934,PHYSICIST,Italy,M,72,69.34,https://en.wikipedia.org/?curid=44932,unresearched,unverified_candidate,Ranked for research discovery; HPI is not evidence of early success.
589,candidate-0589-jerzy-grotowski,Jerzy Grotowski,1933,FILM DIRECTOR,Poland,M,38,69.33,https://en.wikipedia.org/?curid=53520,unresearched,unverified_candidate,Ranked for research discovery; HPI is not evidence of early success.
590,candidate-0590-hiroaki-sato,Hiroaki Sato,1932,SOCCER PLAYER,Japan,M,51,69.31,https://en.wikipedia.org/?curid=20640290,unresearched,unverified_candidate,Ranked for research discovery; HPI is not evidence of early success.
591,candidate-0591-amy-winehouse,Amy Winehouse,1983,MUSICIAN,United Kingdom,F,108,69.31,https://en.wikipedia.org/?curid=939583,unresearched,unverified_candidate,Ranked for research discovery; HPI is not evidence of early success.
592,candidate-0592-andy-cole,Andy Cole,1971,SOCCER PLAYER,United Kingdom,M,49,69.28,https://en.wikipedia.org/?curid=556903,unresearched,unverified_candidate,Ranked for research discovery; HPI is not evidence of early success.
593,candidate-0593-carlos-reutemann,Carlos Reutemann,1942,RACING DRIVER,Argentina,M,37,69.28,https://en.wikipedia.org/?curid=7859379,unresearched,unverified_candidate,Ranked for research discovery; HPI is not evidence of early success.
594,candidate-0594-alessandro-del-piero,Alessandro Del Piero,1974,SOCCER PLAYER,Italy,M,73,69.27,https://en.wikipedia.org/?curid=20118104,unresearched,unverified_candidate,Ranked for research discovery; HPI is not evidence of early success.
595,candidate-0595-alan-macdiarmid,Alan MacDiarmid,1927,CHEMIST,New Zealand,M,58,69.25,https://en.wikipedia.org/?curid=1178444,unresearched,unverified_candidate,Ranked for research discovery; HPI is not evidence of early success.
596,candidate-0596-hernán-crespo,Hernán Crespo,1975,SOCCER PLAYER,Argentina,M,75,69.25,https://en.wikipedia.org/?curid=346840,unresearched,unverified_candidate,Ranked for research discovery; HPI is not evidence of early success.
597,candidate-0597-zoltán-czibor,Zoltán Czibor,1929,SOCCER PLAYER,Hungary,M,38,69.24,https://en.wikipedia.org/?curid=3791009,unresearched,unverified_candidate,Ranked for research discovery; HPI is not evidence of early success.
598,candidate-0598-gene-simmons,Gene Simmons,1949,MUSICIAN,Israel,M,44,69.24,https://en.wikipedia.org/?curid=142241,unresearched,unverified_candidate,Ranked for research discovery; HPI is not evidence of early success.
599,candidate-0599-luigi-riva,Luigi Riva,1944,SOCCER PLAYER,Italy,M,53,69.24,https://en.wikipedia.org/?curid=1110921,unresearched,unverified_candidate,Ranked for research discovery; HPI is not evidence of early success.
600,candidate-0600-juan-alberto-schiaffino,Juan Alberto Schiaffino,1925,SOCCER PLAYER,Uruguay,M,44,69.24,https://en.wikipedia.org/?curid=3195344,unresearched,unverified_candidate,Ranked for research discovery; HPI is not evidence of early success.
