candidate_rank,candidate_id,name,birth_year,occupation,country_name,gender,wikipedia_languages,hpi,source_record_url,milestone_by_26_status,research_status,selection_note
1,candidate-0001-al-pacino,Al Pacino,1940,ACTOR,United States,M,122,89.27,https://en.wikipedia.org/?curid=41906,unresearched,unverified_candidate,Ranked for research discovery; HPI is not evidence of early success.
2,candidate-0002-sylvester-stallone,Sylvester Stallone,1946,ACTOR,United States,M,107,89.20,https://en.wikipedia.org/?curid=61404,unresearched,unverified_candidate,Ranked for research discovery; HPI is not evidence of early success.
3,candidate-0003-clint-eastwood,Clint Eastwood,1930,ACTOR,United States,M,108,89.20,https://en.wikipedia.org/?curid=43373,unresearched,unverified_candidate,Ranked for research discovery; HPI is not evidence of early success.
4,candidate-0004-ivana-trump,Ivana Trump,1949,BUSINESSPERSON,Czechia,F,56,85.70,https://en.wikipedia.org/?curid=1057887,unresearched,unverified_candidate,Ranked for research discovery; HPI is not evidence of early success.
5,candidate-0005-anthony-hopkins,Anthony Hopkins,1937,ACTOR,United Kingdom,M,104,83.87,https://en.wikipedia.org/?curid=2397,unresearched,unverified_candidate,Ranked for research discovery; HPI is not evidence of early success.
6,candidate-0006-robert-de-niro,Robert De Niro,1943,ACTOR,United States,M,123,83.81,https://en.wikipedia.org/?curid=20913302,unresearched,unverified_candidate,Ranked for research discovery; HPI is not evidence of early success.
7,candidate-0007-hayao-miyazaki,Hayao Miyazaki,1941,FILM DIRECTOR,Japan,M,99,83.44,https://en.wikipedia.org/?curid=20312,unresearched,unverified_candidate,Ranked for research discovery; HPI is not evidence of early success.
8,candidate-0008-toni-morrison,Toni Morrison,1931,WRITER,United States,F,108,82.91,https://en.wikipedia.org/?curid=43165,unresearched,unverified_candidate,Ranked for research discovery; HPI is not evidence of early success.
9,candidate-0009-david-lynch,David Lynch,1946,FILM DIRECTOR,United States,M,85,82.53,https://en.wikipedia.org/?curid=7891,unresearched,unverified_candidate,Ranked for research discovery; HPI is not evidence of early success.
10,candidate-0010-danny-devito,Danny DeVito,1944,ACTOR,United States,M,82,82.24,https://en.wikipedia.org/?curid=104940,unresearched,unverified_candidate,Ranked for research discovery; HPI is not evidence of early success.
11,candidate-0011-jean-paul-belmondo,Jean-Paul Belmondo,1933,ACTOR,France,M,93,81.93,https://en.wikipedia.org/?curid=45380,unresearched,unverified_candidate,Ranked for research discovery; HPI is not evidence of early success.
12,candidate-0012-amitabh-bachchan,Amitabh Bachchan,1942,ACTOR,India,M,113,81.47,https://en.wikipedia.org/?curid=1828,unresearched,unverified_candidate,Ranked for research discovery; HPI is not evidence of early success.
13,candidate-0013-george-soros,George Soros,1930,BUSINESSPERSON,Hungary,M,81,81.39,https://en.wikipedia.org/?curid=6951166,unresearched,unverified_candidate,Ranked for research discovery; HPI is not evidence of early success.
14,candidate-0014-václav-havel,Václav Havel,1936,WRITER,Czechia,M,110,81.32,https://en.wikipedia.org/?curid=63299,unresearched,unverified_candidate,Ranked for research discovery; HPI is not evidence of early success.
15,candidate-0015-sean-connery,Sean Connery,1930,ACTOR,United Kingdom,M,125,81.18,https://en.wikipedia.org/?curid=26709,unresearched,unverified_candidate,Ranked for research discovery; HPI is not evidence of early success.
16,candidate-0016-gene-hackman,Gene Hackman,1930,ACTOR,United States,M,80,81.14,https://en.wikipedia.org/?curid=12561,unresearched,unverified_candidate,Ranked for research discovery; HPI is not evidence of early success.
17,candidate-0017-morgan-freeman,Morgan Freeman,1937,ACTOR,United States,M,108,81.12,https://en.wikipedia.org/?curid=20584,unresearched,unverified_candidate,Ranked for research discovery; HPI is not evidence of early success.
18,candidate-0018-sepp-blatter,Sepp Blatter,1936,BUSINESSPERSON,Switzerland,M,80,80.94,https://en.wikipedia.org/?curid=42278,unresearched,unverified_candidate,Ranked for research discovery; HPI is not evidence of early success.
19,candidate-0019-jack-nicholson,Jack Nicholson,1937,ACTOR,United States,M,112,80.94,https://en.wikipedia.org/?curid=18617829,unresearched,unverified_candidate,Ranked for research discovery; HPI is not evidence of early success.
20,candidate-0020-jean-reno,Jean Reno,1948,ACTOR,Morocco,M,73,80.92,https://en.wikipedia.org/?curid=38253,unresearched,unverified_candidate,Ranked for research discovery; HPI is not evidence of early success.
21,candidate-0021-dustin-hoffman,Dustin Hoffman,1937,ACTOR,United States,M,93,80.69,https://en.wikipedia.org/?curid=42148,unresearched,unverified_candidate,Ranked for research discovery; HPI is not evidence of early success.
22,candidate-0022-vince-mcmahon,Vince McMahon,1945,BUSINESSPERSON,United States,M,49,80.55,https://en.wikipedia.org/?curid=303951,unresearched,unverified_candidate,Ranked for research discovery; HPI is not evidence of early success.
23,candidate-0023-bruce-willis,Bruce Willis,1955,ACTOR,Germany,M,104,80.48,https://en.wikipedia.org/?curid=64673,unresearched,unverified_candidate,Ranked for research discovery; HPI is not evidence of early success.
24,candidate-0024-haruki-murakami,Haruki Murakami,1949,WRITER,Japan,M,95,80.40,https://en.wikipedia.org/?curid=229198,unresearched,unverified_candidate,Ranked for research discovery; HPI is not evidence of early success.
25,candidate-0025-david-j-thouless,David J. Thouless,1934,PHYSICIST,United Kingdom,M,65,79.67,https://en.wikipedia.org/?curid=5583178,unresearched,unverified_candidate,Ranked for research discovery; HPI is not evidence of early success.
26,candidate-0026-harrison-ford,Harrison Ford,1942,ACTOR,United States,M,100,79.27,https://en.wikipedia.org/?curid=44059,unresearched,unverified_candidate,Ranked for research discovery; HPI is not evidence of early success.
27,candidate-0027-alan-rickman,Alan Rickman,1946,ACTOR,United Kingdom,M,84,79.04,https://en.wikipedia.org/?curid=39879,unresearched,unverified_candidate,Ranked for research discovery; HPI is not evidence of early success.
28,candidate-0028-liam-neeson,Liam Neeson,1952,ACTOR,United Kingdom,M,87,78.88,https://en.wikipedia.org/?curid=64182,unresearched,unverified_candidate,Ranked for research discovery; HPI is not evidence of early success.
29,candidate-0029-florentino-pérez,Florentino Pérez,1947,BUSINESSPERSON,Spain,M,52,78.86,https://en.wikipedia.org/?curid=2919782,unresearched,unverified_candidate,Ranked for research discovery; HPI is not evidence of early success.
30,candidate-0030-steven-seagal,Steven Seagal,1952,ACTOR,United States,M,122,78.84,https://en.wikipedia.org/?curid=67404,unresearched,unverified_candidate,Ranked for research discovery; HPI is not evidence of early success.
31,candidate-0031-anna-wintour,Anna Wintour,1949,WRITER,United Kingdom,F,49,78.83,https://en.wikipedia.org/?curid=730578,unresearched,unverified_candidate,Ranked for research discovery; HPI is not evidence of early success.
32,candidate-0032-pedro-almodóvar,Pedro Almodóvar,1949,FILM DIRECTOR,Spain,M,81,78.76,https://en.wikipedia.org/?curid=5195275,unresearched,unverified_candidate,Ranked for research discovery; HPI is not evidence of early success.
33,candidate-0033-norman-foster-baron-foster-of-thames-bank,"Norman Foster, Baron Foster of Thames Bank",1935,ARCHITECT,United Kingdom,M,64,78.70,https://en.wikipedia.org/?curid=21641,unresearched,unverified_candidate,Ranked for research discovery; HPI is not evidence of early success.
34,candidate-0034-ridley-scott,Ridley Scott,1937,FILM DIRECTOR,United Kingdom,M,79,78.61,https://en.wikipedia.org/?curid=25493,unresearched,unverified_candidate,Ranked for research discovery; HPI is not evidence of early success.
35,candidate-0035-sheldon-lee-glashow,Sheldon Lee Glashow,1932,PHYSICIST,United States,M,67,78.53,https://en.wikipedia.org/?curid=396721,unresearched,unverified_candidate,Ranked for research discovery; HPI is not evidence of early success.
36,candidate-0036-zaha-hadid,Zaha Hadid,1950,ARCHITECT,Iraq,F,82,78.46,https://en.wikipedia.org/?curid=513402,unresearched,unverified_candidate,Ranked for research discovery; HPI is not evidence of early success.
37,candidate-0037-vin-diesel,Vin Diesel,1967,ACTOR,United States,M,98,78.43,https://en.wikipedia.org/?curid=415175,unresearched,unverified_candidate,Ranked for research discovery; HPI is not evidence of early success.
38,candidate-0038-debbie-harry,Debbie Harry,1945,SINGER,United States,F,48,78.41,https://en.wikipedia.org/?curid=15803791,unresearched,unverified_candidate,Ranked for research discovery; HPI is not evidence of early success.
39,candidate-0039-tom-selleck,Tom Selleck,1945,ACTOR,United States,M,51,78.39,https://en.wikipedia.org/?curid=277451,unresearched,unverified_candidate,Ranked for research discovery; HPI is not evidence of early success.
40,candidate-0040-orhan-pamuk,Orhan Pamuk,1952,WRITER,Türkiye,M,113,78.34,https://en.wikipedia.org/?curid=403520,unresearched,unverified_candidate,Ranked for research discovery; HPI is not evidence of early success.
41,candidate-0041-mark-knopfler,Mark Knopfler,1949,MUSICIAN,United Kingdom,M,52,78.32,https://en.wikipedia.org/?curid=199158,unresearched,unverified_candidate,Ranked for research discovery; HPI is not evidence of early success.
42,candidate-0042-bob-ross,Bob Ross,1942,PAINTER,United States,M,43,78.29,https://en.wikipedia.org/?curid=50436882,unresearched,unverified_candidate,Ranked for research discovery; HPI is not evidence of early success.
43,candidate-0043-david-woodard,David Woodard,1964,WRITER,United States,M,335,78.20,https://en.wikipedia.org/?curid=42125274,unresearched,unverified_candidate,Ranked for research discovery; HPI is not evidence of early success.
44,candidate-0044-andrei-tarkovsky,Andrei Tarkovsky,1932,FILM DIRECTOR,Russia,M,80,78.16,https://en.wikipedia.org/?curid=676,unresearched,unverified_candidate,Ranked for research discovery; HPI is not evidence of early success.
45,candidate-0045-svetlana-alexievich,Svetlana Alexievich,1948,WRITER,Ukraine,F,98,78.14,https://en.wikipedia.org/?curid=8207719,unresearched,unverified_candidate,Ranked for research discovery; HPI is not evidence of early success.
46,candidate-0046-brad-pitt,Brad Pitt,1963,ACTOR,United States,M,127,78.07,https://en.wikipedia.org/?curid=44849,unresearched,unverified_candidate,Ranked for research discovery; HPI is not evidence of early success.
47,candidate-0047-satoshi-nakamoto,Satoshi Nakamoto,1975,COMPUTER SCIENTIST,Japan,M,54,78.04,https://en.wikipedia.org/?curid=30128660,unresearched,unverified_candidate,Ranked for research discovery; HPI is not evidence of early success.
48,candidate-0048-denzel-washington,Denzel Washington,1954,ACTOR,United States,M,98,77.95,https://en.wikipedia.org/?curid=100692,unresearched,unverified_candidate,Ranked for research discovery; HPI is not evidence of early success.
49,candidate-0049-robert-redford,Robert Redford,1936,ACTOR,United States,M,76,77.89,https://en.wikipedia.org/?curid=61982,unresearched,unverified_candidate,Ranked for research discovery; HPI is not evidence of early success.
50,candidate-0050-kevin-costner,Kevin Costner,1955,ACTOR,United States,M,102,77.79,https://en.wikipedia.org/?curid=144152,unresearched,unverified_candidate,Ranked for research discovery; HPI is not evidence of early success.
51,candidate-0051-michael-caine,Michael Caine,1933,ACTOR,United Kingdom,M,97,77.56,https://en.wikipedia.org/?curid=61479,unresearched,unverified_candidate,Ranked for research discovery; HPI is not evidence of early success.
52,candidate-0052-annie-ernaux,Annie Ernaux,1940,WRITER,France,F,82,77.55,https://en.wikipedia.org/?curid=3854049,unresearched,unverified_candidate,Ranked for research discovery; HPI is not evidence of early success.
53,candidate-0053-joseph-hooton-taylor-jr,Joseph Hooton Taylor Jr.,1941,ASTRONOMER,United States,M,66,77.51,https://en.wikipedia.org/?curid=499509,unresearched,unverified_candidate,Ranked for research discovery; HPI is not evidence of early success.
54,candidate-0054-andrea-bocelli,Andrea Bocelli,1958,SINGER,Italy,M,91,77.51,https://en.wikipedia.org/?curid=451281,unresearched,unverified_candidate,Ranked for research discovery; HPI is not evidence of early success.
55,candidate-0055-miloš-forman,Miloš Forman,1932,FILM DIRECTOR,Czechia,M,77,77.43,https://en.wikipedia.org/?curid=51333,unresearched,unverified_candidate,Ranked for research discovery; HPI is not evidence of early success.
56,candidate-0056-toto-cutugno,Toto Cutugno,1943,SINGER,Italy,M,74,77.36,https://en.wikipedia.org/?curid=263914,unresearched,unverified_candidate,Ranked for research discovery; HPI is not evidence of early success.
57,candidate-0057-richard-chamberlain,Richard Chamberlain,1934,ACTOR,United States,M,54,77.12,https://en.wikipedia.org/?curid=320723,unresearched,unverified_candidate,Ranked for research discovery; HPI is not evidence of early success.
58,candidate-0058-giorgio-armani,Giorgio Armani,1934,DESIGNER,Italy,M,52,77.04,https://en.wikipedia.org/?curid=406617,unresearched,unverified_candidate,Ranked for research discovery; HPI is not evidence of early success.
59,candidate-0059-tim-cook,Tim Cook,1960,BUSINESSPERSON,United States,M,64,76.97,https://en.wikipedia.org/?curid=46878774,unresearched,unverified_candidate,Ranked for research discovery; HPI is not evidence of early success.
60,candidate-0060-sting,Sting,1951,MUSICIAN,United Kingdom,M,78,76.75,https://en.wikipedia.org/?curid=83312,unresearched,unverified_candidate,Ranked for research discovery; HPI is not evidence of early success.
61,candidate-0061-sigourney-weaver,Sigourney Weaver,1949,ACTOR,United States,F,107,76.75,https://en.wikipedia.org/?curid=64965,unresearched,unverified_candidate,Ranked for research discovery; HPI is not evidence of early success.
62,candidate-0062-donald-sutherland,Donald Sutherland,1935,ACTOR,Canada,M,87,76.71,https://en.wikipedia.org/?curid=129237,unresearched,unverified_candidate,Ranked for research discovery; HPI is not evidence of early success.
63,candidate-0063-john-holmes,John Holmes,1944,ACTOR,United States,M,33,76.70,https://en.wikipedia.org/?curid=88489,unresearched,unverified_candidate,Ranked for research discovery; HPI is not evidence of early success.
64,candidate-0064-j-k-rowling,J. K. Rowling,1965,WRITER,United Kingdom,F,133,76.63,https://en.wikipedia.org/?curid=16027,unresearched,unverified_candidate,Ranked for research discovery; HPI is not evidence of early success.
65,candidate-0065-herta-müller,Herta Müller,1953,WRITER,Romania,F,107,76.59,https://en.wikipedia.org/?curid=6151067,unresearched,unverified_candidate,Ranked for research discovery; HPI is not evidence of early success.
66,candidate-0066-georg-bednorz,Georg Bednorz,1950,PHYSICIST,Germany,M,69,76.58,https://en.wikipedia.org/?curid=7710506,unresearched,unverified_candidate,Ranked for research discovery; HPI is not evidence of early success.
67,candidate-0067-venkatraman-ramakrishnan,Venkatraman Ramakrishnan,1952,CHEMIST,India,M,70,76.44,https://en.wikipedia.org/?curid=3421751,unresearched,unverified_candidate,Ranked for research discovery; HPI is not evidence of early success.
68,candidate-0068-samuel-l-jackson,Samuel L. Jackson,1948,ACTOR,United States,M,84,76.35,https://en.wikipedia.org/?curid=54306,unresearched,unverified_candidate,Ranked for research discovery; HPI is not evidence of early success.
69,candidate-0069-andré-rieu,André Rieu,1949,MUSICIAN,Netherlands,M,44,76.28,https://en.wikipedia.org/?curid=1351589,unresearched,unverified_candidate,Ranked for research discovery; HPI is not evidence of early success.
70,candidate-0070-bill-paxton,Bill Paxton,1955,ACTOR,United States,M,63,76.24,https://en.wikipedia.org/?curid=303960,unresearched,unverified_candidate,Ranked for research discovery; HPI is not evidence of early success.
71,candidate-0071-gao-xingjian,Gao Xingjian,1940,WRITER,China,M,92,76.23,https://en.wikipedia.org/?curid=190441,unresearched,unverified_candidate,Ranked for research discovery; HPI is not evidence of early success.
72,candidate-0072-barry-barish,Barry Barish,1936,PHYSICIST,United States,M,56,76.20,https://en.wikipedia.org/?curid=36535054,unresearched,unverified_candidate,Ranked for research discovery; HPI is not evidence of early success.
73,candidate-0073-isabel-allende,Isabel Allende,1942,WRITER,Peru,F,73,76.20,https://en.wikipedia.org/?curid=157994,unresearched,unverified_candidate,Ranked for research discovery; HPI is not evidence of early success.
74,candidate-0074-yoshinori-ohsumi,Yoshinori Ohsumi,1945,BIOLOGIST,Japan,M,69,76.17,https://en.wikipedia.org/?curid=37674837,unresearched,unverified_candidate,Ranked for research discovery; HPI is not evidence of early success.
75,candidate-0075-eckhart-tolle,Eckhart Tolle,1948,WRITER,Germany,M,46,76.13,https://en.wikipedia.org/?curid=1338466,unresearched,unverified_candidate,Ranked for research discovery; HPI is not evidence of early success.
76,candidate-0076-jeffrey-epstein,Jeffrey Epstein,1953,BUSINESSPERSON,United States,M,51,76.09,https://en.wikipedia.org/?curid=6253522,unresearched,unverified_candidate,Ranked for research discovery; HPI is not evidence of early success.
77,candidate-0077-raul-julia,Raul Julia,1940,ACTOR,Puerto Rico,M,43,76.05,https://en.wikipedia.org/?curid=347344,unresearched,unverified_candidate,Ranked for research discovery; HPI is not evidence of early success.
78,candidate-0078-paul-auster,Paul Auster,1947,WRITER,United States,M,59,75.86,https://en.wikipedia.org/?curid=25022,unresearched,unverified_candidate,Ranked for research discovery; HPI is not evidence of early success.
79,candidate-0079-scatman-john,Scatman John,1942,MUSICIAN,United States,M,47,75.82,https://en.wikipedia.org/?curid=558490,unresearched,unverified_candidate,Ranked for research discovery; HPI is not evidence of early success.
80,candidate-0080-michael-mann,Michael Mann,1943,FILM DIRECTOR,United States,M,47,75.77,https://en.wikipedia.org/?curid=19565,unresearched,unverified_candidate,Ranked for research discovery; HPI is not evidence of early success.
81,candidate-0081-john-williams,John Williams,1932,COMPOSER,United States,M,72,75.77,https://en.wikipedia.org/?curid=154554,unresearched,unverified_candidate,Ranked for research discovery; HPI is not evidence of early success.
82,candidate-0082-amancio-ortega,Amancio Ortega,1936,BUSINESSPERSON,Spain,M,52,75.76,https://en.wikipedia.org/?curid=10841489,unresearched,unverified_candidate,Ranked for research discovery; HPI is not evidence of early success.
83,candidate-0083-ronnie-james-dio,Ronnie James Dio,1942,MUSICIAN,United States,M,67,75.75,https://en.wikipedia.org/?curid=149435,unresearched,unverified_candidate,Ranked for research discovery; HPI is not evidence of early success.
84,candidate-0084-roberto-benigni,Roberto Benigni,1952,ACTOR,Italy,M,77,75.75,https://en.wikipedia.org/?curid=46344,unresearched,unverified_candidate,Ranked for research discovery; HPI is not evidence of early success.
85,candidate-0085-robert-duvall,Robert Duvall,1931,ACTOR,United States,M,79,75.73,https://en.wikipedia.org/?curid=161266,unresearched,unverified_candidate,Ranked for research discovery; HPI is not evidence of early success.
86,candidate-0086-jason-statham,Jason Statham,1967,ACTOR,United Kingdom,M,86,75.70,https://en.wikipedia.org/?curid=707815,unresearched,unverified_candidate,Ranked for research discovery; HPI is not evidence of early success.
87,candidate-0087-michael-gambon,Michael Gambon,1940,ACTOR,Ireland,M,63,75.66,https://en.wikipedia.org/?curid=163618,unresearched,unverified_candidate,Ranked for research discovery; HPI is not evidence of early success.
88,candidate-0088-christopher-lloyd,Christopher Lloyd,1938,ACTOR,United States,M,58,75.64,https://en.wikipedia.org/?curid=256406,unresearched,unverified_candidate,Ranked for research discovery; HPI is not evidence of early success.
89,candidate-0089-j-m-coetzee,J. M. Coetzee,1940,WRITER,South Africa,M,94,75.60,https://en.wikipedia.org/?curid=333250,unresearched,unverified_candidate,Ranked for research discovery; HPI is not evidence of early success.
90,candidate-0090-robert-forster,Robert Forster,1941,ACTOR,United States,M,42,75.60,https://en.wikipedia.org/?curid=598461,unresearched,unverified_candidate,Ranked for research discovery; HPI is not evidence of early success.
91,candidate-0091-sebastião-salgado,Sebastião Salgado,1944,JOURNALIST,Brazil,M,43,75.59,https://en.wikipedia.org/?curid=340954,unresearched,unverified_candidate,Ranked for research discovery; HPI is not evidence of early success.
92,candidate-0092-mel-gibson,Mel Gibson,1956,ACTOR,United States,M,101,75.55,https://en.wikipedia.org/?curid=44219,unresearched,unverified_candidate,Ranked for research discovery; HPI is not evidence of early success.
93,candidate-0093-tom-petty,Tom Petty,1950,MUSICIAN,United States,M,50,75.53,https://en.wikipedia.org/?curid=61853,unresearched,unverified_candidate,Ranked for research discovery; HPI is not evidence of early success.
94,candidate-0094-john-sulston,John Sulston,1942,BIOLOGIST,United Kingdom,M,53,75.52,https://en.wikipedia.org/?curid=711867,unresearched,unverified_candidate,Ranked for research discovery; HPI is not evidence of early success.
95,candidate-0095-richard-dawkins,Richard Dawkins,1941,BIOLOGIST,Kenya,M,97,75.49,https://en.wikipedia.org/?curid=25867,unresearched,unverified_candidate,Ranked for research discovery; HPI is not evidence of early success.
96,candidate-0096-luc-montagnier,Luc Montagnier,1932,BIOLOGIST,France,M,69,75.42,https://en.wikipedia.org/?curid=837251,unresearched,unverified_candidate,Ranked for research discovery; HPI is not evidence of early success.
97,candidate-0097-monica-bellucci,Monica Bellucci,1964,ACTOR,Italy,F,85,75.40,https://en.wikipedia.org/?curid=276348,unresearched,unverified_candidate,Ranked for research discovery; HPI is not evidence of early success.
98,candidate-0098-quentin-tarantino,Quentin Tarantino,1963,FILM DIRECTOR,United States,M,106,75.35,https://en.wikipedia.org/?curid=25169,unresearched,unverified_candidate,Ranked for research discovery; HPI is not evidence of early success.
99,candidate-0099-james-cameron,James Cameron,1954,FILM DIRECTOR,Canada,M,102,75.33,https://en.wikipedia.org/?curid=15622,unresearched,unverified_candidate,Ranked for research discovery; HPI is not evidence of early success.
100,candidate-0100-michael-york,Michael York,1942,ACTOR,United Kingdom,M,43,75.33,https://en.wikipedia.org/?curid=526592,unresearched,unverified_candidate,Ranked for research discovery; HPI is not evidence of early success.
101,candidate-0101-demi-moore,Demi Moore,1962,ACTOR,United States,F,91,75.32,https://en.wikipedia.org/?curid=187807,unresearched,unverified_candidate,Ranked for research discovery; HPI is not evidence of early success.
102,candidate-0102-heinrich-rohrer,Heinrich Rohrer,1933,PHYSICIST,Switzerland,M,67,75.31,https://en.wikipedia.org/?curid=7790184,unresearched,unverified_candidate,Ranked for research discovery; HPI is not evidence of early success.
103,candidate-0103-susan-sarandon,Susan Sarandon,1946,ACTOR,United States,F,89,75.31,https://en.wikipedia.org/?curid=68323,unresearched,unverified_candidate,Ranked for research discovery; HPI is not evidence of early success.
104,candidate-0104-peter-grünberg,Peter Grünberg,1939,PHYSICIST,Czechia,M,74,75.22,https://en.wikipedia.org/?curid=1805003,unresearched,unverified_candidate,Ranked for research discovery; HPI is not evidence of early success.
105,candidate-0105-margaret-hamilton,Margaret Hamilton,1936,BUSINESSPERSON,United States,F,51,75.22,https://en.wikipedia.org/?curid=28196618,unresearched,unverified_candidate,Ranked for research discovery; HPI is not evidence of early success.
106,candidate-0106-abebe-bikila,Abebe Bikila,1932,ATHLETE,Ethiopia,M,59,75.20,https://en.wikipedia.org/?curid=671288,unresearched,unverified_candidate,Ranked for research discovery; HPI is not evidence of early success.
107,candidate-0107-jimmy-wales,Jimmy Wales,1966,INVENTOR,United States,M,185,75.20,https://en.wikipedia.org/?curid=3703446,unresearched,unverified_candidate,Ranked for research discovery; HPI is not evidence of early success.
108,candidate-0108-jaggi-vasudev,Jaggi Vasudev,1957,WRITER,India,M,47,75.17,https://en.wikipedia.org/?curid=7451511,unresearched,unverified_candidate,Ranked for research discovery; HPI is not evidence of early success.
109,candidate-0109-rutger-hauer,Rutger Hauer,1944,ACTOR,Netherlands,M,60,75.13,https://en.wikipedia.org/?curid=37500,unresearched,unverified_candidate,Ranked for research discovery; HPI is not evidence of early success.
110,candidate-0110-christoph-waltz,Christoph Waltz,1956,ACTOR,Austria,M,70,75.13,https://en.wikipedia.org/?curid=8104201,unresearched,unverified_candidate,Ranked for research discovery; HPI is not evidence of early success.
111,candidate-0111-sharon-stone,Sharon Stone,1958,ACTOR,United States,F,78,75.09,https://en.wikipedia.org/?curid=43084,unresearched,unverified_candidate,Ranked for research discovery; HPI is not evidence of early success.
112,candidate-0112-joe-pesci,Joe Pesci,1943,ACTOR,United States,M,65,75.08,https://en.wikipedia.org/?curid=277463,unresearched,unverified_candidate,Ranked for research discovery; HPI is not evidence of early success.
113,candidate-0113-aishwarya-rai,Aishwarya Rai,1973,ACTOR,India,F,109,75.07,https://en.wikipedia.org/?curid=11983273,unresearched,unverified_candidate,Ranked for research discovery; HPI is not evidence of early success.
114,candidate-0114-linda-mcmahon,Linda McMahon,1948,BUSINESSPERSON,United States,F,35,75.06,https://en.wikipedia.org/?curid=679668,unresearched,unverified_candidate,Ranked for research discovery; HPI is not evidence of early success.
115,candidate-0115-krzysztof-kieślowski,Krzysztof Kieślowski,1941,FILM DIRECTOR,Poland,M,63,75.06,https://en.wikipedia.org/?curid=155269,unresearched,unverified_candidate,Ranked for research discovery; HPI is not evidence of early success.
116,candidate-0116-tim-berners-lee,Tim Berners-Lee,1955,COMPUTER SCIENTIST,United Kingdom,M,140,75.05,https://en.wikipedia.org/?curid=30034,unresearched,unverified_candidate,Ranked for research discovery; HPI is not evidence of early success.
117,candidate-0117-jean-louis-trintignant,Jean-Louis Trintignant,1930,ACTOR,France,M,52,75.04,https://en.wikipedia.org/?curid=155772,unresearched,unverified_candidate,Ranked for research discovery; HPI is not evidence of early success.
118,candidate-0118-ernő-rubik,Ernő Rubik,1944,INVENTOR,Hungary,M,56,75.03,https://en.wikipedia.org/?curid=335331,unresearched,unverified_candidate,Ranked for research discovery; HPI is not evidence of early success.
119,candidate-0119-dianne-wiest,Dianne Wiest,1946,ACTOR,United States,F,51,74.96,https://en.wikipedia.org/?curid=618770,unresearched,unverified_candidate,Ranked for research discovery; HPI is not evidence of early success.
120,candidate-0120-j-d-vance,J. D. Vance,1984,WRITER,United States,M,89,74.96,https://en.wikipedia.org/?curid=53396477,unresearched,unverified_candidate,Ranked for research discovery; HPI is not evidence of early success.
121,candidate-0121-albert-fert,Albert Fert,1938,PHYSICIST,France,M,73,74.95,https://en.wikipedia.org/?curid=1810816,unresearched,unverified_candidate,Ranked for research discovery; HPI is not evidence of early success.
122,candidate-0122-marilyn-manson,Marilyn Manson,1969,MUSICIAN,United States,M,76,74.95,https://en.wikipedia.org/?curid=650426,unresearched,unverified_candidate,Ranked for research discovery; HPI is not evidence of early success.
123,candidate-0123-neil-degrasse-tyson,Neil deGrasse Tyson,1958,ASTRONOMER,United States,M,67,74.94,https://en.wikipedia.org/?curid=1972777,unresearched,unverified_candidate,Ranked for research discovery; HPI is not evidence of early success.
124,candidate-0124-ben-kingsley,Ben Kingsley,1943,ACTOR,United Kingdom,M,78,74.94,https://en.wikipedia.org/?curid=168480,unresearched,unverified_candidate,Ranked for research discovery; HPI is not evidence of early success.
125,candidate-0125-bruno-ganz,Bruno Ganz,1941,ACTOR,Switzerland,M,59,74.91,https://en.wikipedia.org/?curid=442964,unresearched,unverified_candidate,Ranked for research discovery; HPI is not evidence of early success.
126,candidate-0126-renzo-piano,Renzo Piano,1937,ARCHITECT,Italy,M,66,74.89,https://en.wikipedia.org/?curid=25946,unresearched,unverified_candidate,Ranked for research discovery; HPI is not evidence of early success.
127,candidate-0127-tu-youyou,Tu Youyou,1930,CHEMIST,China,F,85,74.88,https://en.wikipedia.org/?curid=33065882,unresearched,unverified_candidate,Ranked for research discovery; HPI is not evidence of early success.
128,candidate-0128-isao-takahata,Isao Takahata,1935,FILM DIRECTOR,Japan,M,54,74.87,https://en.wikipedia.org/?curid=215912,unresearched,unverified_candidate,Ranked for research discovery; HPI is not evidence of early success.
129,candidate-0129-jamie-foxx,Jamie Foxx,1967,ACTOR,United States,M,74,74.84,https://en.wikipedia.org/?curid=325191,unresearched,unverified_candidate,Ranked for research discovery; HPI is not evidence of early success.
130,candidate-0130-tinto-brass,Tinto Brass,1933,FILM DIRECTOR,Italy,M,42,74.81,https://en.wikipedia.org/?curid=920988,unresearched,unverified_candidate,Ranked for research discovery; HPI is not evidence of early success.
131,candidate-0131-james-brown,James Brown,1933,SINGER,United States,M,87,74.80,https://en.wikipedia.org/?curid=15766,unresearched,unverified_candidate,Ranked for research discovery; HPI is not evidence of early success.
132,candidate-0132-geraldine-chaplin,Geraldine Chaplin,1944,ACTOR,United States,F,48,74.80,https://en.wikipedia.org/?curid=746475,unresearched,unverified_candidate,Ranked for research discovery; HPI is not evidence of early success.
133,candidate-0133-george-smith,George Smith,1941,BIOLOGIST,United States,M,49,74.77,https://en.wikipedia.org/?curid=58642055,unresearched,unverified_candidate,Ranked for research discovery; HPI is not evidence of early success.
134,candidate-0134-jet-li,Jet Li,1963,ACTOR,China,M,111,74.76,https://en.wikipedia.org/?curid=16308,unresearched,unverified_candidate,Ranked for research discovery; HPI is not evidence of early success.
135,candidate-0135-amanda-lear,Amanda Lear,1939,SINGER,Vietnam,F,38,74.76,https://en.wikipedia.org/?curid=1557996,unresearched,unverified_candidate,Ranked for research discovery; HPI is not evidence of early success.
136,candidate-0136-iggy-pop,Iggy Pop,1947,MUSICIAN,United States,M,61,74.75,https://en.wikipedia.org/?curid=157437,unresearched,unverified_candidate,Ranked for research discovery; HPI is not evidence of early success.
137,candidate-0137-jim-carrey,Jim Carrey,1962,ACTOR,Canada,M,109,74.75,https://en.wikipedia.org/?curid=86665,unresearched,unverified_candidate,Ranked for research discovery; HPI is not evidence of early success.
138,candidate-0138-shaquille-o-neal,Shaquille O'Neal,1972,BASKETBALL PLAYER,United States,M,69,74.74,https://en.wikipedia.org/?curid=147726,unresearched,unverified_candidate,Ranked for research discovery; HPI is not evidence of early success.
139,candidate-0139-riccardo-giacconi,Riccardo Giacconi,1931,ASTRONOMER,Italy,M,76,74.70,https://en.wikipedia.org/?curid=101136,unresearched,unverified_candidate,Ranked for research discovery; HPI is not evidence of early success.
140,candidate-0140-tim-burton,Tim Burton,1958,FILM DIRECTOR,United States,M,82,74.69,https://en.wikipedia.org/?curid=31501,unresearched,unverified_candidate,Ranked for research discovery; HPI is not evidence of early success.
141,candidate-0141-jane-hawking,Jane Hawking,1944,WRITER,United Kingdom,F,28,74.68,https://en.wikipedia.org/?curid=44375105,unresearched,unverified_candidate,Ranked for research discovery; HPI is not evidence of early success.
142,candidate-0142-glenn-close,Glenn Close,1947,ACTOR,United States,F,74,74.65,https://en.wikipedia.org/?curid=44459,unresearched,unverified_candidate,Ranked for research discovery; HPI is not evidence of early success.
143,candidate-0143-shirley-maclaine,Shirley MacLaine,1934,ACTOR,United States,F,75,74.63,https://en.wikipedia.org/?curid=147368,unresearched,unverified_candidate,Ranked for research discovery; HPI is not evidence of early success.
144,candidate-0144-leonardo-dicaprio,Leonardo DiCaprio,1974,ACTOR,United States,M,130,74.62,https://en.wikipedia.org/?curid=52711,unresearched,unverified_candidate,Ranked for research discovery; HPI is not evidence of early success.
145,candidate-0145-ivanka-trump,Ivanka Trump,1981,WRITER,United States,F,75,74.61,https://en.wikipedia.org/?curid=1861441,unresearched,unverified_candidate,Ranked for research discovery; HPI is not evidence of early success.
146,candidate-0146-harvey-keitel,Harvey Keitel,1939,ACTOR,United States,M,57,74.59,https://en.wikipedia.org/?curid=79156,unresearched,unverified_candidate,Ranked for research discovery; HPI is not evidence of early success.
147,candidate-0147-julie-andrews,Julie Andrews,1935,ACTOR,United Kingdom,F,84,74.56,https://en.wikipedia.org/?curid=78239,unresearched,unverified_candidate,Ranked for research discovery; HPI is not evidence of early success.
148,candidate-0148-pierce-brosnan,Pierce Brosnan,1953,ACTOR,Ireland,M,90,74.54,https://en.wikipedia.org/?curid=180738,unresearched,unverified_candidate,Ranked for research discovery; HPI is not evidence of early success.
149,candidate-0149-robert-kiyosaki,Robert Kiyosaki,1947,BUSINESSPERSON,United States,M,55,74.54,https://en.wikipedia.org/?curid=473309,unresearched,unverified_candidate,Ranked for research discovery; HPI is not evidence of early success.
150,candidate-0150-michael-jordan,Michael Jordan,1963,BASKETBALL PLAYER,United States,M,108,74.53,https://en.wikipedia.org/?curid=20455,unresearched,unverified_candidate,Ranked for research discovery; HPI is not evidence of early success.
151,candidate-0151-russell-crowe,Russell Crowe,1964,ACTOR,New Zealand,M,114,74.53,https://en.wikipedia.org/?curid=25695,unresearched,unverified_candidate,Ranked for research discovery; HPI is not evidence of early success.
152,candidate-0152-martin-sheen,Martin Sheen,1940,ACTOR,United States,M,66,74.52,https://en.wikipedia.org/?curid=68131,unresearched,unverified_candidate,Ranked for research discovery; HPI is not evidence of early success.
153,candidate-0153-frank-zappa,Frank Zappa,1940,MUSICIAN,United States,M,79,74.50,https://en.wikipedia.org/?curid=10672,unresearched,unverified_candidate,Ranked for research discovery; HPI is not evidence of early success.
154,candidate-0154-50-cent,50 Cent,1975,SINGER,United States,M,100,74.50,https://en.wikipedia.org/?curid=192481,unresearched,unverified_candidate,Ranked for research discovery; HPI is not evidence of early success.
155,candidate-0155-anouk-aimée,Anouk Aimée,1932,ACTOR,France,F,58,74.50,https://en.wikipedia.org/?curid=154996,unresearched,unverified_candidate,Ranked for research discovery; HPI is not evidence of early success.
156,candidate-0156-bruce-springsteen,Bruce Springsteen,1949,MUSICIAN,United States,M,88,74.49,https://en.wikipedia.org/?curid=60192,unresearched,unverified_candidate,Ranked for research discovery; HPI is not evidence of early success.
157,candidate-0157-robert-coleman-richardson,Robert Coleman Richardson,1937,PHYSICIST,United States,M,65,74.47,https://en.wikipedia.org/?curid=2206099,unresearched,unverified_candidate,Ranked for research discovery; HPI is not evidence of early success.
158,candidate-0158-nina-simone,Nina Simone,1933,SINGER,United States,F,75,74.43,https://en.wikipedia.org/?curid=214233,unresearched,unverified_candidate,Ranked for research discovery; HPI is not evidence of early success.
159,candidate-0159-philip-kotler,Philip Kotler,1931,BUSINESSPERSON,United States,M,43,74.42,https://en.wikipedia.org/?curid=2758154,unresearched,unverified_candidate,Ranked for research discovery; HPI is not evidence of early success.
160,candidate-0160-salman-rushdie,Salman Rushdie,1947,WRITER,India,M,98,74.40,https://en.wikipedia.org/?curid=28722,unresearched,unverified_candidate,Ranked for research discovery; HPI is not evidence of early success.
161,candidate-0161-leslie-caron,Leslie Caron,1931,ACTOR,France,F,49,74.38,https://en.wikipedia.org/?curid=17505,unresearched,unverified_candidate,Ranked for research discovery; HPI is not evidence of early success.
162,candidate-0162-angelina-jolie,Angelina Jolie,1975,ACTOR,United States,F,141,74.32,https://en.wikipedia.org/?curid=5792809,unresearched,unverified_candidate,Ranked for research discovery; HPI is not evidence of early success.
163,candidate-0163-peter-o-toole,Peter O'Toole,1932,ACTOR,United Kingdom,M,96,74.28,https://en.wikipedia.org/?curid=63321,unresearched,unverified_candidate,Ranked for research discovery; HPI is not evidence of early success.
164,candidate-0164-ken-loach,Ken Loach,1936,FILM DIRECTOR,United Kingdom,M,48,74.28,https://en.wikipedia.org/?curid=46398901,unresearched,unverified_candidate,Ranked for research discovery; HPI is not evidence of early success.
165,candidate-0165-peter-mayhew,Peter Mayhew,1944,ACTOR,United Kingdom,M,48,74.25,https://en.wikipedia.org/?curid=999975,unresearched,unverified_candidate,Ranked for research discovery; HPI is not evidence of early success.
166,candidate-0166-salman-khan,Salman Khan,1965,ACTOR,India,M,94,74.25,https://en.wikipedia.org/?curid=302167,unresearched,unverified_candidate,Ranked for research discovery; HPI is not evidence of early success.
167,candidate-0167-elena-ferrante,Elena Ferrante,1943,WRITER,Italy,F,42,74.21,https://en.wikipedia.org/?curid=31625302,unresearched,unverified_candidate,Ranked for research discovery; HPI is not evidence of early success.
168,candidate-0168-robert-zemeckis,Robert Zemeckis,1952,FILM DIRECTOR,United States,M,75,74.20,https://en.wikipedia.org/?curid=213266,unresearched,unverified_candidate,Ranked for research discovery; HPI is not evidence of early success.
169,candidate-0169-joe-dassin,Joe Dassin,1938,SINGER,United States,M,51,74.20,https://en.wikipedia.org/?curid=237443,unresearched,unverified_candidate,Ranked for research discovery; HPI is not evidence of early success.
170,candidate-0170-arno-allan-penzias,Arno Allan Penzias,1933,PHYSICIST,Germany,M,78,74.19,https://en.wikipedia.org/?curid=318516,unresearched,unverified_candidate,Ranked for research discovery; HPI is not evidence of early success.
171,candidate-0171-sylvia-plath,Sylvia Plath,1932,WRITER,United States,F,81,74.19,https://en.wikipedia.org/?curid=28699,unresearched,unverified_candidate,Ranked for research discovery; HPI is not evidence of early success.
172,candidate-0172-michael-j-fox,Michael J. Fox,1961,ACTOR,Canada,M,79,74.17,https://en.wikipedia.org/?curid=68904,unresearched,unverified_candidate,Ranked for research discovery; HPI is not evidence of early success.
173,candidate-0173-melinda-gates,Melinda Gates,1964,BUSINESSPERSON,United States,F,70,74.15,https://en.wikipedia.org/?curid=51725,unresearched,unverified_candidate,Ranked for research discovery; HPI is not evidence of early success.
174,candidate-0174-kurt-cobain,Kurt Cobain,1967,SINGER,United States,M,98,74.14,https://en.wikipedia.org/?curid=16707,unresearched,unverified_candidate,Ranked for research discovery; HPI is not evidence of early success.
175,candidate-0175-olivia-newton-john,Olivia Newton-John,1948,ACTOR,United Kingdom,F,70,74.12,https://en.wikipedia.org/?curid=53257,unresearched,unverified_candidate,Ranked for research discovery; HPI is not evidence of early success.
176,candidate-0176-santiago-calatrava,Santiago Calatrava,1951,ARCHITECT,Spain,M,68,74.12,https://en.wikipedia.org/?curid=229656,unresearched,unverified_candidate,Ranked for research discovery; HPI is not evidence of early success.
177,candidate-0177-eminem,Eminem,1972,SINGER,United States,M,158,74.11,https://en.wikipedia.org/?curid=4429395,unresearched,unverified_candidate,Ranked for research discovery; HPI is not evidence of early success.
178,candidate-0178-harry-nilsson,Harry Nilsson,1941,SINGER,United States,M,38,74.11,https://en.wikipedia.org/?curid=147406,unresearched,unverified_candidate,Ranked for research discovery; HPI is not evidence of early success.
179,candidate-0179-george-miller,George Miller,1945,FILM DIRECTOR,Australia,M,44,74.10,https://en.wikipedia.org/?curid=152157,unresearched,unverified_candidate,Ranked for research discovery; HPI is not evidence of early success.
180,candidate-0180-björn-borg,Björn Borg,1956,TENNIS PLAYER,Sweden,M,76,74.07,https://en.wikipedia.org/?curid=4601,unresearched,unverified_candidate,Ranked for research discovery; HPI is not evidence of early success.
181,candidate-0181-ornella-muti,Ornella Muti,1955,ACTOR,Italy,F,60,74.06,https://en.wikipedia.org/?curid=309149,unresearched,unverified_candidate,Ranked for research discovery; HPI is not evidence of early success.
182,candidate-0182-theo-angelopoulos,Theo Angelopoulos,1935,FILM DIRECTOR,Greece,M,49,74.06,https://en.wikipedia.org/?curid=62211,unresearched,unverified_candidate,Ranked for research discovery; HPI is not evidence of early success.
183,candidate-0183-anita-ekberg,Anita Ekberg,1931,ACTOR,Sweden,F,67,74.00,https://en.wikipedia.org/?curid=904640,unresearched,unverified_candidate,Ranked for research discovery; HPI is not evidence of early success.
184,candidate-0184-david-prowse,David Prowse,1935,ACTOR,United Kingdom,M,38,74.00,https://en.wikipedia.org/?curid=991844,unresearched,unverified_candidate,Ranked for research discovery; HPI is not evidence of early success.
185,candidate-0185-ada-yonath,Ada Yonath,1939,BIOLOGIST,Israel,F,81,74.00,https://en.wikipedia.org/?curid=38502761,unresearched,unverified_candidate,Ranked for research discovery; HPI is not evidence of early success.
186,candidate-0186-valery-legasov,Valery Legasov,1936,CHEMIST,Russia,M,41,73.95,https://en.wikipedia.org/?curid=4857289,unresearched,unverified_candidate,Ranked for research discovery; HPI is not evidence of early success.
187,candidate-0187-m-stanley-whittingham,M. Stanley Whittingham,1941,CHEMIST,United Kingdom,M,51,73.91,https://en.wikipedia.org/?curid=7694425,unresearched,unverified_candidate,Ranked for research discovery; HPI is not evidence of early success.
188,candidate-0188-harald-zur-hausen,Harald zur Hausen,1936,BIOLOGIST,Germany,M,66,73.85,https://en.wikipedia.org/?curid=17608618,unresearched,unverified_candidate,Ranked for research discovery; HPI is not evidence of early success.
189,candidate-0189-silvana-mangano,Silvana Mangano,1930,ACTOR,Italy,F,47,73.83,https://en.wikipedia.org/?curid=341877,unresearched,unverified_candidate,Ranked for research discovery; HPI is not evidence of early success.
190,candidate-0190-maximilian-schell,Maximilian Schell,1930,ACTOR,Austria,M,72,73.78,https://en.wikipedia.org/?curid=161516,unresearched,unverified_candidate,Ranked for research discovery; HPI is not evidence of early success.
191,candidate-0191-daniel-day-lewis,Daniel Day-Lewis,1957,ACTOR,United Kingdom,M,95,73.78,https://en.wikipedia.org/?curid=171003,unresearched,unverified_candidate,Ranked for research discovery; HPI is not evidence of early success.
192,candidate-0192-takeshi-kitano,Takeshi Kitano,1947,FILM DIRECTOR,Japan,M,66,73.76,https://en.wikipedia.org/?curid=219948,unresearched,unverified_candidate,Ranked for research discovery; HPI is not evidence of early success.
193,candidate-0193-gary-oldman,Gary Oldman,1958,ACTOR,United Kingdom,M,94,73.73,https://en.wikipedia.org/?curid=213163,unresearched,unverified_candidate,Ranked for research discovery; HPI is not evidence of early success.
194,candidate-0194-philippe-noiret,Philippe Noiret,1930,ACTOR,France,M,55,73.66,https://en.wikipedia.org/?curid=1511021,unresearched,unverified_candidate,Ranked for research discovery; HPI is not evidence of early success.
195,candidate-0195-tomas-lindahl,Tomas Lindahl,1938,BIOLOGIST,Sweden,M,60,73.64,https://en.wikipedia.org/?curid=20155186,unresearched,unverified_candidate,Ranked for research discovery; HPI is not evidence of early success.
196,candidate-0196-javier-solana,Javier Solana,1942,PHYSICIST,Spain,M,49,73.63,https://en.wikipedia.org/?curid=391110,unresearched,unverified_candidate,Ranked for research discovery; HPI is not evidence of early success.
197,candidate-0197-antonio-banderas,Antonio Banderas,1960,ACTOR,Spain,M,86,73.61,https://en.wikipedia.org/?curid=52627,unresearched,unverified_candidate,Ranked for research discovery; HPI is not evidence of early success.
198,candidate-0198-dolph-lundgren,Dolph Lundgren,1957,ACTOR,Sweden,M,66,73.57,https://en.wikipedia.org/?curid=599745,unresearched,unverified_candidate,Ranked for research discovery; HPI is not evidence of early success.
199,candidate-0199-ágota-kristóf,Ágota Kristóf,1935,WRITER,Hungary,F,42,73.56,https://en.wikipedia.org/?curid=2690063,unresearched,unverified_candidate,Ranked for research discovery; HPI is not evidence of early success.
200,candidate-0200-giuliano-gemma,Giuliano Gemma,1938,ACTOR,Italy,M,42,73.52,https://en.wikipedia.org/?curid=6605517,unresearched,unverified_candidate,Ranked for research discovery; HPI is not evidence of early success.
201,candidate-0201-john-hurt,John Hurt,1940,ACTOR,United Kingdom,M,62,73.52,https://en.wikipedia.org/?curid=164390,unresearched,unverified_candidate,Ranked for research discovery; HPI is not evidence of early success.
202,candidate-0202-fausto-cercignani,Fausto Cercignani,1941,WRITER,Italy,M,37,73.47,https://en.wikipedia.org/?curid=28269114,unresearched,unverified_candidate,Ranked for research discovery; HPI is not evidence of early success.
203,candidate-0203-paul-j-crutzen,Paul J. Crutzen,1933,CHEMIST,Netherlands,M,62,73.45,https://en.wikipedia.org/?curid=1077414,unresearched,unverified_candidate,Ranked for research discovery; HPI is not evidence of early success.
204,candidate-0204-andrzej-sapkowski,Andrzej Sapkowski,1948,WRITER,Poland,M,54,73.44,https://en.wikipedia.org/?curid=2865,unresearched,unverified_candidate,Ranked for research discovery; HPI is not evidence of early success.
205,candidate-0205-yves-chauvin,Yves Chauvin,1930,CHEMIST,Belgium,M,59,73.35,https://en.wikipedia.org/?curid=2838121,unresearched,unverified_candidate,Ranked for research discovery; HPI is not evidence of early success.
206,candidate-0206-fernando-santos,Fernando Santos,1954,SOCCER PLAYER,Portugal,M,48,73.34,https://en.wikipedia.org/?curid=4511716,unresearched,unverified_candidate,Ranked for research discovery; HPI is not evidence of early success.
207,candidate-0207-jo-nesbø,Jo Nesbø,1960,WRITER,Norway,M,52,73.33,https://en.wikipedia.org/?curid=901730,unresearched,unverified_candidate,Ranked for research discovery; HPI is not evidence of early success.
208,candidate-0208-erich-von-däniken,Erich von Däniken,1935,WRITER,Switzerland,M,46,73.20,https://en.wikipedia.org/?curid=191325,unresearched,unverified_candidate,Ranked for research discovery; HPI is not evidence of early success.
209,candidate-0209-paul-verhoeven,Paul Verhoeven,1938,FILM DIRECTOR,Netherlands,M,53,73.20,https://en.wikipedia.org/?curid=66206,unresearched,unverified_candidate,Ranked for research discovery; HPI is not evidence of early success.
210,candidate-0210-rem-koolhaas,Rem Koolhaas,1944,ARCHITECT,Netherlands,M,49,73.19,https://en.wikipedia.org/?curid=25945,unresearched,unverified_candidate,Ranked for research discovery; HPI is not evidence of early success.
211,candidate-0211-gerd-binnig,Gerd Binnig,1947,PHYSICIST,Germany,M,72,73.15,https://en.wikipedia.org/?curid=7790085,unresearched,unverified_candidate,Ranked for research discovery; HPI is not evidence of early success.
212,candidate-0212-jean-jacques-annaud,Jean-Jacques Annaud,1943,FILM DIRECTOR,France,M,53,73.14,https://en.wikipedia.org/?curid=445843,unresearched,unverified_candidate,Ranked for research discovery; HPI is not evidence of early success.
213,candidate-0213-ken-follett,Ken Follett,1949,WRITER,United Kingdom,M,48,73.12,https://en.wikipedia.org/?curid=67160,unresearched,unverified_candidate,Ranked for research discovery; HPI is not evidence of early success.
214,candidate-0214-ludovico-einaudi,Ludovico Einaudi,1955,MUSICIAN,Italy,M,45,73.11,https://en.wikipedia.org/?curid=569555,unresearched,unverified_candidate,Ranked for research discovery; HPI is not evidence of early success.
215,candidate-0215-françoise-barré-sinoussi,Françoise Barré-Sinoussi,1947,BIOLOGIST,France,F,74,73.09,https://en.wikipedia.org/?curid=19632164,unresearched,unverified_candidate,Ranked for research discovery; HPI is not evidence of early success.
216,candidate-0216-avram-hershko,Avram Hershko,1937,CHEMIST,Hungary,M,56,73.09,https://en.wikipedia.org/?curid=1043960,unresearched,unverified_candidate,Ranked for research discovery; HPI is not evidence of early success.
217,candidate-0217-michael-haneke,Michael Haneke,1942,FILM DIRECTOR,Germany,M,58,73.07,https://en.wikipedia.org/?curid=1049105,unresearched,unverified_candidate,Ranked for research discovery; HPI is not evidence of early success.
218,candidate-0218-edward-said,Edward Said,1935,WRITER,Israel,M,72,73.06,https://en.wikipedia.org/?curid=18247304,unresearched,unverified_candidate,Ranked for research discovery; HPI is not evidence of early success.
219,candidate-0219-ri-kwang-hyok,Ri Kwang-hyok,1987,SOCCER PLAYER,North Korea,M,40,73.04,https://en.wikipedia.org/?curid=25309738,unresearched,unverified_candidate,Ranked for research discovery; HPI is not evidence of early success.
220,candidate-0220-françois-englert,François Englert,1932,PHYSICIST,Belgium,M,69,73.03,https://en.wikipedia.org/?curid=8370210,unresearched,unverified_candidate,Ranked for research discovery; HPI is not evidence of early success.
221,candidate-0221-abbas-kiarostami,Abbas Kiarostami,1940,FILM DIRECTOR,Iran,M,63,72.89,https://en.wikipedia.org/?curid=400421,unresearched,unverified_candidate,Ranked for research discovery; HPI is not evidence of early success.
222,candidate-0222-martinus-j-g-veltman,Martinus J. G. Veltman,1931,PHYSICIST,Netherlands,M,64,72.82,https://en.wikipedia.org/?curid=491723,unresearched,unverified_candidate,Ranked for research discovery; HPI is not evidence of early success.
223,candidate-0223-giorgio-moroder,Giorgio Moroder,1940,MUSICIAN,Italy,M,46,72.78,https://en.wikipedia.org/?curid=189285,unresearched,unverified_candidate,Ranked for research discovery; HPI is not evidence of early success.
224,candidate-0224-niki-de-saint-phalle,Niki de Saint Phalle,1930,PAINTER,France,F,45,72.70,https://en.wikipedia.org/?curid=351248,unresearched,unverified_candidate,Ranked for research discovery; HPI is not evidence of early success.
225,candidate-0225-gregory-winter,Gregory Winter,1951,BIOLOGIST,United Kingdom,M,51,72.70,https://en.wikipedia.org/?curid=1843684,unresearched,unverified_candidate,Ranked for research discovery; HPI is not evidence of early success.
226,candidate-0226-nigel-mansell,Nigel Mansell,1953,RACING DRIVER,United Kingdom,M,52,72.62,https://en.wikipedia.org/?curid=228615,unresearched,unverified_candidate,Ranked for research discovery; HPI is not evidence of early success.
227,candidate-0227-jostein-gaarder,Jostein Gaarder,1952,WRITER,Norway,M,56,72.58,https://en.wikipedia.org/?curid=233546,unresearched,unverified_candidate,Ranked for research discovery; HPI is not evidence of early success.
228,candidate-0228-sofia-gubaidulina,Sofia Gubaidulina,1931,COMPOSER,Russia,F,44,72.54,https://en.wikipedia.org/?curid=384682,unresearched,unverified_candidate,Ranked for research discovery; HPI is not evidence of early success.
229,candidate-0229-michel-houellebecq,Michel Houellebecq,1956,WRITER,Réunion,M,65,72.51,https://en.wikipedia.org/?curid=173813,unresearched,unverified_candidate,Ranked for research discovery; HPI is not evidence of early success.
230,candidate-0230-anatoly-dyatlov,Anatoly Dyatlov,1931,ENGINEER,Russia,F,31,72.47,https://en.wikipedia.org/?curid=6833805,unresearched,unverified_candidate,Ranked for research discovery; HPI is not evidence of early success.
231,candidate-0231-tadao-ando,Tadao Ando,1941,ARCHITECT,Japan,M,49,72.31,https://en.wikipedia.org/?curid=220556,unresearched,unverified_candidate,Ranked for research discovery; HPI is not evidence of early success.
232,candidate-0232-dieter-bohlen,Dieter Bohlen,1954,SINGER,Germany,M,51,72.31,https://en.wikipedia.org/?curid=541724,unresearched,unverified_candidate,Ranked for research discovery; HPI is not evidence of early success.
233,candidate-0233-günter-blobel,Günter Blobel,1936,BIOLOGIST,Poland,M,58,72.27,https://en.wikipedia.org/?curid=243903,unresearched,unverified_candidate,Ranked for research discovery; HPI is not evidence of early success.
234,candidate-0234-boris-berezovsky,Boris Berezovsky,1946,BUSINESSPERSON,Russia,M,47,72.25,https://en.wikipedia.org/?curid=355478,unresearched,unverified_candidate,Ranked for research discovery; HPI is not evidence of early success.
235,candidate-0235-richard-r-ernst,Richard R. Ernst,1933,CHEMIST,Switzerland,M,60,72.24,https://en.wikipedia.org/?curid=26361,unresearched,unverified_candidate,Ranked for research discovery; HPI is not evidence of early success.
236,candidate-0236-alice-munro,Alice Munro,1931,WRITER,Canada,F,106,72.14,https://en.wikipedia.org/?curid=290474,unresearched,unverified_candidate,Ranked for research discovery; HPI is not evidence of early success.
237,candidate-0237-elizabeth-blackburn,Elizabeth Blackburn,1948,BIOLOGIST,Australia,F,74,72.13,https://en.wikipedia.org/?curid=989870,unresearched,unverified_candidate,Ranked for research discovery; HPI is not evidence of early success.
238,candidate-0238-gerhard-ertl,Gerhard Ertl,1936,CHEMIST,Germany,M,63,72.12,https://en.wikipedia.org/?curid=13013746,unresearched,unverified_candidate,Ranked for research discovery; HPI is not evidence of early success.
239,candidate-0239-jean-marie-lehn,Jean-Marie Lehn,1939,CHEMIST,France,M,57,72.03,https://en.wikipedia.org/?curid=1312121,unresearched,unverified_candidate,Ranked for research discovery; HPI is not evidence of early success.
240,candidate-0240-anatoliy-solovianenko,Anatoliy Solovianenko,1932,SINGER,Ukraine,M,120,72.03,https://en.wikipedia.org/?curid=33784617,unresearched,unverified_candidate,Ranked for research discovery; HPI is not evidence of early success.
241,candidate-0241-michael-houghton,Michael Houghton,1949,BIOLOGIST,United Kingdom,M,48,72.03,https://en.wikipedia.org/?curid=41549416,unresearched,unverified_candidate,Ranked for research discovery; HPI is not evidence of early success.
242,candidate-0242-víctor-jara,Víctor Jara,1932,SINGER,Chile,M,49,72.01,https://en.wikipedia.org/?curid=88401,unresearched,unverified_candidate,Ranked for research discovery; HPI is not evidence of early success.
243,candidate-0243-michel-mayor,Michel Mayor,1942,ASTRONOMER,Switzerland,M,62,72.00,https://en.wikipedia.org/?curid=572654,unresearched,unverified_candidate,Ranked for research discovery; HPI is not evidence of early success.
244,candidate-0244-alan-parker,Alan Parker,1944,FILM DIRECTOR,United Kingdom,M,57,71.91,https://en.wikipedia.org/?curid=343137,unresearched,unverified_candidate,Ranked for research discovery; HPI is not evidence of early success.
245,candidate-0245-frederick-forsyth,Frederick Forsyth,1938,WRITER,United Kingdom,M,47,71.91,https://en.wikipedia.org/?curid=299541,unresearched,unverified_candidate,Ranked for research discovery; HPI is not evidence of early success.
246,candidate-0246-paco-rabanne,Paco Rabanne,1934,DESIGNER,Spain,M,40,71.90,https://en.wikipedia.org/?curid=3190123,unresearched,unverified_candidate,Ranked for research discovery; HPI is not evidence of early success.
247,candidate-0247-richard-hughes,Richard Hughes,1975,MUSICIAN,United Kingdom,M,53,71.89,https://en.wikipedia.org/?curid=1551994,unresearched,unverified_candidate,Ranked for research discovery; HPI is not evidence of early success.
248,candidate-0248-horst-ludwig-störmer,Horst Ludwig Störmer,1949,PHYSICIST,Germany,M,66,71.83,https://en.wikipedia.org/?curid=1621554,unresearched,unverified_candidate,Ranked for research discovery; HPI is not evidence of early success.
249,candidate-0249-isabella-rossellini,Isabella Rossellini,1952,MODEL,Italy,F,55,71.80,https://en.wikipedia.org/?curid=67992,unresearched,unverified_candidate,Ranked for research discovery; HPI is not evidence of early success.
250,candidate-0250-dietrich-mateschitz,Dietrich Mateschitz,1944,BUSINESSPERSON,Austria,M,40,71.79,https://en.wikipedia.org/?curid=1291735,unresearched,unverified_candidate,Ranked for research discovery; HPI is not evidence of early success.
251,candidate-0251-patrick-süskind,Patrick Süskind,1949,WRITER,Germany,M,52,71.79,https://en.wikipedia.org/?curid=424935,unresearched,unverified_candidate,Ranked for research discovery; HPI is not evidence of early success.
252,candidate-0252-kurt-wüthrich,Kurt Wüthrich,1938,CHEMIST,Switzerland,M,57,71.78,https://en.wikipedia.org/?curid=203291,unresearched,unverified_candidate,Ranked for research discovery; HPI is not evidence of early success.
253,candidate-0253-khaled-al-asaad,Khaled al-Asaad,1932,WRITER,Syria,M,35,71.78,https://en.wikipedia.org/?curid=47567675,unresearched,unverified_candidate,Ranked for research discovery; HPI is not evidence of early success.
254,candidate-0254-ralph-m-steinman,Ralph M. Steinman,1943,BIOLOGIST,Canada,M,55,71.77,https://en.wikipedia.org/?curid=13305393,unresearched,unverified_candidate,Ranked for research discovery; HPI is not evidence of early success.
255,candidate-0255-georges-perec,Georges Perec,1936,WRITER,France,M,49,71.72,https://en.wikipedia.org/?curid=45053,unresearched,unverified_candidate,Ranked for research discovery; HPI is not evidence of early success.
256,candidate-0256-kazuo-ishiguro,Kazuo Ishiguro,1954,WRITER,Japan,M,97,71.66,https://en.wikipedia.org/?curid=83499,unresearched,unverified_candidate,Ranked for research discovery; HPI is not evidence of early success.
257,candidate-0257-klaus-von-klitzing,Klaus von Klitzing,1943,PHYSICIST,Poland,M,68,71.64,https://en.wikipedia.org/?curid=670471,unresearched,unverified_candidate,Ranked for research discovery; HPI is not evidence of early success.
258,candidate-0258-jules-a-hoffmann,Jules A. Hoffmann,1941,BIOLOGIST,Luxembourg,M,54,71.62,https://en.wikipedia.org/?curid=14449397,unresearched,unverified_candidate,Ranked for research discovery; HPI is not evidence of early success.
259,candidate-0259-theodor-w-hänsch,Theodor W. Hänsch,1941,PHYSICIST,Germany,F,65,71.55,https://en.wikipedia.org/?curid=2831019,unresearched,unverified_candidate,Ranked for research discovery; HPI is not evidence of early success.
260,candidate-0260-harry-kroto,Harry Kroto,1939,CHEMIST,United Kingdom,M,60,71.51,https://en.wikipedia.org/?curid=14467,unresearched,unverified_candidate,Ranked for research discovery; HPI is not evidence of early success.
261,candidate-0261-joão-gilberto,João Gilberto,1931,MUSICIAN,Brazil,M,51,71.51,https://en.wikipedia.org/?curid=505947,unresearched,unverified_candidate,Ranked for research discovery; HPI is not evidence of early success.
262,candidate-0262-amin-maalouf,Amin Maalouf,1949,WRITER,Lebanon,M,60,71.50,https://en.wikipedia.org/?curid=176782,unresearched,unverified_candidate,Ranked for research discovery; HPI is not evidence of early success.
263,candidate-0263-harold-pinter,Harold Pinter,1930,WRITER,United Kingdom,M,96,71.49,https://en.wikipedia.org/?curid=89530,unresearched,unverified_candidate,Ranked for research discovery; HPI is not evidence of early success.
264,candidate-0264-han-kang,Han Kang,1970,WRITER,South Korea,F,83,71.41,https://en.wikipedia.org/?curid=28222070,unresearched,unverified_candidate,Ranked for research discovery; HPI is not evidence of early success.
265,candidate-0265-jean-nouvel,Jean Nouvel,1945,ARCHITECT,France,M,51,71.37,https://en.wikipedia.org/?curid=26576875,unresearched,unverified_candidate,Ranked for research discovery; HPI is not evidence of early success.
266,candidate-0266-katalin-karikó,Katalin Karikó,1955,CHEMIST,Hungary,F,59,71.31,https://en.wikipedia.org/?curid=63780788,unresearched,unverified_candidate,Ranked for research discovery; HPI is not evidence of early success.
267,candidate-0267-the-iron-sheik,The Iron Sheik,1942,WRESTLER,Iran,M,28,71.31,https://en.wikipedia.org/?curid=363161,unresearched,unverified_candidate,Ranked for research discovery; HPI is not evidence of early success.
268,candidate-0268-mariss-jansons,Mariss Jansons,1943,MUSICIAN,Latvia,M,39,71.29,https://en.wikipedia.org/?curid=723087,unresearched,unverified_candidate,Ranked for research discovery; HPI is not evidence of early success.
269,candidate-0269-till-lindemann,Till Lindemann,1963,MUSICIAN,Germany,M,52,71.29,https://en.wikipedia.org/?curid=856871,unresearched,unverified_candidate,Ranked for research discovery; HPI is not evidence of early success.
270,candidate-0270-ei-ichi-negishi,Ei-ichi Negishi,1935,CHEMIST,China,M,63,71.28,https://en.wikipedia.org/?curid=15858460,unresearched,unverified_candidate,Ranked for research discovery; HPI is not evidence of early success.
271,candidate-0271-n-r-narayana-murthy,N. R. Narayana Murthy,1946,BUSINESSPERSON,India,M,30,71.20,https://en.wikipedia.org/?curid=465730,unresearched,unverified_candidate,Ranked for research discovery; HPI is not evidence of early success.
272,candidate-0272-wolfgang-petersen,Wolfgang Petersen,1941,FILM DIRECTOR,Germany,M,51,71.17,https://en.wikipedia.org/?curid=33230,unresearched,unverified_candidate,Ranked for research discovery; HPI is not evidence of early success.
273,candidate-0273-aldo-rossi,Aldo Rossi,1931,ARCHITECT,Italy,M,42,71.17,https://en.wikipedia.org/?curid=45534,unresearched,unverified_candidate,Ranked for research discovery; HPI is not evidence of early success.
274,candidate-0274-david-guetta,David Guetta,1967,MUSICIAN,France,M,90,71.17,https://en.wikipedia.org/?curid=2808834,unresearched,unverified_candidate,Ranked for research discovery; HPI is not evidence of early success.
275,candidate-0275-bengt-i-samuelsson,Bengt I. Samuelsson,1934,CHEMIST,Sweden,M,48,71.11,https://en.wikipedia.org/?curid=498608,unresearched,unverified_candidate,Ranked for research discovery; HPI is not evidence of early success.
276,candidate-0276-jon-fosse,Jon Fosse,1959,WRITER,Norway,M,66,71.09,https://en.wikipedia.org/?curid=782556,unresearched,unverified_candidate,Ranked for research discovery; HPI is not evidence of early success.
277,candidate-0277-christopher-nolan,Christopher Nolan,1970,FILM DIRECTOR,United Kingdom,M,94,71.08,https://en.wikipedia.org/?curid=177840,unresearched,unverified_candidate,Ranked for research discovery; HPI is not evidence of early success.
278,candidate-0278-carlos-saura,Carlos Saura,1932,FILM DIRECTOR,Spain,M,53,71.07,https://en.wikipedia.org/?curid=3380174,unresearched,unverified_candidate,Ranked for research discovery; HPI is not evidence of early success.
279,candidate-0279-john-e-walker,John E. Walker,1941,CHEMIST,United Kingdom,M,55,71.02,https://en.wikipedia.org/?curid=1890999,unresearched,unverified_candidate,Ranked for research discovery; HPI is not evidence of early success.
280,candidate-0280-aaron-ciechanover,Aaron Ciechanover,1947,BIOLOGIST,Israel,M,60,71.01,https://en.wikipedia.org/?curid=1043968,unresearched,unverified_candidate,Ranked for research discovery; HPI is not evidence of early success.
281,candidate-0281-flavio-briatore,Flavio Briatore,1950,BUSINESSPERSON,Italy,M,28,70.91,https://en.wikipedia.org/?curid=614426,unresearched,unverified_candidate,Ranked for research discovery; HPI is not evidence of early success.
282,candidate-0282-christiane-nüsslein-volhard,Christiane Nüsslein-Volhard,1942,BIOLOGIST,Germany,F,65,70.90,https://en.wikipedia.org/?curid=222990,unresearched,unverified_candidate,Ranked for research discovery; HPI is not evidence of early success.
283,candidate-0283-makoto-kobayashi,Makoto Kobayashi,1944,PHYSICIST,Japan,M,62,70.90,https://en.wikipedia.org/?curid=10899099,unresearched,unverified_candidate,Ranked for research discovery; HPI is not evidence of early success.
284,candidate-0284-andrzej-żuławski,Andrzej Żuławski,1940,FILM DIRECTOR,Ukraine,M,35,70.90,https://en.wikipedia.org/?curid=44232,unresearched,unverified_candidate,Ranked for research discovery; HPI is not evidence of early success.
285,candidate-0285-psy,Psy,1977,SINGER,South Korea,M,91,70.88,https://en.wikipedia.org/?curid=36524320,unresearched,unverified_candidate,Ranked for research discovery; HPI is not evidence of early success.
286,candidate-0286-bernie-ecclestone,Bernie Ecclestone,1930,BUSINESSPERSON,United Kingdom,M,43,70.86,https://en.wikipedia.org/?curid=411352,unresearched,unverified_candidate,Ranked for research discovery; HPI is not evidence of early success.
287,candidate-0287-akira-suzuki,Akira Suzuki,1930,CHEMIST,Japan,M,64,70.85,https://en.wikipedia.org/?curid=26635194,unresearched,unverified_candidate,Ranked for research discovery; HPI is not evidence of early success.
288,candidate-0288-álvaro-siza-vieira,Álvaro Siza Vieira,1933,ARCHITECT,Portugal,M,40,70.83,https://en.wikipedia.org/?curid=717028,unresearched,unverified_candidate,Ranked for research discovery; HPI is not evidence of early success.
289,candidate-0289-jacques-audiard,Jacques Audiard,1952,FILM DIRECTOR,France,M,43,70.81,https://en.wikipedia.org/?curid=4273510,unresearched,unverified_candidate,Ranked for research discovery; HPI is not evidence of early success.
290,candidate-0290-olga-tokarczuk,Olga Tokarczuk,1962,WRITER,Poland,F,82,70.79,https://en.wikipedia.org/?curid=3268050,unresearched,unverified_candidate,Ranked for research discovery; HPI is not evidence of early success.
291,candidate-0291-bong-joon-ho,Bong Joon-ho,1969,FILM DIRECTOR,South Korea,M,56,70.72,https://en.wikipedia.org/?curid=3590825,unresearched,unverified_candidate,Ranked for research discovery; HPI is not evidence of early success.
292,candidate-0292-bassel-al-assad,Bassel al-Assad,1962,ENGINEER,Syria,M,32,70.71,https://en.wikipedia.org/?curid=2246162,unresearched,unverified_candidate,Ranked for research discovery; HPI is not evidence of early success.
293,candidate-0293-erwin-neher,Erwin Neher,1944,BIOLOGIST,Germany,M,53,70.67,https://en.wikipedia.org/?curid=762732,unresearched,unverified_candidate,Ranked for research discovery; HPI is not evidence of early success.
294,candidate-0294-claude-cohen-tannoudji,Claude Cohen-Tannoudji,1933,PHYSICIST,Algeria,M,68,70.67,https://en.wikipedia.org/?curid=630821,unresearched,unverified_candidate,Ranked for research discovery; HPI is not evidence of early success.
295,candidate-0295-antonio-tabucchi,Antonio Tabucchi,1943,WRITER,Italy,M,46,70.66,https://en.wikipedia.org/?curid=1368363,unresearched,unverified_candidate,Ranked for research discovery; HPI is not evidence of early success.
296,candidate-0296-peter-j-ratcliffe,Peter J. Ratcliffe,1954,CHEMIST,United Kingdom,M,47,70.64,https://en.wikipedia.org/?curid=37630676,unresearched,unverified_candidate,Ranked for research discovery; HPI is not evidence of early success.
297,candidate-0297-stieg-larsson,Stieg Larsson,1954,WRITER,Sweden,M,62,70.63,https://en.wikipedia.org/?curid=11240679,unresearched,unverified_candidate,Ranked for research discovery; HPI is not evidence of early success.
298,candidate-0298-zhang-yimou,Zhang Yimou,1950,FILM DIRECTOR,China,M,53,70.63,https://en.wikipedia.org/?curid=156198,unresearched,unverified_candidate,Ranked for research discovery; HPI is not evidence of early success.
299,candidate-0299-abdulrazak-gurnah,Abdulrazak Gurnah,1948,WRITER,Tanzania,M,75,70.58,https://en.wikipedia.org/?curid=14597934,unresearched,unverified_candidate,Ranked for research discovery; HPI is not evidence of early success.
300,candidate-0300-georges-moustaki,Georges Moustaki,1934,SINGER,Egypt,M,40,70.54,https://en.wikipedia.org/?curid=2121344,unresearched,unverified_candidate,Ranked for research discovery; HPI is not evidence of early success.
301,candidate-0301-sidney-altman,Sidney Altman,1939,CHEMIST,Canada,M,56,70.50,https://en.wikipedia.org/?curid=51775,unresearched,unverified_candidate,Ranked for research discovery; HPI is not evidence of early success.
302,candidate-0302-helmut-marko,Helmut Marko,1943,RACING DRIVER,Austria,M,30,70.49,https://en.wikipedia.org/?curid=1233840,unresearched,unverified_candidate,Ranked for research discovery; HPI is not evidence of early success.
303,candidate-0303-clay-regazzoni,Clay Regazzoni,1939,RACING DRIVER,Switzerland,M,32,70.48,https://en.wikipedia.org/?curid=1172362,unresearched,unverified_candidate,Ranked for research discovery; HPI is not evidence of early success.
304,candidate-0304-robert-huber,Robert Huber,1937,CHEMIST,Germany,M,51,70.48,https://en.wikipedia.org/?curid=1322930,unresearched,unverified_candidate,Ranked for research discovery; HPI is not evidence of early success.
305,candidate-0305-bruce-dickinson,Bruce Dickinson,1958,SINGER,United Kingdom,M,63,70.45,https://en.wikipedia.org/?curid=255405,unresearched,unverified_candidate,Ranked for research discovery; HPI is not evidence of early success.
306,candidate-0306-frank-farian,Frank Farian,1941,MUSICIAN,Germany,M,33,70.40,https://en.wikipedia.org/?curid=637882,unresearched,unverified_candidate,Ranked for research discovery; HPI is not evidence of early success.
307,candidate-0307-georges-j-f-köhler,Georges J. F. Köhler,1946,BIOLOGIST,Germany,M,48,70.37,https://en.wikipedia.org/?curid=1607609,unresearched,unverified_candidate,Ranked for research discovery; HPI is not evidence of early success.
308,candidate-0308-jerry-falwell,Jerry Falwell,1933,WRITER,Greece,M,31,70.35,https://en.wikipedia.org/?curid=16504,unresearched,unverified_candidate,Ranked for research discovery; HPI is not evidence of early success.
309,candidate-0309-robin-gibb,Robin Gibb,1949,SINGER,Isle of Man,M,50,70.32,https://en.wikipedia.org/?curid=149690,unresearched,unverified_candidate,Ranked for research discovery; HPI is not evidence of early success.
310,candidate-0310-nina-hagen,Nina Hagen,1955,SINGER,Germany,F,57,70.30,https://en.wikipedia.org/?curid=464271,unresearched,unverified_candidate,Ranked for research discovery; HPI is not evidence of early success.
311,candidate-0311-john-le-carré,John le Carré,1931,WRITER,United Kingdom,M,64,70.24,https://en.wikipedia.org/?curid=180618,unresearched,unverified_candidate,Ranked for research discovery; HPI is not evidence of early success.
312,candidate-0312-costa-gavras,Costa-Gavras,1933,FILM DIRECTOR,Greece,M,49,70.24,https://en.wikipedia.org/?curid=287007,unresearched,unverified_candidate,Ranked for research discovery; HPI is not evidence of early success.
313,candidate-0313-john-woo,John Woo,1946,FILM DIRECTOR,China,M,44,70.23,https://en.wikipedia.org/?curid=15571,unresearched,unverified_candidate,Ranked for research discovery; HPI is not evidence of early success.
314,candidate-0314-johann-deisenhofer,Johann Deisenhofer,1943,CHEMIST,Germany,M,50,70.19,https://en.wikipedia.org/?curid=569123,unresearched,unverified_candidate,Ranked for research discovery; HPI is not evidence of early success.
315,candidate-0315-eduardo-galeano,Eduardo Galeano,1940,WRITER,Uruguay,M,54,70.18,https://en.wikipedia.org/?curid=305910,unresearched,unverified_candidate,Ranked for research discovery; HPI is not evidence of early success.
316,candidate-0316-svante-pääbo,Svante Pääbo,1955,BIOLOGIST,Sweden,M,65,70.18,https://en.wikipedia.org/?curid=73016,unresearched,unverified_candidate,Ranked for research discovery; HPI is not evidence of early success.
317,candidate-0317-astrud-gilberto,Astrud Gilberto,1940,SINGER,Brazil,F,50,70.16,https://en.wikipedia.org/?curid=19559479,unresearched,unverified_candidate,Ranked for research discovery; HPI is not evidence of early success.
318,candidate-0318-valentino,Valentino,1932,DESIGNER,Italy,M,31,70.11,https://en.wikipedia.org/?curid=919815,unresearched,unverified_candidate,Ranked for research discovery; HPI is not evidence of early success.
319,candidate-0319-peter-zumthor,Peter Zumthor,1943,ARCHITECT,Switzerland,M,41,70.10,https://en.wikipedia.org/?curid=1021012,unresearched,unverified_candidate,Ranked for research discovery; HPI is not evidence of early success.
320,candidate-0320-césar-luis-menotti,César Luis Menotti,1938,SOCCER PLAYER,Argentina,M,46,70.04,https://en.wikipedia.org/?curid=2226088,unresearched,unverified_candidate,Ranked for research discovery; HPI is not evidence of early success.
321,candidate-0321-paul-anka,Paul Anka,1941,SINGER,Canada,M,57,70.02,https://en.wikipedia.org/?curid=100691,unresearched,unverified_candidate,Ranked for research discovery; HPI is not evidence of early success.
322,candidate-0322-sandra,Sandra,1962,SINGER,Germany,F,43,70.00,https://en.wikipedia.org/?curid=866982,unresearched,unverified_candidate,Ranked for research discovery; HPI is not evidence of early success.
323,candidate-0323-arto-paasilinna,Arto Paasilinna,1942,WRITER,Finland,M,41,70.00,https://en.wikipedia.org/?curid=1647525,unresearched,unverified_candidate,Ranked for research discovery; HPI is not evidence of early success.
324,candidate-0324-guy-manuel-de-homem-christo,Guy-Manuel de Homem-Christo,1974,SINGER,France,M,23,69.98,https://en.wikipedia.org/?curid=2469968,unresearched,unverified_candidate,Ranked for research discovery; HPI is not evidence of early success.
325,candidate-0325-carlos-kleiber,Carlos Kleiber,1930,MUSICIAN,Germany,M,35,69.96,https://en.wikipedia.org/?curid=161527,unresearched,unverified_candidate,Ranked for research discovery; HPI is not evidence of early success.
326,candidate-0326-gérard-mourou,Gérard Mourou,1944,PHYSICIST,France,M,56,69.96,https://en.wikipedia.org/?curid=2142322,unresearched,unverified_candidate,Ranked for research discovery; HPI is not evidence of early success.
327,candidate-0327-v-s-naipaul,V. S. Naipaul,1932,WRITER,Trinidad and Tobago,M,97,69.95,https://en.wikipedia.org/?curid=29636499,unresearched,unverified_candidate,Ranked for research discovery; HPI is not evidence of early success.
328,candidate-0328-bernhard-schlink,Bernhard Schlink,1944,WRITER,Germany,M,43,69.94,https://en.wikipedia.org/?curid=685098,unresearched,unverified_candidate,Ranked for research discovery; HPI is not evidence of early success.
329,candidate-0329-grace-jones,Grace Jones,1948,SINGER,Jamaica,F,47,69.91,https://en.wikipedia.org/?curid=421292,unresearched,unverified_candidate,Ranked for research discovery; HPI is not evidence of early success.
330,candidate-0330-geoffrey-hinton,Geoffrey Hinton,1947,COMPUTER SCIENTIST,United Kingdom,M,56,69.89,https://en.wikipedia.org/?curid=507174,unresearched,unverified_candidate,Ranked for research discovery; HPI is not evidence of early success.
331,candidate-0331-kane,Kane,1967,WRESTLER,Spain,M,45,69.86,https://en.wikipedia.org/?curid=311937,unresearched,unverified_candidate,Ranked for research discovery; HPI is not evidence of early success.
332,candidate-0332-niklaus-wirth,Niklaus Wirth,1934,COMPUTER SCIENTIST,Switzerland,M,54,69.80,https://en.wikipedia.org/?curid=21642,unresearched,unverified_candidate,Ranked for research discovery; HPI is not evidence of early success.
333,candidate-0333-ratko-janev,Ratko Janev,1939,PHYSICIST,Bulgaria,M,50,69.79,https://en.wikipedia.org/?curid=37531982,unresearched,unverified_candidate,Ranked for research discovery; HPI is not evidence of early success.
334,candidate-0334-anton-zeilinger,Anton Zeilinger,1945,PHYSICIST,Austria,M,52,69.76,https://en.wikipedia.org/?curid=918635,unresearched,unverified_candidate,Ranked for research discovery; HPI is not evidence of early success.
335,candidate-0335-thomas-anders,Thomas Anders,1963,SINGER,Germany,M,43,69.75,https://en.wikipedia.org/?curid=541725,unresearched,unverified_candidate,Ranked for research discovery; HPI is not evidence of early success.
336,candidate-0336-enya,Enya,1961,SINGER,Ireland,F,108,69.73,https://en.wikipedia.org/?curid=9482,unresearched,unverified_candidate,Ranked for research discovery; HPI is not evidence of early success.
337,candidate-0337-jim-peebles,Jim Peebles,1935,PHYSICIST,Canada,M,60,69.72,https://en.wikipedia.org/?curid=864778,unresearched,unverified_candidate,Ranked for research discovery; HPI is not evidence of early success.
338,candidate-0338-esma-redžepova,Esma Redžepova,1943,SINGER,North Macedonia,F,43,69.71,https://en.wikipedia.org/?curid=6240669,unresearched,unverified_candidate,Ranked for research discovery; HPI is not evidence of early success.
339,candidate-0339-jordi-savall,Jordi Savall,1941,COMPOSER,Spain,M,38,69.64,https://en.wikipedia.org/?curid=885181,unresearched,unverified_candidate,Ranked for research discovery; HPI is not evidence of early success.
340,candidate-0340-jorge-jesus,Jorge Jesus,1954,SOCCER PLAYER,Portugal,M,30,69.64,https://en.wikipedia.org/?curid=13322638,unresearched,unverified_candidate,Ranked for research discovery; HPI is not evidence of early success.
341,candidate-0341-albert-speer,Albert Speer,1934,ARCHITECT,Germany,M,26,69.62,https://en.wikipedia.org/?curid=1607695,unresearched,unverified_candidate,Ranked for research discovery; HPI is not evidence of early success.
342,candidate-0342-bryan-ferry,Bryan Ferry,1945,SINGER,United Kingdom,M,46,69.61,https://en.wikipedia.org/?curid=105436,unresearched,unverified_candidate,Ranked for research discovery; HPI is not evidence of early success.
343,candidate-0343-ryszard-kapuściński,Ryszard Kapuściński,1932,WRITER,Belarus,M,47,69.57,https://en.wikipedia.org/?curid=294055,unresearched,unverified_candidate,Ranked for research discovery; HPI is not evidence of early success.
344,candidate-0344-giuseppe-tornatore,Giuseppe Tornatore,1956,FILM DIRECTOR,Italy,M,57,69.56,https://en.wikipedia.org/?curid=430416,unresearched,unverified_candidate,Ranked for research discovery; HPI is not evidence of early success.
345,candidate-0345-fatema-mernissi,Fatema Mernissi,1940,WRITER,Morocco,F,43,69.53,https://en.wikipedia.org/?curid=295871,unresearched,unverified_candidate,Ranked for research discovery; HPI is not evidence of early success.
346,candidate-0346-carlos-queiroz,Carlos Queiroz,1953,SOCCER PLAYER,Mozambique,M,47,69.51,https://en.wikipedia.org/?curid=779591,unresearched,unverified_candidate,Ranked for research discovery; HPI is not evidence of early success.
347,candidate-0347-serge-haroche,Serge Haroche,1944,PHYSICIST,Morocco,M,64,69.50,https://en.wikipedia.org/?curid=14661857,unresearched,unverified_candidate,Ranked for research discovery; HPI is not evidence of early success.
348,candidate-0348-charles-k-kao,Charles K. Kao,1933,INVENTOR,China,M,68,69.49,https://en.wikipedia.org/?curid=51012,unresearched,unverified_candidate,Ranked for research discovery; HPI is not evidence of early success.
349,candidate-0349-arthur-b-mcdonald,Arthur B. McDonald,1943,ASTRONOMER,Canada,M,65,69.47,https://en.wikipedia.org/?curid=14031024,unresearched,unverified_candidate,Ranked for research discovery; HPI is not evidence of early success.
350,candidate-0350-jesús-franco,Jesús Franco,1930,FILM DIRECTOR,Spain,M,35,69.46,https://en.wikipedia.org/?curid=1176169,unresearched,unverified_candidate,Ranked for research discovery; HPI is not evidence of early success.
351,candidate-0351-gloria-estefan,Gloria Estefan,1957,SINGER,Cuba,F,64,69.44,https://en.wikipedia.org/?curid=169245,unresearched,unverified_candidate,Ranked for research discovery; HPI is not evidence of early success.
352,candidate-0352-masaru-emoto,Masaru Emoto,1943,WRITER,Japan,M,29,69.41,https://en.wikipedia.org/?curid=1004729,unresearched,unverified_candidate,Ranked for research discovery; HPI is not evidence of early success.
353,candidate-0353-toshihide-maskawa,Toshihide Maskawa,1940,PHYSICIST,Japan,M,63,69.39,https://en.wikipedia.org/?curid=10899167,unresearched,unverified_candidate,Ranked for research discovery; HPI is not evidence of early success.
354,candidate-0354-colleen-mccullough,Colleen McCullough,1937,WRITER,Australia,F,47,69.36,https://en.wikipedia.org/?curid=381507,unresearched,unverified_candidate,Ranked for research discovery; HPI is not evidence of early success.
355,candidate-0355-piero-ferrari,Piero Ferrari,1945,BUSINESSPERSON,Italy,M,19,69.35,https://en.wikipedia.org/?curid=5876748,unresearched,unverified_candidate,Ranked for research discovery; HPI is not evidence of early success.
356,candidate-0356-falco,Falco,1957,SINGER,Austria,M,46,69.34,https://en.wikipedia.org/?curid=210836,unresearched,unverified_candidate,Ranked for research discovery; HPI is not evidence of early success.
357,candidate-0357-halla-margrét-árnadóttir,Halla Margrét Árnadóttir,1964,SINGER,Iceland,F,38,69.34,https://en.wikipedia.org/?curid=18317491,unresearched,unverified_candidate,Ranked for research discovery; HPI is not evidence of early success.
358,candidate-0358-sylvie-vartan,Sylvie Vartan,1944,SINGER,Bulgaria,F,37,69.30,https://en.wikipedia.org/?curid=113666,unresearched,unverified_candidate,Ranked for research discovery; HPI is not evidence of early success.
359,candidate-0359-wole-soyinka,Wole Soyinka,1934,WRITER,Nigeria,M,96,69.29,https://en.wikipedia.org/?curid=33825,unresearched,unverified_candidate,Ranked for research discovery; HPI is not evidence of early success.
360,candidate-0360-derek-walcott,Derek Walcott,1930,WRITER,Saint Lucia,M,86,69.28,https://en.wikipedia.org/?curid=8945,unresearched,unverified_candidate,Ranked for research discovery; HPI is not evidence of early success.
361,candidate-0361-carlos-reutemann,Carlos Reutemann,1942,RACING DRIVER,Argentina,M,37,69.28,https://en.wikipedia.org/?curid=7859379,unresearched,unverified_candidate,Ranked for research discovery; HPI is not evidence of early success.
362,candidate-0362-manu-chao,Manu Chao,1961,SINGER,France,M,42,69.26,https://en.wikipedia.org/?curid=80020,unresearched,unverified_candidate,Ranked for research discovery; HPI is not evidence of early success.
363,candidate-0363-vahid-halilhodžić,Vahid Halilhodžić,1952,SOCCER PLAYER,Bosnia and Herzegovina,M,48,69.23,https://en.wikipedia.org/?curid=1108995,unresearched,unverified_candidate,Ranked for research discovery; HPI is not evidence of early success.
364,candidate-0364-john-barnes,John Barnes,1963,SOCCER PLAYER,Jamaica,M,39,69.23,https://en.wikipedia.org/?curid=603942,unresearched,unverified_candidate,Ranked for research discovery; HPI is not evidence of early success.
365,candidate-0365-dennis-bergkamp,Dennis Bergkamp,1969,SOCCER PLAYER,Netherlands,M,68,69.22,https://en.wikipedia.org/?curid=45497,unresearched,unverified_candidate,Ranked for research discovery; HPI is not evidence of early success.
366,candidate-0366-jamal-khashoggi,Jamal Khashoggi,1958,WRITER,Saudi Arabia,M,75,69.21,https://en.wikipedia.org/?curid=5894884,unresearched,unverified_candidate,Ranked for research discovery; HPI is not evidence of early success.
367,candidate-0367-kunishige-kamamoto,Kunishige Kamamoto,1944,SOCCER PLAYER,Japan,M,60,69.20,https://en.wikipedia.org/?curid=1682054,unresearched,unverified_candidate,Ranked for research discovery; HPI is not evidence of early success.
368,candidate-0368-luis-sepúlveda,Luis Sepúlveda,1949,WRITER,Chile,M,40,69.20,https://en.wikipedia.org/?curid=1138263,unresearched,unverified_candidate,Ranked for research discovery; HPI is not evidence of early success.
369,candidate-0369-yasuo-takamori,Yasuo Takamori,1934,SOCCER PLAYER,Japan,M,52,69.19,https://en.wikipedia.org/?curid=20641239,unresearched,unverified_candidate,Ranked for research discovery; HPI is not evidence of early success.
370,candidate-0370-peter-greenaway,Peter Greenaway,1942,FILM DIRECTOR,United Kingdom,M,40,69.18,https://en.wikipedia.org/?curid=55452,unresearched,unverified_candidate,Ranked for research discovery; HPI is not evidence of early success.
371,candidate-0371-ofra-haza,Ofra Haza,1957,SINGER,Israel,F,52,69.16,https://en.wikipedia.org/?curid=66970,unresearched,unverified_candidate,Ranked for research discovery; HPI is not evidence of early success.
372,candidate-0372-roald-hoffmann,Roald Hoffmann,1937,CHEMIST,Ukraine,M,53,69.16,https://en.wikipedia.org/?curid=26514,unresearched,unverified_candidate,Ranked for research discovery; HPI is not evidence of early success.
373,candidate-0373-ali-shariati,Ali Shariati,1933,WRITER,Iran,M,43,69.15,https://en.wikipedia.org/?curid=159182,unresearched,unverified_candidate,Ranked for research discovery; HPI is not evidence of early success.
374,candidate-0374-jiří-menzel,Jiří Menzel,1938,FILM DIRECTOR,Czechia,M,41,69.15,https://en.wikipedia.org/?curid=338795,unresearched,unverified_candidate,Ranked for research discovery; HPI is not evidence of early success.
375,candidate-0375-sofia-rotaru,Sofia Rotaru,1947,SINGER,Ukraine,F,73,69.14,https://en.wikipedia.org/?curid=766411,unresearched,unverified_candidate,Ranked for research discovery; HPI is not evidence of early success.
376,candidate-0376-anthony-james-leggett,Anthony James Leggett,1938,PHYSICIST,United Kingdom,M,66,69.13,https://en.wikipedia.org/?curid=659002,unresearched,unverified_candidate,Ranked for research discovery; HPI is not evidence of early success.
377,candidate-0377-chris-slade,Chris Slade,1946,MUSICIAN,United Kingdom,M,24,69.13,https://en.wikipedia.org/?curid=1248281,unresearched,unverified_candidate,Ranked for research discovery; HPI is not evidence of early success.
378,candidate-0378-robert-lewandowski,Robert Lewandowski,1988,SOCCER PLAYER,Poland,M,96,69.12,https://en.wikipedia.org/?curid=13362678,unresearched,unverified_candidate,Ranked for research discovery; HPI is not evidence of early success.
379,candidate-0379-miroslav-klose,Miroslav Klose,1978,SOCCER PLAYER,Poland,M,91,69.12,https://en.wikipedia.org/?curid=201840,unresearched,unverified_candidate,Ranked for research discovery; HPI is not evidence of early success.
380,candidate-0380-malcolm-young,Malcolm Young,1953,MUSICIAN,United Kingdom,M,46,69.12,https://en.wikipedia.org/?curid=558139,unresearched,unverified_candidate,Ranked for research discovery; HPI is not evidence of early success.
381,candidate-0381-caterina-valente,Caterina Valente,1931,SINGER,France,F,36,69.12,https://en.wikipedia.org/?curid=2456990,unresearched,unverified_candidate,Ranked for research discovery; HPI is not evidence of early success.
382,candidate-0382-john-surtees,John Surtees,1934,RACING DRIVER,United Kingdom,M,47,69.11,https://en.wikipedia.org/?curid=215196,unresearched,unverified_candidate,Ranked for research discovery; HPI is not evidence of early success.
383,candidate-0383-julian-barnes,Julian Barnes,1946,WRITER,United Kingdom,M,52,69.11,https://en.wikipedia.org/?curid=209892,unresearched,unverified_candidate,Ranked for research discovery; HPI is not evidence of early success.
384,candidate-0384-giya-kancheli,Giya Kancheli,1935,MUSICIAN,Georgia,M,63,69.10,https://en.wikipedia.org/?curid=796745,unresearched,unverified_candidate,Ranked for research discovery; HPI is not evidence of early success.
385,candidate-0385-annie-lennox,Annie Lennox,1954,SINGER,United Kingdom,F,63,69.09,https://en.wikipedia.org/?curid=241721,unresearched,unverified_candidate,Ranked for research discovery; HPI is not evidence of early success.
386,candidate-0386-pepe,Pepe,1983,SOCCER PLAYER,Brazil,M,71,69.08,https://en.wikipedia.org/?curid=6454931,unresearched,unverified_candidate,Ranked for research discovery; HPI is not evidence of early success.
387,candidate-0387-dua-lipa,Dua Lipa,1995,SINGER,United Kingdom,F,98,69.08,https://en.wikipedia.org/?curid=49002318,unresearched,unverified_candidate,Ranked for research discovery; HPI is not evidence of early success.
388,candidate-0388-masao-uchino,Masao Uchino,1934,SOCCER PLAYER,Japan,M,53,69.07,https://en.wikipedia.org/?curid=20639439,unresearched,unverified_candidate,Ranked for research discovery; HPI is not evidence of early success.
389,candidate-0389-gilbert-o-sullivan,Gilbert O'Sullivan,1946,MUSICIAN,Ireland,M,24,69.06,https://en.wikipedia.org/?curid=1057310,unresearched,unverified_candidate,Ranked for research discovery; HPI is not evidence of early success.
390,candidate-0390-martin-evans,Martin Evans,1941,BIOLOGIST,United Kingdom,M,54,69.06,https://en.wikipedia.org/?curid=1721040,unresearched,unverified_candidate,Ranked for research discovery; HPI is not evidence of early success.
391,candidate-0391-gheorghe-zamfir,Gheorghe Zamfir,1941,MUSICIAN,Romania,M,35,69.05,https://en.wikipedia.org/?curid=12248,unresearched,unverified_candidate,Ranked for research discovery; HPI is not evidence of early success.
392,candidate-0392-ian-paice,Ian Paice,1948,MUSICIAN,United Kingdom,M,38,69.05,https://en.wikipedia.org/?curid=390863,unresearched,unverified_candidate,Ranked for research discovery; HPI is not evidence of early success.
393,candidate-0393-cliff-richard,Cliff Richard,1940,MUSICIAN,India,M,57,69.05,https://en.wikipedia.org/?curid=52263,unresearched,unverified_candidate,Ranked for research discovery; HPI is not evidence of early success.
394,candidate-0394-adnan-khashoggi,Adnan Khashoggi,1935,BUSINESSPERSON,Saudi Arabia,M,27,69.02,https://en.wikipedia.org/?curid=887476,unresearched,unverified_candidate,Ranked for research discovery; HPI is not evidence of early success.
395,candidate-0395-takashi-furukawa,Takashi Furukawa,1981,SOCCER PLAYER,Japan,M,38,69.01,https://en.wikipedia.org/?curid=27506909,unresearched,unverified_candidate,Ranked for research discovery; HPI is not evidence of early success.
396,candidate-0396-joan-laporta,Joan Laporta,1962,BUSINESSPERSON,Spain,M,36,69.00,https://en.wikipedia.org/?curid=1821304,unresearched,unverified_candidate,Ranked for research discovery; HPI is not evidence of early success.
397,candidate-0397-richard-rogers,Richard Rogers,1933,ARCHITECT,Italy,M,48,68.99,https://en.wikipedia.org/?curid=486217,unresearched,unverified_candidate,Ranked for research discovery; HPI is not evidence of early success.
398,candidate-0398-douglas-adams,Douglas Adams,1952,WRITER,United Kingdom,M,89,68.98,https://en.wikipedia.org/?curid=8091,unresearched,unverified_candidate,Ranked for research discovery; HPI is not evidence of early success.
399,candidate-0399-volker-schlöndorff,Volker Schlöndorff,1939,FILM DIRECTOR,Germany,M,37,68.98,https://en.wikipedia.org/?curid=308699,unresearched,unverified_candidate,Ranked for research discovery; HPI is not evidence of early success.
400,candidate-0400-arie-haan,Arie Haan,1948,SOCCER PLAYER,Netherlands,M,34,68.97,https://en.wikipedia.org/?curid=3044159,unresearched,unverified_candidate,Ranked for research discovery; HPI is not evidence of early success.
401,candidate-0401-björk,Björk,1965,MUSICIAN,Iceland,F,92,68.97,https://en.wikipedia.org/?curid=18933360,unresearched,unverified_candidate,Ranked for research discovery; HPI is not evidence of early success.
402,candidate-0402-bille-august,Bille August,1948,FILM DIRECTOR,Denmark,M,34,68.96,https://en.wikipedia.org/?curid=3785,unresearched,unverified_candidate,Ranked for research discovery; HPI is not evidence of early success.
403,candidate-0403-drake,Drake,1986,SINGER,Canada,M,81,68.96,https://en.wikipedia.org/?curid=21466444,unresearched,unverified_candidate,Ranked for research discovery; HPI is not evidence of early success.
404,candidate-0404-pierre-agostini,Pierre Agostini,1941,PHYSICIST,Tunisia,M,45,68.95,https://en.wikipedia.org/?curid=74968668,unresearched,unverified_candidate,Ranked for research discovery; HPI is not evidence of early success.
405,candidate-0405-jerzy-kosiński,Jerzy Kosiński,1933,WRITER,Poland,M,37,68.94,https://en.wikipedia.org/?curid=15657,unresearched,unverified_candidate,Ranked for research discovery; HPI is not evidence of early success.
406,candidate-0406-danilo-kiš,Danilo Kiš,1935,WRITER,Serbia,M,41,68.92,https://en.wikipedia.org/?curid=1437535,unresearched,unverified_candidate,Ranked for research discovery; HPI is not evidence of early success.
407,candidate-0407-james-may,James May,1963,WRITER,United Kingdom,M,33,68.92,https://en.wikipedia.org/?curid=371685,unresearched,unverified_candidate,Ranked for research discovery; HPI is not evidence of early success.
408,candidate-0408-itzhak-perlman,Itzhak Perlman,1945,MUSICIAN,Israel,M,48,68.92,https://en.wikipedia.org/?curid=168478,unresearched,unverified_candidate,Ranked for research discovery; HPI is not evidence of early success.
409,candidate-0409-fatboy-slim,Fatboy Slim,1963,MUSICIAN,United Kingdom,M,44,68.91,https://en.wikipedia.org/?curid=36615,unresearched,unverified_candidate,Ranked for research discovery; HPI is not evidence of early success.
410,candidate-0410-nikita-mikhalkov,Nikita Mikhalkov,1945,FILM DIRECTOR,Russia,M,62,68.89,https://en.wikipedia.org/?curid=712322,unresearched,unverified_candidate,Ranked for research discovery; HPI is not evidence of early success.
411,candidate-0411-shoko-asahara,Shoko Asahara,1955,WRITER,Japan,M,46,68.89,https://en.wikipedia.org/?curid=98970,unresearched,unverified_candidate,Ranked for research discovery; HPI is not evidence of early success.
412,candidate-0412-wong-kar-wai,Wong Kar-wai,1958,FILM DIRECTOR,China,M,51,68.88,https://en.wikipedia.org/?curid=213362,unresearched,unverified_candidate,Ranked for research discovery; HPI is not evidence of early success.
413,candidate-0413-ang-lee,Ang Lee,1954,FILM DIRECTOR,Taiwan,M,75,68.88,https://en.wikipedia.org/?curid=18949253,unresearched,unverified_candidate,Ranked for research discovery; HPI is not evidence of early success.
414,candidate-0414-miuccia-prada,Miuccia Prada,1949,DESIGNER,Italy,F,35,68.88,https://en.wikipedia.org/?curid=3284135,unresearched,unverified_candidate,Ranked for research discovery; HPI is not evidence of early success.
415,candidate-0415-dr-alban,Dr. Alban,1957,MUSICIAN,Nigeria,M,39,68.88,https://en.wikipedia.org/?curid=920887,unresearched,unverified_candidate,Ranked for research discovery; HPI is not evidence of early success.
416,candidate-0416-nicko-mcbrain,Nicko McBrain,1952,MUSICIAN,United Kingdom,M,40,68.87,https://en.wikipedia.org/?curid=712477,unresearched,unverified_candidate,Ranked for research discovery; HPI is not evidence of early success.
417,candidate-0417-didier-drogba,Didier Drogba,1978,SOCCER PLAYER,Côte d'Ivoire,M,84,68.87,https://en.wikipedia.org/?curid=1031793,unresearched,unverified_candidate,Ranked for research discovery; HPI is not evidence of early success.
418,candidate-0418-takashi-takabayashi,Takashi Takabayashi,1931,SOCCER PLAYER,Japan,M,52,68.87,https://en.wikipedia.org/?curid=20640542,unresearched,unverified_candidate,Ranked for research discovery; HPI is not evidence of early success.
419,candidate-0419-charles-scott-sherrington,Charles Scott Sherrington,1952,BIOLOGIST,United Kingdom,M,60,68.86,https://en.wikipedia.org/?curid=772653,unresearched,unverified_candidate,Ranked for research discovery; HPI is not evidence of early success.
420,candidate-0420-ian-mcewan,Ian McEwan,1948,WRITER,United Kingdom,M,53,68.84,https://en.wikipedia.org/?curid=327073,unresearched,unverified_candidate,Ranked for research discovery; HPI is not evidence of early success.
421,candidate-0421-denis-law,Denis Law,1940,SOCCER PLAYER,United Kingdom,M,52,68.84,https://en.wikipedia.org/?curid=935938,unresearched,unverified_candidate,Ranked for research discovery; HPI is not evidence of early success.
422,candidate-0422-c-n-r-rao,C. N. R. Rao,1934,CHEMIST,India,M,36,68.82,https://en.wikipedia.org/?curid=1605325,unresearched,unverified_candidate,Ranked for research discovery; HPI is not evidence of early success.
423,candidate-0423-ahmed-zewail,Ahmed Zewail,1946,CHEMIST,Egypt,M,68,68.82,https://en.wikipedia.org/?curid=113617,unresearched,unverified_candidate,Ranked for research discovery; HPI is not evidence of early success.
424,candidate-0424-chris-norman,Chris Norman,1950,SINGER,United Kingdom,M,31,68.82,https://en.wikipedia.org/?curid=4276396,unresearched,unverified_candidate,Ranked for research discovery; HPI is not evidence of early success.
425,candidate-0425-thierry-henry,Thierry Henry,1977,SOCCER PLAYER,France,M,88,68.81,https://en.wikipedia.org/?curid=220160,unresearched,unverified_candidate,Ranked for research discovery; HPI is not evidence of early success.
426,candidate-0426-jack-ma,Jack Ma,1964,BUSINESSPERSON,China,M,80,68.80,https://en.wikipedia.org/?curid=2432849,unresearched,unverified_candidate,Ranked for research discovery; HPI is not evidence of early success.
427,candidate-0427-gérson,Gérson,1941,SOCCER PLAYER,Brazil,M,41,68.80,https://en.wikipedia.org/?curid=2046816,unresearched,unverified_candidate,Ranked for research discovery; HPI is not evidence of early success.
428,candidate-0428-hiroto-muraoka,Hiroto Muraoka,1931,SOCCER PLAYER,Japan,M,48,68.76,https://en.wikipedia.org/?curid=25864437,unresearched,unverified_candidate,Ranked for research discovery; HPI is not evidence of early success.
429,candidate-0429-rené-higuita,René Higuita,1966,SOCCER PLAYER,Colombia,M,49,68.74,https://en.wikipedia.org/?curid=1648431,unresearched,unverified_candidate,Ranked for research discovery; HPI is not evidence of early success.
430,candidate-0430-laurent-blanc,Laurent Blanc,1965,SOCCER PLAYER,France,M,57,68.73,https://en.wikipedia.org/?curid=1129727,unresearched,unverified_candidate,Ranked for research discovery; HPI is not evidence of early success.
431,candidate-0431-carlos-ghosn,Carlos Ghosn,1954,BUSINESSPERSON,Brazil,M,36,68.72,https://en.wikipedia.org/?curid=1340627,unresearched,unverified_candidate,Ranked for research discovery; HPI is not evidence of early success.
432,candidate-0432-adunis,Adunis,1930,WRITER,Syria,M,46,68.71,https://en.wikipedia.org/?curid=333126,unresearched,unverified_candidate,Ranked for research discovery; HPI is not evidence of early success.
433,candidate-0433-massimo-moratti,Massimo Moratti,1945,BUSINESSPERSON,Italy,M,34,68.71,https://en.wikipedia.org/?curid=2372588,unresearched,unverified_candidate,Ranked for research discovery; HPI is not evidence of early success.
434,candidate-0434-ruud-krol,Ruud Krol,1949,SOCCER PLAYER,Netherlands,M,36,68.71,https://en.wikipedia.org/?curid=1298333,unresearched,unverified_candidate,Ranked for research discovery; HPI is not evidence of early success.
435,candidate-0435-edwin-van-der-sar,Edwin van der Sar,1970,SOCCER PLAYER,Netherlands,M,73,68.70,https://en.wikipedia.org/?curid=685906,unresearched,unverified_candidate,Ranked for research discovery; HPI is not evidence of early success.
436,candidate-0436-carlos-valderrama,Carlos Valderrama,1961,SOCCER PLAYER,Colombia,M,58,68.69,https://en.wikipedia.org/?curid=6878,unresearched,unverified_candidate,Ranked for research discovery; HPI is not evidence of early success.
437,candidate-0437-daniel-libeskind,Daniel Libeskind,1946,ARCHITECT,Poland,M,38,68.69,https://en.wikipedia.org/?curid=217434,unresearched,unverified_candidate,Ranked for research discovery; HPI is not evidence of early success.
438,candidate-0438-joachim-frank,Joachim Frank,1940,CHEMIST,Germany,M,44,68.69,https://en.wikipedia.org/?curid=53754223,unresearched,unverified_candidate,Ranked for research discovery; HPI is not evidence of early success.
439,candidate-0439-roman-abramovich,Roman Abramovich,1966,BUSINESSPERSON,Russia,M,58,68.68,https://en.wikipedia.org/?curid=353535,unresearched,unverified_candidate,Ranked for research discovery; HPI is not evidence of early success.
440,candidate-0440-hartmut-michel,Hartmut Michel,1948,CHEMIST,Germany,M,48,68.68,https://en.wikipedia.org/?curid=1322983,unresearched,unverified_candidate,Ranked for research discovery; HPI is not evidence of early success.
441,candidate-0441-lasse-hallström,Lasse Hallström,1946,FILM DIRECTOR,Sweden,M,39,68.66,https://en.wikipedia.org/?curid=904604,unresearched,unverified_candidate,Ranked for research discovery; HPI is not evidence of early success.
442,candidate-0442-jean-pierre-jeunet,Jean-Pierre Jeunet,1953,FILM DIRECTOR,France,M,51,68.66,https://en.wikipedia.org/?curid=75718,unresearched,unverified_candidate,Ranked for research discovery; HPI is not evidence of early success.
443,candidate-0443-maria-joão-pires,Maria João Pires,1944,MUSICIAN,Portugal,F,29,68.61,https://en.wikipedia.org/?curid=7436867,unresearched,unverified_candidate,Ranked for research discovery; HPI is not evidence of early success.
444,candidate-0444-ernesto-valverde,Ernesto Valverde,1964,SOCCER PLAYER,Spain,M,49,68.61,https://en.wikipedia.org/?curid=10856375,unresearched,unverified_candidate,Ranked for research discovery; HPI is not evidence of early success.
445,candidate-0445-david-armstrong-jones-2nd-earl-of-snowdon,"David Armstrong-Jones, 2nd Earl of Snowdon",1961,BUSINESSPERSON,United Kingdom,M,25,68.60,https://en.wikipedia.org/?curid=17245599,unresearched,unverified_candidate,Ranked for research discovery; HPI is not evidence of early success.
446,candidate-0446-brian-epstein,Brian Epstein,1934,BUSINESSPERSON,United Kingdom,M,46,68.57,https://en.wikipedia.org/?curid=129194,unresearched,unverified_candidate,Ranked for research discovery; HPI is not evidence of early success.
447,candidate-0447-john-paul-jones,John Paul Jones,1946,MUSICIAN,United Kingdom,M,49,68.56,https://en.wikipedia.org/?curid=54268,unresearched,unverified_candidate,Ranked for research discovery; HPI is not evidence of early success.
448,candidate-0448-moustapha-akkad,Moustapha Akkad,1930,FILM DIRECTOR,Syria,M,27,68.55,https://en.wikipedia.org/?curid=36907,unresearched,unverified_candidate,Ranked for research discovery; HPI is not evidence of early success.
449,candidate-0449-andreas-brehme,Andreas Brehme,1960,SOCCER PLAYER,Germany,M,56,68.55,https://en.wikipedia.org/?curid=1030463,unresearched,unverified_candidate,Ranked for research discovery; HPI is not evidence of early success.
450,candidate-0450-tomohiko-ikoma,Tomohiko Ikoma,1932,SOCCER PLAYER,Japan,M,49,68.54,https://en.wikipedia.org/?curid=25864482,unresearched,unverified_candidate,Ranked for research discovery; HPI is not evidence of early success.
451,candidate-0451-david-irving,David Irving,1938,WRITER,United Kingdom,M,43,68.54,https://en.wikipedia.org/?curid=87585,unresearched,unverified_candidate,Ranked for research discovery; HPI is not evidence of early success.
452,candidate-0452-chris-rea,Chris Rea,1951,SINGER,United Kingdom,M,43,68.53,https://en.wikipedia.org/?curid=1032164,unresearched,unverified_candidate,Ranked for research discovery; HPI is not evidence of early success.
453,candidate-0453-iker-casillas,Iker Casillas,1981,SOCCER PLAYER,Spain,M,92,68.53,https://en.wikipedia.org/?curid=507433,unresearched,unverified_candidate,Ranked for research discovery; HPI is not evidence of early success.
454,candidate-0454-carles-rexach,Carles Rexach,1947,SOCCER PLAYER,Spain,M,46,68.52,https://en.wikipedia.org/?curid=5317242,unresearched,unverified_candidate,Ranked for research discovery; HPI is not evidence of early success.
455,candidate-0455-robbie-williams,Robbie Williams,1974,SINGER,United Kingdom,M,78,68.48,https://en.wikipedia.org/?curid=39010,unresearched,unverified_candidate,Ranked for research discovery; HPI is not evidence of early success.
456,candidate-0456-grzegorz-lato,Grzegorz Lato,1950,SOCCER PLAYER,Poland,M,46,68.48,https://en.wikipedia.org/?curid=1525677,unresearched,unverified_candidate,Ranked for research discovery; HPI is not evidence of early success.
457,candidate-0457-bobby-robson,Bobby Robson,1933,SOCCER PLAYER,United Kingdom,M,52,68.48,https://en.wikipedia.org/?curid=68685,unresearched,unverified_candidate,Ranked for research discovery; HPI is not evidence of early success.
458,candidate-0458-javier-zanetti,Javier Zanetti,1973,SOCCER PLAYER,Argentina,M,68,68.47,https://en.wikipedia.org/?curid=615792,unresearched,unverified_candidate,Ranked for research discovery; HPI is not evidence of early success.
459,candidate-0459-lisa-gerrard,Lisa Gerrard,1961,MUSICIAN,Australia,F,80,68.46,https://en.wikipedia.org/?curid=403631,unresearched,unverified_candidate,Ranked for research discovery; HPI is not evidence of early success.
460,candidate-0460-peter-weir,Peter Weir,1944,FILM DIRECTOR,Australia,M,46,68.44,https://en.wikipedia.org/?curid=44458,unresearched,unverified_candidate,Ranked for research discovery; HPI is not evidence of early success.
461,candidate-0461-vladimir-arnold,Vladimir Arnold,1937,MATHEMATICIAN,Ukraine,M,55,68.43,https://en.wikipedia.org/?curid=32490,unresearched,unverified_candidate,Ranked for research discovery; HPI is not evidence of early success.
462,candidate-0462-akira-kitaguchi,Akira Kitaguchi,1935,SOCCER PLAYER,Japan,M,53,68.43,https://en.wikipedia.org/?curid=20639249,unresearched,unverified_candidate,Ranked for research discovery; HPI is not evidence of early success.
463,candidate-0463-francis-lai,Francis Lai,1932,COMPOSER,France,M,29,68.43,https://en.wikipedia.org/?curid=1723364,unresearched,unverified_candidate,Ranked for research discovery; HPI is not evidence of early success.
464,candidate-0464-jensen-huang,Jensen Huang,1963,BUSINESSPERSON,Taiwan,M,36,68.39,https://en.wikipedia.org/?curid=2116495,unresearched,unverified_candidate,Ranked for research discovery; HPI is not evidence of early success.
465,candidate-0465-steve-harris,Steve Harris,1956,MUSICIAN,United Kingdom,M,49,68.39,https://en.wikipedia.org/?curid=302710,unresearched,unverified_candidate,Ranked for research discovery; HPI is not evidence of early success.
466,candidate-0466-valentin-ceaușescu,Valentin Ceaușescu,1948,PHYSICIST,Romania,M,21,68.38,https://en.wikipedia.org/?curid=5030845,unresearched,unverified_candidate,Ranked for research discovery; HPI is not evidence of early success.
467,candidate-0467-alfred-schnittke,Alfred Schnittke,1934,COMPOSER,Russia,M,39,68.36,https://en.wikipedia.org/?curid=398228,unresearched,unverified_candidate,Ranked for research discovery; HPI is not evidence of early success.
468,candidate-0468-sonia-rykiel,Sonia Rykiel,1930,WRITER,France,F,34,68.36,https://en.wikipedia.org/?curid=1245190,unresearched,unverified_candidate,Ranked for research discovery; HPI is not evidence of early success.
469,candidate-0469-junji-kawano,Junji Kawano,1945,SOCCER PLAYER,Japan,M,48,68.36,https://en.wikipedia.org/?curid=25864732,unresearched,unverified_candidate,Ranked for research discovery; HPI is not evidence of early success.
470,candidate-0470-hélène-cixous,Hélène Cixous,1937,WRITER,Algeria,F,45,68.36,https://en.wikipedia.org/?curid=168445,unresearched,unverified_candidate,Ranked for research discovery; HPI is not evidence of early success.
471,candidate-0471-louis-malle,Louis Malle,1932,FILM DIRECTOR,France,M,51,68.35,https://en.wikipedia.org/?curid=309667,unresearched,unverified_candidate,Ranked for research discovery; HPI is not evidence of early success.
472,candidate-0472-susumu-tonegawa,Susumu Tonegawa,1939,BIOLOGIST,Japan,M,57,68.32,https://en.wikipedia.org/?curid=1080745,unresearched,unverified_candidate,Ranked for research discovery; HPI is not evidence of early success.
473,candidate-0473-kitarō,Kitarō,1953,MUSICIAN,Japan,M,42,68.31,https://en.wikipedia.org/?curid=1605722,unresearched,unverified_candidate,Ranked for research discovery; HPI is not evidence of early success.
474,candidate-0474-carles-puyol,Carles Puyol,1978,SOCCER PLAYER,Spain,M,77,68.31,https://en.wikipedia.org/?curid=1354745,unresearched,unverified_candidate,Ranked for research discovery; HPI is not evidence of early success.
475,candidate-0475-graham-taylor,Graham Taylor,1944,SOCCER PLAYER,United Kingdom,M,27,68.30,https://en.wikipedia.org/?curid=611132,unresearched,unverified_candidate,Ranked for research discovery; HPI is not evidence of early success.
476,candidate-0476-shozo-tsugitani,Shozo Tsugitani,1940,SOCCER PLAYER,Japan,M,52,68.29,https://en.wikipedia.org/?curid=20641785,unresearched,unverified_candidate,Ranked for research discovery; HPI is not evidence of early success.
477,candidate-0477-peter-mansfield,Peter Mansfield,1933,PHYSICIST,United Kingdom,M,54,68.29,https://en.wikipedia.org/?curid=336052,unresearched,unverified_candidate,Ranked for research discovery; HPI is not evidence of early success.
478,candidate-0478-kurt-hamrin,Kurt Hamrin,1934,SOCCER PLAYER,Sweden,M,37,68.28,https://en.wikipedia.org/?curid=1594225,unresearched,unverified_candidate,Ranked for research discovery; HPI is not evidence of early success.
479,candidate-0479-sergio-ramos,Sergio Ramos,1986,SOCCER PLAYER,Spain,M,86,68.28,https://en.wikipedia.org/?curid=2424743,unresearched,unverified_candidate,Ranked for research discovery; HPI is not evidence of early success.
480,candidate-0480-bruce-chatwin,Bruce Chatwin,1940,WRITER,United Kingdom,M,32,68.28,https://en.wikipedia.org/?curid=449749,unresearched,unverified_candidate,Ranked for research discovery; HPI is not evidence of early success.
481,candidate-0481-philip-pullman,Philip Pullman,1946,WRITER,United Kingdom,M,68,68.28,https://en.wikipedia.org/?curid=37222,unresearched,unverified_candidate,Ranked for research discovery; HPI is not evidence of early success.
482,candidate-0482-ferdinand-piëch,Ferdinand Piëch,1937,BUSINESSPERSON,Austria,M,28,68.28,https://en.wikipedia.org/?curid=1438807,unresearched,unverified_candidate,Ranked for research discovery; HPI is not evidence of early success.
483,candidate-0483-david-a-stewart,David A. Stewart,1952,MUSICIAN,United Kingdom,M,28,68.26,https://en.wikipedia.org/?curid=876603,unresearched,unverified_candidate,Ranked for research discovery; HPI is not evidence of early success.
484,candidate-0484-zoia-ceaușescu,Zoia Ceaușescu,1949,MATHEMATICIAN,Romania,F,26,68.26,https://en.wikipedia.org/?curid=8072034,unresearched,unverified_candidate,Ranked for research discovery; HPI is not evidence of early success.
485,candidate-0485-kazuyoshi-miura,Kazuyoshi Miura,1967,SOCCER PLAYER,Japan,M,64,68.26,https://en.wikipedia.org/?curid=733681,unresearched,unverified_candidate,Ranked for research discovery; HPI is not evidence of early success.
486,candidate-0486-ronnie-wood,Ronnie Wood,1947,MUSICIAN,United Kingdom,M,41,68.25,https://en.wikipedia.org/?curid=216616,unresearched,unverified_candidate,Ranked for research discovery; HPI is not evidence of early success.
487,candidate-0487-mina,Mina,1940,SINGER,Italy,F,42,68.25,https://en.wikipedia.org/?curid=1130754,unresearched,unverified_candidate,Ranked for research discovery; HPI is not evidence of early success.
488,candidate-0488-hideki-shirakawa,Hideki Shirakawa,1936,CHEMIST,Japan,M,59,68.24,https://en.wikipedia.org/?curid=701981,unresearched,unverified_candidate,Ranked for research discovery; HPI is not evidence of early success.
489,candidate-0489-caetano-veloso,Caetano Veloso,1942,MUSICIAN,Brazil,M,41,68.24,https://en.wikipedia.org/?curid=177278,unresearched,unverified_candidate,Ranked for research discovery; HPI is not evidence of early success.
490,candidate-0490-ghassan-kanafani,Ghassan Kanafani,1936,WRITER,Israel,M,42,68.23,https://en.wikipedia.org/?curid=668031,unresearched,unverified_candidate,Ranked for research discovery; HPI is not evidence of early success.
491,candidate-0491-wilbur-smith,Wilbur Smith,1933,WRITER,Zambia,M,43,68.22,https://en.wikipedia.org/?curid=498574,unresearched,unverified_candidate,Ranked for research discovery; HPI is not evidence of early success.
492,candidate-0492-david-coverdale,David Coverdale,1951,SINGER,United Kingdom,M,52,68.21,https://en.wikipedia.org/?curid=331582,unresearched,unverified_candidate,Ranked for research discovery; HPI is not evidence of early success.
493,candidate-0493-mario-capecchi,Mario Capecchi,1937,BIOLOGIST,Italy,M,55,68.21,https://en.wikipedia.org/?curid=1586826,unresearched,unverified_candidate,Ranked for research discovery; HPI is not evidence of early success.
494,candidate-0494-kim-ki-duk,Kim Ki-duk,1960,FILM DIRECTOR,South Korea,M,55,68.21,https://en.wikipedia.org/?curid=645679,unresearched,unverified_candidate,Ranked for research discovery; HPI is not evidence of early success.
495,candidate-0495-jan-švankmajer,Jan Švankmajer,1934,FILM DIRECTOR,Czechia,M,34,68.21,https://en.wikipedia.org/?curid=269219,unresearched,unverified_candidate,Ranked for research discovery; HPI is not evidence of early success.
496,candidate-0496-ettore-scola,Ettore Scola,1931,FILM DIRECTOR,Italy,M,40,68.21,https://en.wikipedia.org/?curid=3443237,unresearched,unverified_candidate,Ranked for research discovery; HPI is not evidence of early success.
497,candidate-0497-syukuro-manabe,Syukuro Manabe,1931,PHYSICIST,Japan,M,47,68.21,https://en.wikipedia.org/?curid=7994952,unresearched,unverified_candidate,Ranked for research discovery; HPI is not evidence of early success.
498,candidate-0498-wolfgang-overath,Wolfgang Overath,1943,SOCCER PLAYER,Germany,M,43,68.19,https://en.wikipedia.org/?curid=748043,unresearched,unverified_candidate,Ranked for research discovery; HPI is not evidence of early success.
499,candidate-0499-tsukasa-hosaka,Tsukasa Hosaka,1937,SOCCER PLAYER,Japan,M,51,68.18,https://en.wikipedia.org/?curid=20641463,unresearched,unverified_candidate,Ranked for research discovery; HPI is not evidence of early success.
500,candidate-0500-kenny-dalglish,Kenny Dalglish,1951,SOCCER PLAYER,United Kingdom,M,54,68.16,https://en.wikipedia.org/?curid=16919,unresearched,unverified_candidate,Ranked for research discovery; HPI is not evidence of early success.
501,candidate-0501-gidon-kremer,Gidon Kremer,1947,MUSICIAN,Latvia,M,31,68.16,https://en.wikipedia.org/?curid=408458,unresearched,unverified_candidate,Ranked for research discovery; HPI is not evidence of early success.
502,candidate-0502-johnny-logan,Johnny Logan,1954,SINGER,Australia,M,49,68.16,https://en.wikipedia.org/?curid=231718,unresearched,unverified_candidate,Ranked for research discovery; HPI is not evidence of early success.
503,candidate-0503-andrea-pirlo,Andrea Pirlo,1979,SOCCER PLAYER,Italy,M,74,68.15,https://en.wikipedia.org/?curid=1700594,unresearched,unverified_candidate,Ranked for research discovery; HPI is not evidence of early success.
504,candidate-0504-bora-milutinović,Bora Milutinović,1944,SOCCER PLAYER,Serbia,M,34,68.15,https://en.wikipedia.org/?curid=754165,unresearched,unverified_candidate,Ranked for research discovery; HPI is not evidence of early success.
505,candidate-0505-valery-leontiev,Valery Leontiev,1949,SINGER,Russia,M,129,68.13,https://en.wikipedia.org/?curid=26187970,unresearched,unverified_candidate,Ranked for research discovery; HPI is not evidence of early success.
506,candidate-0506-istván-szabó,István Szabó,1938,FILM DIRECTOR,Hungary,M,34,68.11,https://en.wikipedia.org/?curid=1172987,unresearched,unverified_candidate,Ranked for research discovery; HPI is not evidence of early success.
507,candidate-0507-josé-luis-chilavert,José Luis Chilavert,1965,SOCCER PLAYER,Paraguay,M,48,68.11,https://en.wikipedia.org/?curid=315360,unresearched,unverified_candidate,Ranked for research discovery; HPI is not evidence of early success.
508,candidate-0508-lyudmila-ulitskaya,Lyudmila Ulitskaya,1943,WRITER,Russia,F,44,68.11,https://en.wikipedia.org/?curid=653443,unresearched,unverified_candidate,Ranked for research discovery; HPI is not evidence of early success.
509,candidate-0509-leslie-cheung,Leslie Cheung,1956,MUSICIAN,Hong Kong,M,46,68.11,https://en.wikipedia.org/?curid=204766,unresearched,unverified_candidate,Ranked for research discovery; HPI is not evidence of early success.
510,candidate-0510-eva-hesse,Eva Hesse,1936,SCULPTOR,Germany,F,32,68.11,https://en.wikipedia.org/?curid=2508428,unresearched,unverified_candidate,Ranked for research discovery; HPI is not evidence of early success.
511,candidate-0511-alfredo-ferrari,Alfredo Ferrari,1932,RACING DRIVER,Italy,M,16,68.10,https://en.wikipedia.org/?curid=1177772,unresearched,unverified_candidate,Ranked for research discovery; HPI is not evidence of early success.
512,candidate-0512-yevgeny-yevtushenko,Yevgeny Yevtushenko,1933,WRITER,Russia,M,61,68.09,https://en.wikipedia.org/?curid=531887,unresearched,unverified_candidate,Ranked for research discovery; HPI is not evidence of early success.
513,candidate-0513-lucio-dalla,Lucio Dalla,1943,MUSICIAN,Italy,M,41,68.09,https://en.wikipedia.org/?curid=2386121,unresearched,unverified_candidate,Ranked for research discovery; HPI is not evidence of early success.
514,candidate-0514-i̇brahim-tatlıses,İbrahim Tatlıses,1952,SINGER,Türkiye,M,28,68.08,https://en.wikipedia.org/?curid=1294827,unresearched,unverified_candidate,Ranked for research discovery; HPI is not evidence of early success.
515,candidate-0515-rob-halford,Rob Halford,1951,SINGER,United Kingdom,M,42,68.08,https://en.wikipedia.org/?curid=262459,unresearched,unverified_candidate,Ranked for research discovery; HPI is not evidence of early success.
516,candidate-0516-simon-cowell,Simon Cowell,1959,PRODUCER,United Kingdom,M,47,68.08,https://en.wikipedia.org/?curid=276890,unresearched,unverified_candidate,Ranked for research discovery; HPI is not evidence of early success.
517,candidate-0517-kevin-de-bruyne,Kevin De Bruyne,1991,SOCCER PLAYER,Belgium,M,85,68.07,https://en.wikipedia.org/?curid=19570009,unresearched,unverified_candidate,Ranked for research discovery; HPI is not evidence of early success.
518,candidate-0518-roland-emmerich,Roland Emmerich,1955,FILM DIRECTOR,Germany,M,56,68.07,https://en.wikipedia.org/?curid=685189,unresearched,unverified_candidate,Ranked for research discovery; HPI is not evidence of early success.
519,candidate-0519-arawa-kimura,Arawa Kimura,1931,SOCCER PLAYER,Japan,M,49,68.06,https://en.wikipedia.org/?curid=25864463,unresearched,unverified_candidate,Ranked for research discovery; HPI is not evidence of early success.
520,candidate-0520-kylian-mbappé,Kylian Mbappé,1998,SOCCER PLAYER,France,M,109,68.06,https://en.wikipedia.org/?curid=48711857,unresearched,unverified_candidate,Ranked for research discovery; HPI is not evidence of early success.
521,candidate-0521-kylie-minogue,Kylie Minogue,1968,SINGER,Australia,F,109,68.05,https://en.wikipedia.org/?curid=16894,unresearched,unverified_candidate,Ranked for research discovery; HPI is not evidence of early success.
522,candidate-0522-desireless,Desireless,1952,SINGER,France,F,30,68.05,https://en.wikipedia.org/?curid=4336630,unresearched,unverified_candidate,Ranked for research discovery; HPI is not evidence of early success.
523,candidate-0523-claude-makélélé,Claude Makélélé,1973,SOCCER PLAYER,Democratic Republic of the Congo,M,56,68.04,https://en.wikipedia.org/?curid=1421152,unresearched,unverified_candidate,Ranked for research discovery; HPI is not evidence of early success.
524,candidate-0524-jean-todt,Jean Todt,1946,RACING DRIVER,France,M,34,68.02,https://en.wikipedia.org/?curid=695694,unresearched,unverified_candidate,Ranked for research discovery; HPI is not evidence of early success.
525,candidate-0525-salvatore-schillaci,Salvatore Schillaci,1964,SOCCER PLAYER,Italy,M,63,68.02,https://en.wikipedia.org/?curid=987976,unresearched,unverified_candidate,Ranked for research discovery; HPI is not evidence of early success.
526,candidate-0526-nam-june-paik,Nam June Paik,1932,MUSICIAN,South Korea,M,33,68.02,https://en.wikipedia.org/?curid=149356,unresearched,unverified_candidate,Ranked for research discovery; HPI is not evidence of early success.
527,candidate-0527-andrei-konchalovsky,Andrei Konchalovsky,1937,FILM DIRECTOR,Russia,M,54,68.01,https://en.wikipedia.org/?curid=882709,unresearched,unverified_candidate,Ranked for research discovery; HPI is not evidence of early success.
528,candidate-0528-arieh-warshel,Arieh Warshel,1940,CHEMIST,Israel,M,53,68.01,https://en.wikipedia.org/?curid=12835538,unresearched,unverified_candidate,Ranked for research discovery; HPI is not evidence of early success.
529,candidate-0529-teresa-berganza,Teresa Berganza,1933,SINGER,Spain,F,33,68.00,https://en.wikipedia.org/?curid=746918,unresearched,unverified_candidate,Ranked for research discovery; HPI is not evidence of early success.
530,candidate-0530-jean-claude-carrière,Jean-Claude Carrière,1931,WRITER,France,M,37,67.99,https://en.wikipedia.org/?curid=1920150,unresearched,unverified_candidate,Ranked for research discovery; HPI is not evidence of early success.
531,candidate-0531-beate-klarsfeld,Beate Klarsfeld,1939,JOURNALIST,Germany,F,31,67.98,https://en.wikipedia.org/?curid=1850023,unresearched,unverified_candidate,Ranked for research discovery; HPI is not evidence of early success.
532,candidate-0532-damon-hill,Damon Hill,1960,RACING DRIVER,United Kingdom,M,56,67.97,https://en.wikipedia.org/?curid=78249,unresearched,unverified_candidate,Ranked for research discovery; HPI is not evidence of early success.
533,candidate-0533-ken-hensley,Ken Hensley,1945,MUSICIAN,United Kingdom,M,35,67.96,https://en.wikipedia.org/?curid=939726,unresearched,unverified_candidate,Ranked for research discovery; HPI is not evidence of early success.
534,candidate-0534-joni-mitchell,Joni Mitchell,1943,MUSICIAN,Canada,F,64,67.96,https://en.wikipedia.org/?curid=16422,unresearched,unverified_candidate,Ranked for research discovery; HPI is not evidence of early success.
535,candidate-0535-anne-l-huillier,Anne L'Huillier,1958,PHYSICIST,France,F,53,67.95,https://en.wikipedia.org/?curid=42629262,unresearched,unverified_candidate,Ranked for research discovery; HPI is not evidence of early success.
536,candidate-0536-samuel-eto-o,Samuel Eto'o,1981,SOCCER PLAYER,Cameroon,M,78,67.93,https://en.wikipedia.org/?curid=1303679,unresearched,unverified_candidate,Ranked for research discovery; HPI is not evidence of early success.
537,candidate-0537-jacques-demy,Jacques Demy,1931,FILM DIRECTOR,France,M,44,67.93,https://en.wikipedia.org/?curid=1105344,unresearched,unverified_candidate,Ranked for research discovery; HPI is not evidence of early success.
538,candidate-0538-kevin-keegan,Kevin Keegan,1951,SOCCER PLAYER,United Kingdom,M,56,67.93,https://en.wikipedia.org/?curid=346979,unresearched,unverified_candidate,Ranked for research discovery; HPI is not evidence of early success.
539,candidate-0539-waichiro-omura,Waichiro Omura,1933,SOCCER PLAYER,Japan,M,52,67.93,https://en.wikipedia.org/?curid=20640005,unresearched,unverified_candidate,Ranked for research discovery; HPI is not evidence of early success.
540,candidate-0540-klaus-nomi,Klaus Nomi,1944,MUSICIAN,Germany,M,25,67.93,https://en.wikipedia.org/?curid=240444,unresearched,unverified_candidate,Ranked for research discovery; HPI is not evidence of early success.
541,candidate-0541-denny-hulme,Denny Hulme,1936,RACING DRIVER,New Zealand,M,44,67.92,https://en.wikipedia.org/?curid=262934,unresearched,unverified_candidate,Ranked for research discovery; HPI is not evidence of early success.
542,candidate-0542-andrés-iniesta,Andrés Iniesta,1984,SOCCER PLAYER,Spain,M,96,67.92,https://en.wikipedia.org/?curid=2437065,unresearched,unverified_candidate,Ranked for research discovery; HPI is not evidence of early success.
543,candidate-0543-naomi-campbell,Naomi Campbell,1970,MODEL,United Kingdom,F,74,67.92,https://en.wikipedia.org/?curid=19371120,unresearched,unverified_candidate,Ranked for research discovery; HPI is not evidence of early success.
544,candidate-0544-gilberto-gil,Gilberto Gil,1942,MUSICIAN,Brazil,M,44,67.91,https://en.wikipedia.org/?curid=177293,unresearched,unverified_candidate,Ranked for research discovery; HPI is not evidence of early success.
545,candidate-0545-ion-țiriac,Ion Țiriac,1939,TENNIS PLAYER,Romania,M,22,67.90,https://en.wikipedia.org/?curid=2444452,unresearched,unverified_candidate,Ranked for research discovery; HPI is not evidence of early success.
546,candidate-0546-abdul-qadeer-khan,Abdul Qadeer Khan,1936,PHYSICIST,India,M,41,67.90,https://en.wikipedia.org/?curid=452160,unresearched,unverified_candidate,Ranked for research discovery; HPI is not evidence of early success.
547,candidate-0547-henryk-górecki,Henryk Górecki,1933,COMPOSER,Poland,M,45,67.88,https://en.wikipedia.org/?curid=141829,unresearched,unverified_candidate,Ranked for research discovery; HPI is not evidence of early success.
548,candidate-0548-vicky-leandros,Vicky Leandros,1949,SINGER,Greece,F,43,67.87,https://en.wikipedia.org/?curid=241715,unresearched,unverified_candidate,Ranked for research discovery; HPI is not evidence of early success.
549,candidate-0549-zhores-alferov,Zhores Alferov,1930,PHYSICIST,Belarus,M,78,67.85,https://en.wikipedia.org/?curid=42212,unresearched,unverified_candidate,Ranked for research discovery; HPI is not evidence of early success.
550,candidate-0550-iolanda-balaș,Iolanda Balaș,1936,ATHLETE,Romania,F,36,67.84,https://en.wikipedia.org/?curid=1138903,unresearched,unverified_candidate,Ranked for research discovery; HPI is not evidence of early success.
551,candidate-0551-salif-keita,Salif Keita,1949,MUSICIAN,Mali,M,47,67.83,https://en.wikipedia.org/?curid=734004,unresearched,unverified_candidate,Ranked for research discovery; HPI is not evidence of early success.
552,candidate-0552-gianni-infantino,Gianni Infantino,1970,BUSINESSPERSON,Switzerland,M,68,67.81,https://en.wikipedia.org/?curid=9286117,unresearched,unverified_candidate,Ranked for research discovery; HPI is not evidence of early success.
553,candidate-0553-dani-alves,Dani Alves,1983,SOCCER PLAYER,Brazil,M,77,67.79,https://en.wikipedia.org/?curid=3508785,unresearched,unverified_candidate,Ranked for research discovery; HPI is not evidence of early success.
554,candidate-0554-david-james,David James,1970,SOCCER PLAYER,United Kingdom,M,47,67.79,https://en.wikipedia.org/?curid=755603,unresearched,unverified_candidate,Ranked for research discovery; HPI is not evidence of early success.
555,candidate-0555-udo-jürgens,Udo Jürgens,1934,SINGER,Austria,M,54,67.79,https://en.wikipedia.org/?curid=187259,unresearched,unverified_candidate,Ranked for research discovery; HPI is not evidence of early success.
556,candidate-0556-alfred-brendel,Alfred Brendel,1931,MUSICIAN,Czechia,M,33,67.79,https://en.wikipedia.org/?curid=140417,unresearched,unverified_candidate,Ranked for research discovery; HPI is not evidence of early success.
557,candidate-0557-radomir-antić,Radomir Antić,1948,SOCCER PLAYER,Serbia,M,37,67.78,https://en.wikipedia.org/?curid=2473308,unresearched,unverified_candidate,Ranked for research discovery; HPI is not evidence of early success.
558,candidate-0558-chantal-akerman,Chantal Akerman,1950,FILM DIRECTOR,Belgium,F,39,67.78,https://en.wikipedia.org/?curid=308673,unresearched,unverified_candidate,Ranked for research discovery; HPI is not evidence of early success.
559,candidate-0559-teófilo-cubillas,Teófilo Cubillas,1949,SOCCER PLAYER,Peru,M,44,67.77,https://en.wikipedia.org/?curid=615815,unresearched,unverified_candidate,Ranked for research discovery; HPI is not evidence of early success.
560,candidate-0560-emilio-butragueño,Emilio Butragueño,1963,SOCCER PLAYER,Spain,M,45,67.76,https://en.wikipedia.org/?curid=77911,unresearched,unverified_candidate,Ranked for research discovery; HPI is not evidence of early success.
561,candidate-0561-luis-galván,Luis Galván,1948,SOCCER PLAYER,Argentina,M,33,67.75,https://en.wikipedia.org/?curid=7441321,unresearched,unverified_candidate,Ranked for research discovery; HPI is not evidence of early success.
562,candidate-0562-takehiko-kawanishi,Takehiko Kawanishi,1938,SOCCER PLAYER,Japan,M,48,67.75,https://en.wikipedia.org/?curid=25864597,unresearched,unverified_candidate,Ranked for research discovery; HPI is not evidence of early success.
563,candidate-0563-brian-eno,Brian Eno,1948,MUSICIAN,United Kingdom,M,56,67.74,https://en.wikipedia.org/?curid=21222062,unresearched,unverified_candidate,Ranked for research discovery; HPI is not evidence of early success.
564,candidate-0564-viktor-bryukhanov,Viktor Bryukhanov,1935,ENGINEER,Uzbekistan,M,20,67.74,https://en.wikipedia.org/?curid=61751927,unresearched,unverified_candidate,Ranked for research discovery; HPI is not evidence of early success.
565,candidate-0565-klaus-hasselmann,Klaus Hasselmann,1931,PHYSICIST,Germany,M,45,67.74,https://en.wikipedia.org/?curid=1809685,unresearched,unverified_candidate,Ranked for research discovery; HPI is not evidence of early success.
566,candidate-0566-jafar-panahi,Jafar Panahi,1960,FILM DIRECTOR,Iran,M,50,67.72,https://en.wikipedia.org/?curid=1578699,unresearched,unverified_candidate,Ranked for research discovery; HPI is not evidence of early success.
567,candidate-0567-bjarne-stroustrup,Bjarne Stroustrup,1950,ENGINEER,Denmark,M,55,67.72,https://en.wikipedia.org/?curid=3713,unresearched,unverified_candidate,Ranked for research discovery; HPI is not evidence of early success.
568,candidate-0568-son-heung-min,Son Heung-min,1992,SOCCER PLAYER,South Korea,M,73,67.72,https://en.wikipedia.org/?curid=29152920,unresearched,unverified_candidate,Ranked for research discovery; HPI is not evidence of early success.
569,candidate-0569-udo-lattek,Udo Lattek,1935,SOCCER PLAYER,Poland,M,36,67.71,https://en.wikipedia.org/?curid=2441591,unresearched,unverified_candidate,Ranked for research discovery; HPI is not evidence of early success.
570,candidate-0570-valentyn-sylvestrov,Valentyn Sylvestrov,1937,COMPOSER,Ukraine,M,36,67.71,https://en.wikipedia.org/?curid=3300892,unresearched,unverified_candidate,Ranked for research discovery; HPI is not evidence of early success.
571,candidate-0571-marian-gold,Marian Gold,1954,SINGER,Germany,M,25,67.70,https://en.wikipedia.org/?curid=848882,unresearched,unverified_candidate,Ranked for research discovery; HPI is not evidence of early success.
572,candidate-0572-georg-baselitz,Georg Baselitz,1938,PAINTER,Germany,M,44,67.68,https://en.wikipedia.org/?curid=501485,unresearched,unverified_candidate,Ranked for research discovery; HPI is not evidence of early success.
573,candidate-0573-julian-assange,Julian Assange,1971,JOURNALIST,Australia,M,107,67.66,https://en.wikipedia.org/?curid=26033941,unresearched,unverified_candidate,Ranked for research discovery; HPI is not evidence of early success.
574,candidate-0574-harry-kane,Harry Kane,1993,SOCCER PLAYER,United Kingdom,M,86,67.66,https://en.wikipedia.org/?curid=30483842,unresearched,unverified_candidate,Ranked for research discovery; HPI is not evidence of early success.
575,candidate-0575-gaetano-scirea,Gaetano Scirea,1953,SOCCER PLAYER,Italy,M,46,67.66,https://en.wikipedia.org/?curid=2818020,unresearched,unverified_candidate,Ranked for research discovery; HPI is not evidence of early success.
576,candidate-0576-andoni-zubizarreta,Andoni Zubizarreta,1961,SOCCER PLAYER,Spain,M,46,67.65,https://en.wikipedia.org/?curid=1469739,unresearched,unverified_candidate,Ranked for research discovery; HPI is not evidence of early success.
577,candidate-0577-jacques-dubochet,Jacques Dubochet,1942,CHEMIST,Switzerland,F,46,67.65,https://en.wikipedia.org/?curid=55440192,unresearched,unverified_candidate,Ranked for research discovery; HPI is not evidence of early success.
578,candidate-0578-rené-van-de-kerkhof,René van de Kerkhof,1951,SOCCER PLAYER,Netherlands,M,37,67.65,https://en.wikipedia.org/?curid=616557,unresearched,unverified_candidate,Ranked for research discovery; HPI is not evidence of early success.
579,candidate-0579-johnny-rep,Johnny Rep,1951,SOCCER PLAYER,Netherlands,M,38,67.64,https://en.wikipedia.org/?curid=5478552,unresearched,unverified_candidate,Ranked for research discovery; HPI is not evidence of early success.
580,candidate-0580-jony-ive,Jony Ive,1967,DESIGNER,United Kingdom,M,47,67.63,https://en.wikipedia.org/?curid=465931,unresearched,unverified_candidate,Ranked for research discovery; HPI is not evidence of early success.
581,candidate-0581-paolo-conte,Paolo Conte,1937,MUSICIAN,Italy,M,26,67.62,https://en.wikipedia.org/?curid=846434,unresearched,unverified_candidate,Ranked for research discovery; HPI is not evidence of early success.
582,candidate-0582-claude-françois,Claude François,1939,SINGER,Egypt,M,40,67.62,https://en.wikipedia.org/?curid=475603,unresearched,unverified_candidate,Ranked for research discovery; HPI is not evidence of early success.
583,candidate-0583-edgar-davids,Edgar Davids,1973,SOCCER PLAYER,Suriname,M,54,67.60,https://en.wikipedia.org/?curid=252130,unresearched,unverified_candidate,Ranked for research discovery; HPI is not evidence of early success.
584,candidate-0584-yasukazu-tanaka,Yasukazu Tanaka,1933,SOCCER PLAYER,Japan,M,50,67.59,https://en.wikipedia.org/?curid=25864493,unresearched,unverified_candidate,Ranked for research discovery; HPI is not evidence of early success.
585,candidate-0585-felix-magath,Felix Magath,1953,SOCCER PLAYER,Germany,M,43,67.58,https://en.wikipedia.org/?curid=973576,unresearched,unverified_candidate,Ranked for research discovery; HPI is not evidence of early success.
586,candidate-0586-hans-hollein,Hans Hollein,1934,ARCHITECT,Austria,M,37,67.57,https://en.wikipedia.org/?curid=2639951,unresearched,unverified_candidate,Ranked for research discovery; HPI is not evidence of early success.
587,candidate-0587-ryōji-noyori,Ryōji Noyori,1938,CHEMIST,Japan,M,61,67.55,https://en.wikipedia.org/?curid=54420,unresearched,unverified_candidate,Ranked for research discovery; HPI is not evidence of early success.
588,candidate-0588-peter-shilton,Peter Shilton,1949,SOCCER PLAYER,United Kingdom,M,53,67.55,https://en.wikipedia.org/?curid=413285,unresearched,unverified_candidate,Ranked for research discovery; HPI is not evidence of early success.
589,candidate-0589-yuri-oganessian,Yuri Oganessian,1933,PHYSICIST,Russia,M,42,67.54,https://en.wikipedia.org/?curid=33799154,unresearched,unverified_candidate,Ranked for research discovery; HPI is not evidence of early success.
590,candidate-0590-margarethe-von-trotta,Margarethe von Trotta,1942,FILM DIRECTOR,Germany,F,34,67.54,https://en.wikipedia.org/?curid=870251,unresearched,unverified_candidate,Ranked for research discovery; HPI is not evidence of early success.
591,candidate-0591-willy-van-de-kerkhof,Willy van de Kerkhof,1951,SOCCER PLAYER,Netherlands,M,39,67.54,https://en.wikipedia.org/?curid=616560,unresearched,unverified_candidate,Ranked for research discovery; HPI is not evidence of early success.
592,candidate-0592-clarence-seedorf,Clarence Seedorf,1976,SOCCER PLAYER,Suriname,M,61,67.53,https://en.wikipedia.org/?curid=616584,unresearched,unverified_candidate,Ranked for research discovery; HPI is not evidence of early success.
593,candidate-0593-marcello-gandini,Marcello Gandini,1938,ENGINEER,Italy,M,31,67.52,https://en.wikipedia.org/?curid=530307,unresearched,unverified_candidate,Ranked for research discovery; HPI is not evidence of early success.
594,candidate-0594-arata-isozaki,Arata Isozaki,1931,ARCHITECT,Japan,M,41,67.52,https://en.wikipedia.org/?curid=1825766,unresearched,unverified_candidate,Ranked for research discovery; HPI is not evidence of early success.
595,candidate-0595-masahiro-hamazaki,Masahiro Hamazaki,1940,SOCCER PLAYER,Japan,M,51,67.51,https://en.wikipedia.org/?curid=19134567,unresearched,unverified_candidate,Ranked for research discovery; HPI is not evidence of early success.
596,candidate-0596-harald-schumacher,Harald Schumacher,1954,SOCCER PLAYER,Germany,M,42,67.50,https://en.wikipedia.org/?curid=1253114,unresearched,unverified_candidate,Ranked for research discovery; HPI is not evidence of early success.
597,candidate-0597-dražan-jerković,Dražan Jerković,1936,SOCCER PLAYER,Croatia,M,36,67.50,https://en.wikipedia.org/?curid=4510280,unresearched,unverified_candidate,Ranked for research discovery; HPI is not evidence of early success.
598,candidate-0598-franck-ribéry,Franck Ribéry,1983,SOCCER PLAYER,France,M,83,67.50,https://en.wikipedia.org/?curid=3002912,unresearched,unverified_candidate,Ranked for research discovery; HPI is not evidence of early success.
599,candidate-0599-guillermo-del-toro,Guillermo del Toro,1964,FILM DIRECTOR,Mexico,M,65,67.48,https://en.wikipedia.org/?curid=1880951,unresearched,unverified_candidate,Ranked for research discovery; HPI is not evidence of early success.
600,candidate-0600-kenzo-ohashi,Kenzo Ohashi,1934,SOCCER PLAYER,Japan,M,49,67.47,https://en.wikipedia.org/?curid=25864538,unresearched,unverified_candidate,Ranked for research discovery; HPI is not evidence of early success.
601,candidate-0601-niko-kovač,Niko Kovač,1971,SOCCER PLAYER,Germany,M,50,67.47,https://en.wikipedia.org/?curid=742397,unresearched,unverified_candidate,Ranked for research discovery; HPI is not evidence of early success.
602,candidate-0602-zbigniew-boniek,Zbigniew Boniek,1956,SOCCER PLAYER,Poland,M,50,67.47,https://en.wikipedia.org/?curid=59377,unresearched,unverified_candidate,Ranked for research discovery; HPI is not evidence of early success.
603,candidate-0603-karl-heinz-schnellinger,Karl-Heinz Schnellinger,1939,SOCCER PLAYER,Germany,M,34,67.43,https://en.wikipedia.org/?curid=4337528,unresearched,unverified_candidate,Ranked for research discovery; HPI is not evidence of early success.
604,candidate-0604-eizo-yuguchi,Eizo Yuguchi,1945,SOCCER PLAYER,Japan,M,53,67.43,https://en.wikipedia.org/?curid=19100443,unresearched,unverified_candidate,Ranked for research discovery; HPI is not evidence of early success.
605,candidate-0605-vichai-srivaddhanaprabha,Vichai Srivaddhanaprabha,1958,BUSINESSPERSON,Thailand,M,33,67.39,https://en.wikipedia.org/?curid=29116344,unresearched,unverified_candidate,Ranked for research discovery; HPI is not evidence of early success.
606,candidate-0606-bono,Bono,1960,MUSICIAN,Ireland,M,74,67.39,https://en.wikipedia.org/?curid=76772,unresearched,unverified_candidate,Ranked for research discovery; HPI is not evidence of early success.
607,candidate-0607-hugo-gatti,Hugo Gatti,1944,SOCCER PLAYER,Argentina,M,25,67.37,https://en.wikipedia.org/?curid=7421180,unresearched,unverified_candidate,Ranked for research discovery; HPI is not evidence of early success.
608,candidate-0608-alain-aspect,Alain Aspect,1947,PHYSICIST,France,M,56,67.36,https://en.wikipedia.org/?curid=1307592,unresearched,unverified_candidate,Ranked for research discovery; HPI is not evidence of early success.
609,candidate-0609-lella-lombardi,Lella Lombardi,1941,RACING DRIVER,Italy,F,31,67.36,https://en.wikipedia.org/?curid=1235922,unresearched,unverified_candidate,Ranked for research discovery; HPI is not evidence of early success.
610,candidate-0610-toyo-ito,Toyo Ito,1941,ARCHITECT,South Korea,M,38,67.34,https://en.wikipedia.org/?curid=1265795,unresearched,unverified_candidate,Ranked for research discovery; HPI is not evidence of early success.
611,candidate-0611-rainer-weiss,Rainer Weiss,1932,PHYSICIST,Germany,M,61,67.34,https://en.wikipedia.org/?curid=318878,unresearched,unverified_candidate,Ranked for research discovery; HPI is not evidence of early success.
612,candidate-0612-tatsuya-shiji,Tatsuya Shiji,1938,SOCCER PLAYER,Japan,M,49,67.33,https://en.wikipedia.org/?curid=25864611,unresearched,unverified_candidate,Ranked for research discovery; HPI is not evidence of early success.
613,candidate-0613-park-ji-sung,Park Ji-sung,1981,SOCCER PLAYER,South Korea,M,65,67.32,https://en.wikipedia.org/?curid=628232,unresearched,unverified_candidate,Ranked for research discovery; HPI is not evidence of early success.
614,candidate-0614-andre-geim,Andre Geim,1958,PHYSICIST,Russia,M,68,67.32,https://en.wikipedia.org/?curid=17054160,unresearched,unverified_candidate,Ranked for research discovery; HPI is not evidence of early success.
615,candidate-0615-magdalena-abakanowicz,Magdalena Abakanowicz,1930,SCULPTOR,Poland,F,41,67.30,https://en.wikipedia.org/?curid=845622,unresearched,unverified_candidate,Ranked for research discovery; HPI is not evidence of early success.
616,candidate-0616-chris-de-burgh,Chris de Burgh,1948,MUSICIAN,Argentina,M,38,67.30,https://en.wikipedia.org/?curid=823779,unresearched,unverified_candidate,Ranked for research discovery; HPI is not evidence of early success.
617,candidate-0617-raymond-poulidor,Raymond Poulidor,1936,CYCLIST,France,M,31,67.29,https://en.wikipedia.org/?curid=284355,unresearched,unverified_candidate,Ranked for research discovery; HPI is not evidence of early success.
618,candidate-0618-fernando-hierro,Fernando Hierro,1968,SOCCER PLAYER,Spain,M,51,67.29,https://en.wikipedia.org/?curid=788409,unresearched,unverified_candidate,Ranked for research discovery; HPI is not evidence of early success.
619,candidate-0619-michael-ballack,Michael Ballack,1976,SOCCER PLAYER,Germany,M,76,67.27,https://en.wikipedia.org/?curid=501452,unresearched,unverified_candidate,Ranked for research discovery; HPI is not evidence of early success.
620,candidate-0620-rory-gallagher,Rory Gallagher,1948,MUSICIAN,Ireland,M,40,67.26,https://en.wikipedia.org/?curid=316151,unresearched,unverified_candidate,Ranked for research discovery; HPI is not evidence of early success.
621,candidate-0621-hisao-kami,Hisao Kami,1941,SOCCER PLAYER,Japan,M,51,67.26,https://en.wikipedia.org/?curid=20641684,unresearched,unverified_candidate,Ranked for research discovery; HPI is not evidence of early success.
622,candidate-0622-ivan-reitman,Ivan Reitman,1946,FILM DIRECTOR,Slovakia,M,45,67.25,https://en.wikipedia.org/?curid=524323,unresearched,unverified_candidate,Ranked for research discovery; HPI is not evidence of early success.
623,candidate-0623-daniel-c-tsui,Daniel C. Tsui,1939,PHYSICIST,China,M,62,67.22,https://en.wikipedia.org/?curid=896740,unresearched,unverified_candidate,Ranked for research discovery; HPI is not evidence of early success.
624,candidate-0624-jair-da-costa,Jair da Costa,1940,SOCCER PLAYER,Brazil,M,27,67.21,https://en.wikipedia.org/?curid=9996722,unresearched,unverified_candidate,Ranked for research discovery; HPI is not evidence of early success.
625,candidate-0625-lakshmi-mittal,Lakshmi Mittal,1950,BUSINESSPERSON,India,M,54,67.21,https://en.wikipedia.org/?curid=512243,unresearched,unverified_candidate,Ranked for research discovery; HPI is not evidence of early success.
626,candidate-0626-emmanuelle-charpentier,Emmanuelle Charpentier,1968,BIOLOGIST,France,F,73,67.20,https://en.wikipedia.org/?curid=47056521,unresearched,unverified_candidate,Ranked for research discovery; HPI is not evidence of early success.
627,candidate-0627-careca,Careca,1960,SOCCER PLAYER,Brazil,M,56,67.18,https://en.wikipedia.org/?curid=1108772,unresearched,unverified_candidate,Ranked for research discovery; HPI is not evidence of early success.
628,candidate-0628-piet-keizer,Piet Keizer,1943,SOCCER PLAYER,Netherlands,M,36,67.16,https://en.wikipedia.org/?curid=1360009,unresearched,unverified_candidate,Ranked for research discovery; HPI is not evidence of early success.
629,candidate-0629-fernando-torres,Fernando Torres,1984,SOCCER PLAYER,Spain,M,84,67.16,https://en.wikipedia.org/?curid=1117939,unresearched,unverified_candidate,Ranked for research discovery; HPI is not evidence of early success.
630,candidate-0630-roy-andersson,Roy Andersson,1943,FILM DIRECTOR,Sweden,M,36,67.14,https://en.wikipedia.org/?curid=1662373,unresearched,unverified_candidate,Ranked for research discovery; HPI is not evidence of early success.
631,candidate-0631-gianluca-vialli,Gianluca Vialli,1964,SOCCER PLAYER,Italy,M,52,67.11,https://en.wikipedia.org/?curid=932030,unresearched,unverified_candidate,Ranked for research discovery; HPI is not evidence of early success.
632,candidate-0632-richard-møller-nielsen,Richard Møller Nielsen,1937,SOCCER PLAYER,Denmark,M,33,67.11,https://en.wikipedia.org/?curid=2945602,unresearched,unverified_candidate,Ranked for research discovery; HPI is not evidence of early success.
633,candidate-0633-ángel-di-maría,Ángel Di María,1988,SOCCER PLAYER,Argentina,M,80,67.10,https://en.wikipedia.org/?curid=8918937,unresearched,unverified_candidate,Ranked for research discovery; HPI is not evidence of early success.
634,candidate-0634-hagen-kleinert,Hagen Kleinert,1941,PHYSICIST,Poland,M,28,67.09,https://en.wikipedia.org/?curid=1214030,unresearched,unverified_candidate,Ranked for research discovery; HPI is not evidence of early success.
635,candidate-0635-lee-kun-hee,Lee Kun-hee,1942,BUSINESSPERSON,South Korea,M,29,67.05,https://en.wikipedia.org/?curid=1324570,unresearched,unverified_candidate,Ranked for research discovery; HPI is not evidence of early success.
636,candidate-0636-didier-queloz,Didier Queloz,1966,ASTRONOMER,Switzerland,M,62,67.02,https://en.wikipedia.org/?curid=1033433,unresearched,unverified_candidate,Ranked for research discovery; HPI is not evidence of early success.
637,candidate-0637-agnieszka-holland,Agnieszka Holland,1948,FILM DIRECTOR,Poland,F,41,67.01,https://en.wikipedia.org/?curid=499651,unresearched,unverified_candidate,Ranked for research discovery; HPI is not evidence of early success.
638,candidate-0638-lalo-schifrin,Lalo Schifrin,1932,MUSICIAN,Argentina,M,34,67.00,https://en.wikipedia.org/?curid=1404485,unresearched,unverified_candidate,Ranked for research discovery; HPI is not evidence of early success.
639,candidate-0639-shuji-nakamura,Shuji Nakamura,1954,PHYSICIST,Japan,M,68,66.98,https://en.wikipedia.org/?curid=1030433,unresearched,unverified_candidate,Ranked for research discovery; HPI is not evidence of early success.
640,candidate-0640-robert-aumann,Robert Aumann,1930,MATHEMATICIAN,Germany,M,52,66.94,https://en.wikipedia.org/?curid=2875272,unresearched,unverified_candidate,Ranked for research discovery; HPI is not evidence of early success.
641,candidate-0641-piero-manzoni,Piero Manzoni,1933,PAINTER,Italy,M,25,66.93,https://en.wikipedia.org/?curid=1347302,unresearched,unverified_candidate,Ranked for research discovery; HPI is not evidence of early success.
642,candidate-0642-seiji-ozawa,Seiji Ozawa,1935,CONDUCTOR,China,M,35,66.90,https://en.wikipedia.org/?curid=338770,unresearched,unverified_candidate,Ranked for research discovery; HPI is not evidence of early success.
643,candidate-0643-mahesh-bhatt,Mahesh Bhatt,1948,FILM DIRECTOR,India,M,28,66.86,https://en.wikipedia.org/?curid=1308900,unresearched,unverified_candidate,Ranked for research discovery; HPI is not evidence of early success.
644,candidate-0644-ricardo-bofill,Ricardo Bofill,1939,ARCHITECT,Spain,M,32,66.83,https://en.wikipedia.org/?curid=94104,unresearched,unverified_candidate,Ranked for research discovery; HPI is not evidence of early success.
645,candidate-0645-pierre-bergé,Pierre Bergé,1930,BUSINESSPERSON,France,M,19,66.82,https://en.wikipedia.org/?curid=1750118,unresearched,unverified_candidate,Ranked for research discovery; HPI is not evidence of early success.
646,candidate-0646-reinhard-genzel,Reinhard Genzel,1952,ASTRONOMER,Germany,M,56,66.82,https://en.wikipedia.org/?curid=14417038,unresearched,unverified_candidate,Ranked for research discovery; HPI is not evidence of early success.
647,candidate-0647-alfonso-cuarón,Alfonso Cuarón,1961,FILM DIRECTOR,Mexico,M,68,66.80,https://en.wikipedia.org/?curid=1247,unresearched,unverified_candidate,Ranked for research discovery; HPI is not evidence of early success.
648,candidate-0648-masayoshi-son,Masayoshi Son,1957,BUSINESSPERSON,Japan,M,36,66.80,https://en.wikipedia.org/?curid=1409754,unresearched,unverified_candidate,Ranked for research discovery; HPI is not evidence of early success.
649,candidate-0649-joachim-sauer,Joachim Sauer,1949,CHEMIST,Germany,M,26,66.77,https://en.wikipedia.org/?curid=2216162,unresearched,unverified_candidate,Ranked for research discovery; HPI is not evidence of early success.
650,candidate-0650-alexey-ekimov,Alexey Ekimov,1945,PHYSICIST,Russia,M,44,66.75,https://en.wikipedia.org/?curid=27846134,unresearched,unverified_candidate,Ranked for research discovery; HPI is not evidence of early success.
651,candidate-0651-liliana-cavani,Liliana Cavani,1933,FILM DIRECTOR,Italy,F,37,66.71,https://en.wikipedia.org/?curid=2883581,unresearched,unverified_candidate,Ranked for research discovery; HPI is not evidence of early success.
652,candidate-0652-al-waleed-bin-talal,Al-Waleed bin Talal,1955,BUSINESSPERSON,Saudi Arabia,M,34,66.71,https://en.wikipedia.org/?curid=642083,unresearched,unverified_candidate,Ranked for research discovery; HPI is not evidence of early success.
653,candidate-0653-patrick-depailler,Patrick Depailler,1944,RACING DRIVER,France,M,24,66.70,https://en.wikipedia.org/?curid=1226335,unresearched,unverified_candidate,Ranked for research discovery; HPI is not evidence of early success.
654,candidate-0654-rafael-moneo,Rafael Moneo,1937,ARCHITECT,Spain,M,37,66.65,https://en.wikipedia.org/?curid=1307929,unresearched,unverified_candidate,Ranked for research discovery; HPI is not evidence of early success.
655,candidate-0655-ben-feringa,Ben Feringa,1951,CHEMIST,Netherlands,M,55,66.64,https://en.wikipedia.org/?curid=44954369,unresearched,unverified_candidate,Ranked for research discovery; HPI is not evidence of early success.
656,candidate-0656-jerzy-skolimowski,Jerzy Skolimowski,1938,FILM DIRECTOR,Poland,M,36,66.63,https://en.wikipedia.org/?curid=1882367,unresearched,unverified_candidate,Ranked for research discovery; HPI is not evidence of early success.
657,candidate-0657-armen-sarkissian,Armen Sarkissian,1953,PHYSICIST,Armenia,M,67,66.63,https://en.wikipedia.org/?curid=8386163,unresearched,unverified_candidate,Ranked for research discovery; HPI is not evidence of early success.
658,candidate-0658-teófilo-stevenson,Teófilo Stevenson,1952,BOXER,Cuba,M,43,66.63,https://en.wikipedia.org/?curid=163257,unresearched,unverified_candidate,Ranked for research discovery; HPI is not evidence of early success.
659,candidate-0659-akira-yoshino,Akira Yoshino,1948,CHEMIST,Japan,M,56,66.59,https://en.wikipedia.org/?curid=32301653,unresearched,unverified_candidate,Ranked for research discovery; HPI is not evidence of early success.
660,candidate-0660-bertrand-blier,Bertrand Blier,1939,FILM DIRECTOR,France,M,36,66.58,https://en.wikipedia.org/?curid=145797,unresearched,unverified_candidate,Ranked for research discovery; HPI is not evidence of early success.
661,candidate-0661-ren-zhengfei,Ren Zhengfei,1944,BUSINESSPERSON,China,M,30,66.56,https://en.wikipedia.org/?curid=3751825,unresearched,unverified_candidate,Ranked for research discovery; HPI is not evidence of early success.
662,candidate-0662-françois-pinault,François Pinault,1936,BUSINESSPERSON,France,M,20,66.51,https://en.wikipedia.org/?curid=882513,unresearched,unverified_candidate,Ranked for research discovery; HPI is not evidence of early success.
663,candidate-0663-theo-van-gogh,Theo van Gogh,1957,FILM DIRECTOR,Netherlands,M,50,66.49,https://en.wikipedia.org/?curid=1126811,unresearched,unverified_candidate,Ranked for research discovery; HPI is not evidence of early success.
664,candidate-0664-lorenzo-sanz,Lorenzo Sanz,1943,BUSINESSPERSON,Spain,M,32,66.49,https://en.wikipedia.org/?curid=2555320,unresearched,unverified_candidate,Ranked for research discovery; HPI is not evidence of early success.
665,candidate-0665-martin-karplus,Martin Karplus,1930,CHEMIST,Austria,M,53,66.44,https://en.wikipedia.org/?curid=4454103,unresearched,unverified_candidate,Ranked for research discovery; HPI is not evidence of early success.
666,candidate-0666-lorenzo-bandini,Lorenzo Bandini,1935,RACING DRIVER,Libya,M,27,66.44,https://en.wikipedia.org/?curid=1226484,unresearched,unverified_candidate,Ranked for research discovery; HPI is not evidence of early success.
667,candidate-0667-otar-iosseliani,Otar Iosseliani,1934,FILM DIRECTOR,Georgia,M,32,66.41,https://en.wikipedia.org/?curid=7682165,unresearched,unverified_candidate,Ranked for research discovery; HPI is not evidence of early success.
668,candidate-0668-eric-walter-elst,Eric Walter Elst,1936,ASTRONOMER,Belgium,M,33,66.33,https://en.wikipedia.org/?curid=590939,unresearched,unverified_candidate,Ranked for research discovery; HPI is not evidence of early success.
669,candidate-0669-ratan-tata,Ratan Tata,1937,BUSINESSPERSON,India,M,46,66.33,https://en.wikipedia.org/?curid=1137487,unresearched,unverified_candidate,Ranked for research discovery; HPI is not evidence of early success.
670,candidate-0670-nikolai-kardashev,Nikolai Kardashev,1932,INVENTOR,Russia,M,34,66.29,https://en.wikipedia.org/?curid=274590,unresearched,unverified_candidate,Ranked for research discovery; HPI is not evidence of early success.
671,candidate-0671-alan-jones,Alan Jones,1946,RACING DRIVER,Australia,M,43,66.27,https://en.wikipedia.org/?curid=255129,unresearched,unverified_candidate,Ranked for research discovery; HPI is not evidence of early success.
672,candidate-0672-bert-sakmann,Bert Sakmann,1942,BIOLOGIST,Germany,M,47,66.19,https://en.wikipedia.org/?curid=619989,unresearched,unverified_candidate,Ranked for research discovery; HPI is not evidence of early success.
673,candidate-0673-satoshi-ōmura,Satoshi Ōmura,1935,CHEMIST,Japan,M,57,66.19,https://en.wikipedia.org/?curid=48058897,unresearched,unverified_candidate,Ranked for research discovery; HPI is not evidence of early success.
674,candidate-0674-manuel-santana,Manuel Santana,1938,TENNIS PLAYER,Spain,M,31,66.12,https://en.wikipedia.org/?curid=2145681,unresearched,unverified_candidate,Ranked for research discovery; HPI is not evidence of early success.
675,candidate-0675-fritjof-capra,Fritjof Capra,1939,PHYSICIST,Austria,M,35,66.07,https://en.wikipedia.org/?curid=78971,unresearched,unverified_candidate,Ranked for research discovery; HPI is not evidence of early success.
676,candidate-0676-wojciech-kilar,Wojciech Kilar,1932,COMPOSER,Ukraine,M,32,66.04,https://en.wikipedia.org/?curid=45450,unresearched,unverified_candidate,Ranked for research discovery; HPI is not evidence of early success.
677,candidate-0677-yingluck-shinawatra,Yingluck Shinawatra,1967,BUSINESSPERSON,Thailand,F,77,66.04,https://en.wikipedia.org/?curid=31770637,unresearched,unverified_candidate,Ranked for research discovery; HPI is not evidence of early success.
678,candidate-0678-william-c-campbell,William C. Campbell,1930,CHEMIST,Ireland,M,55,65.97,https://en.wikipedia.org/?curid=48059538,unresearched,unverified_candidate,Ranked for research discovery; HPI is not evidence of early success.
679,candidate-0679-friðrik-ólafsson,Friðrik Ólafsson,1935,CHESS PLAYER,Iceland,M,30,65.92,https://en.wikipedia.org/?curid=1414428,unresearched,unverified_candidate,Ranked for research discovery; HPI is not evidence of early success.
680,candidate-0680-roy-emerson,Roy Emerson,1936,TENNIS PLAYER,Australia,M,39,65.86,https://en.wikipedia.org/?curid=481805,unresearched,unverified_candidate,Ranked for research discovery; HPI is not evidence of early success.
681,candidate-0681-viktor-belenko,Viktor Belenko,1947,ENGINEER,Russia,M,25,65.86,https://en.wikipedia.org/?curid=387911,unresearched,unverified_candidate,Ranked for research discovery; HPI is not evidence of early success.
682,candidate-0682-zurab-tsereteli,Zurab Tsereteli,1934,PAINTER,Georgia,M,37,65.82,https://en.wikipedia.org/?curid=6870129,unresearched,unverified_candidate,Ranked for research discovery; HPI is not evidence of early success.
683,candidate-0683-felix-baumgartner,Felix Baumgartner,1969,ATHLETE,Austria,M,62,65.79,https://en.wikipedia.org/?curid=5449624,unresearched,unverified_candidate,Ranked for research discovery; HPI is not evidence of early success.
684,candidate-0684-toru-takemitsu,Toru Takemitsu,1930,COMPOSER,Japan,M,38,65.77,https://en.wikipedia.org/?curid=222568,unresearched,unverified_candidate,Ranked for research discovery; HPI is not evidence of early success.
685,candidate-0685-bent-larsen,Bent Larsen,1935,CHESS PLAYER,Denmark,M,43,65.77,https://en.wikipedia.org/?curid=319789,unresearched,unverified_candidate,Ranked for research discovery; HPI is not evidence of early success.
686,candidate-0686-tamara-press,Tamara Press,1937,ATHLETE,Ukraine,F,34,65.75,https://en.wikipedia.org/?curid=4342769,unresearched,unverified_candidate,Ranked for research discovery; HPI is not evidence of early success.
687,candidate-0687-nino-benvenuti,Nino Benvenuti,1938,BOXER,Slovenia,M,28,65.74,https://en.wikipedia.org/?curid=347715,unresearched,unverified_candidate,Ranked for research discovery; HPI is not evidence of early success.
688,candidate-0688-wilson-fittipaldi-júnior,Wilson Fittipaldi Júnior,1943,RACING DRIVER,Brazil,M,25,65.73,https://en.wikipedia.org/?curid=1226581,unresearched,unverified_candidate,Ranked for research discovery; HPI is not evidence of early success.
689,candidate-0689-josep-maria-bartomeu,Josep Maria Bartomeu,1963,BUSINESSPERSON,Spain,M,34,65.69,https://en.wikipedia.org/?curid=42232157,unresearched,unverified_candidate,Ranked for research discovery; HPI is not evidence of early success.
690,candidate-0690-jo-bonnier,Jo Bonnier,1930,RACING DRIVER,Sweden,M,24,65.68,https://en.wikipedia.org/?curid=1152185,unresearched,unverified_candidate,Ranked for research discovery; HPI is not evidence of early success.
691,candidate-0691-giorgio-parisi,Giorgio Parisi,1948,PHYSICIST,Italy,M,47,65.66,https://en.wikipedia.org/?curid=7245485,unresearched,unverified_candidate,Ranked for research discovery; HPI is not evidence of early success.
692,candidate-0692-andrás-arató,András Arató,1945,MODEL,Hungary,M,21,65.60,https://en.wikipedia.org/?curid=63267005,unresearched,unverified_candidate,Ranked for research discovery; HPI is not evidence of early success.
693,candidate-0693-mauricio-kagel,Mauricio Kagel,1931,COMPOSER,Argentina,M,28,65.51,https://en.wikipedia.org/?curid=65405,unresearched,unverified_candidate,Ranked for research discovery; HPI is not evidence of early success.
694,candidate-0694-alisher-usmanov,Alisher Usmanov,1953,BUSINESSPERSON,Uzbekistan,M,40,65.49,https://en.wikipedia.org/?curid=13020970,unresearched,unverified_candidate,Ranked for research discovery; HPI is not evidence of early success.
695,candidate-0695-eugen-doga,Eugen Doga,1937,COMPOSER,Moldova,M,22,65.44,https://en.wikipedia.org/?curid=17489265,unresearched,unverified_candidate,Ranked for research discovery; HPI is not evidence of early success.
696,candidate-0696-ajay-banga,Ajay Banga,1959,BUSINESSPERSON,India,M,25,65.41,https://en.wikipedia.org/?curid=25094248,unresearched,unverified_candidate,Ranked for research discovery; HPI is not evidence of early success.
697,candidate-0697-manolo-blahnik,Manolo Blahnik,1942,DESIGNER,Spain,M,29,65.40,https://en.wikipedia.org/?curid=1280544,unresearched,unverified_candidate,Ranked for research discovery; HPI is not evidence of early success.
698,candidate-0698-radivoj-korać,Radivoj Korać,1938,BASKETBALL PLAYER,Serbia,M,24,65.39,https://en.wikipedia.org/?curid=2199590,unresearched,unverified_candidate,Ranked for research discovery; HPI is not evidence of early success.
699,candidate-0699-patrick-tambay,Patrick Tambay,1949,RACING DRIVER,France,M,32,65.37,https://en.wikipedia.org/?curid=1223181,unresearched,unverified_candidate,Ranked for research discovery; HPI is not evidence of early success.
700,candidate-0700-sung-jae-gi,Sung Jae-gi,1967,BUSINESSPERSON,South Korea,M,186,65.30,https://en.wikipedia.org/?curid=38515895,unresearched,unverified_candidate,Ranked for research discovery; HPI is not evidence of early success.
701,candidate-0701-anton-geesink,Anton Geesink,1934,WRESTLER,Netherlands,M,25,65.28,https://en.wikipedia.org/?curid=104337,unresearched,unverified_candidate,Ranked for research discovery; HPI is not evidence of early success.
702,candidate-0702-wolf-vostell,Wolf Vostell,1932,PAINTER,Germany,M,32,65.27,https://en.wikipedia.org/?curid=144051,unresearched,unverified_candidate,Ranked for research discovery; HPI is not evidence of early success.
703,candidate-0703-gunter-sachs,Gunter Sachs,1932,PHOTOGRAPHER,Germany,F,20,65.24,https://en.wikipedia.org/?curid=4756171,unresearched,unverified_candidate,Ranked for research discovery; HPI is not evidence of early success.
704,candidate-0704-jacques-laffite,Jacques Laffite,1943,RACING DRIVER,France,M,28,65.24,https://en.wikipedia.org/?curid=701324,unresearched,unverified_candidate,Ranked for research discovery; HPI is not evidence of early success.
705,candidate-0705-ingemar-johansson,Ingemar Johansson,1932,BOXER,Sweden,M,39,65.18,https://en.wikipedia.org/?curid=515421,unresearched,unverified_candidate,Ranked for research discovery; HPI is not evidence of early success.
706,candidate-0706-françois-henri-pinault,François-Henri Pinault,1962,BUSINESSPERSON,France,M,33,65.18,https://en.wikipedia.org/?curid=11147070,unresearched,unverified_candidate,Ranked for research discovery; HPI is not evidence of early success.
707,candidate-0707-toshio-suzuki,Toshio Suzuki,1948,PRODUCER,Japan,M,28,65.14,https://en.wikipedia.org/?curid=3654485,unresearched,unverified_candidate,Ranked for research discovery; HPI is not evidence of early success.
708,candidate-0708-mauricio-funes,Mauricio Funes,1959,JOURNALIST,El Salvador,M,50,65.11,https://en.wikipedia.org/?curid=13494617,unresearched,unverified_candidate,Ranked for research discovery; HPI is not evidence of early success.
709,candidate-0709-e-c-george-sudarshan,E. C. George Sudarshan,1931,PHYSICIST,,M,29,65.09,https://en.wikipedia.org/?curid=881837,unresearched,unverified_candidate,Ranked for research discovery; HPI is not evidence of early success.
710,candidate-0710-aziz-sancar,Aziz Sancar,1946,CHEMIST,Türkiye,M,73,65.05,https://en.wikipedia.org/?curid=5441415,unresearched,unverified_candidate,Ranked for research discovery; HPI is not evidence of early success.
711,candidate-0711-yuan-t-lee,Yuan T. Lee,1936,CHEMIST,Taiwan,M,50,65.02,https://en.wikipedia.org/?curid=252532,unresearched,unverified_candidate,Ranked for research discovery; HPI is not evidence of early success.
712,candidate-0712-nasser-al-khelaifi,Nasser Al-Khelaifi,1973,TENNIS PLAYER,Qatar,M,30,64.98,https://en.wikipedia.org/?curid=33925411,unresearched,unverified_candidate,Ranked for research discovery; HPI is not evidence of early success.
713,candidate-0713-helmuth-koinigg,Helmuth Koinigg,1948,RACING DRIVER,Austria,M,24,64.91,https://en.wikipedia.org/?curid=767652,unresearched,unverified_candidate,Ranked for research discovery; HPI is not evidence of early success.
714,candidate-0714-josef-koudelka,Josef Koudelka,1938,PHOTOGRAPHER,Czechia,M,26,64.90,https://en.wikipedia.org/?curid=914196,unresearched,unverified_candidate,Ranked for research discovery; HPI is not evidence of early success.
715,candidate-0715-borislav-ivkov,Borislav Ivkov,1933,CHESS PLAYER,Serbia,M,24,64.86,https://en.wikipedia.org/?curid=4697403,unresearched,unverified_candidate,Ranked for research discovery; HPI is not evidence of early success.
716,candidate-0716-paula-rego,Paula Rego,1935,PAINTER,Portugal,F,30,64.79,https://en.wikipedia.org/?curid=208066,unresearched,unverified_candidate,Ranked for research discovery; HPI is not evidence of early success.
717,candidate-0717-robert-cailliau,Robert Cailliau,1947,INVENTOR,Belgium,M,29,64.78,https://en.wikipedia.org/?curid=1058965,unresearched,unverified_candidate,Ranked for research discovery; HPI is not evidence of early success.
718,candidate-0718-nikolai-chernykh,Nikolai Chernykh,1931,ASTRONOMER,Russia,M,40,64.76,https://en.wikipedia.org/?curid=619606,unresearched,unverified_candidate,Ranked for research discovery; HPI is not evidence of early success.
719,candidate-0719-jimmy-choo,Jimmy Choo,1948,DESIGNER,Malaysia,M,30,64.76,https://en.wikipedia.org/?curid=47635896,unresearched,unverified_candidate,Ranked for research discovery; HPI is not evidence of early success.
720,candidate-0720-dan-shechtman,Dan Shechtman,1941,CHEMIST,Israel,M,67,64.74,https://en.wikipedia.org/?curid=3674396,unresearched,unverified_candidate,Ranked for research discovery; HPI is not evidence of early success.
721,candidate-0721-guido-van-rossum,Guido van Rossum,1956,COMPUTER SCIENTIST,Netherlands,M,51,64.73,https://en.wikipedia.org/?curid=226402,unresearched,unverified_candidate,Ranked for research discovery; HPI is not evidence of early success.
722,candidate-0722-yakov-sinai,Yakov Sinai,1935,MATHEMATICIAN,Russia,M,34,64.66,https://en.wikipedia.org/?curid=1751626,unresearched,unverified_candidate,Ranked for research discovery; HPI is not evidence of early success.
723,candidate-0723-george-f-r-ellis,George F. R. Ellis,1939,PHYSICIST,South Africa,M,20,64.66,https://en.wikipedia.org/?curid=840527,unresearched,unverified_candidate,Ranked for research discovery; HPI is not evidence of early success.
724,candidate-0724-yolanda-hadid,Yolanda Hadid,1964,MODEL,Netherlands,F,24,64.65,https://en.wikipedia.org/?curid=39843099,unresearched,unverified_candidate,Ranked for research discovery; HPI is not evidence of early success.
725,candidate-0725-peter-sauber,Peter Sauber,1943,BUSINESSPERSON,Switzerland,M,23,64.64,https://en.wikipedia.org/?curid=692993,unresearched,unverified_candidate,Ranked for research discovery; HPI is not evidence of early success.
726,candidate-0726-peter-thiel,Peter Thiel,1967,BUSINESSPERSON,Germany,M,38,64.64,https://en.wikipedia.org/?curid=610532,unresearched,unverified_candidate,Ranked for research discovery; HPI is not evidence of early success.
727,candidate-0727-hillel-furstenberg,Hillel Furstenberg,1935,MATHEMATICIAN,Germany,M,25,64.62,https://en.wikipedia.org/?curid=6450152,unresearched,unverified_candidate,Ranked for research discovery; HPI is not evidence of early success.
728,candidate-0728-wolfgang-ketterle,Wolfgang Ketterle,1957,PHYSICIST,Germany,M,66,64.61,https://en.wikipedia.org/?curid=711990,unresearched,unverified_candidate,Ranked for research discovery; HPI is not evidence of early success.
729,candidate-0729-lars-vilks,Lars Vilks,1946,SCULPTOR,Sweden,M,31,64.59,https://en.wikipedia.org/?curid=12979265,unresearched,unverified_candidate,Ranked for research discovery; HPI is not evidence of early success.
730,candidate-0730-fred-stolle,Fred Stolle,1938,TENNIS PLAYER,Australia,M,30,64.53,https://en.wikipedia.org/?curid=2201724,unresearched,unverified_candidate,Ranked for research discovery; HPI is not evidence of early success.
731,candidate-0731-tony-hoare,Tony Hoare,1934,COMPUTER SCIENTIST,Sri Lanka,M,43,64.52,https://en.wikipedia.org/?curid=39434,unresearched,unverified_candidate,Ranked for research discovery; HPI is not evidence of early success.
732,candidate-0732-francisco-varela,Francisco Varela,1946,BIOLOGIST,Chile,M,26,64.51,https://en.wikipedia.org/?curid=76989,unresearched,unverified_candidate,Ranked for research discovery; HPI is not evidence of early success.
733,candidate-0733-adriano-galliani,Adriano Galliani,1944,BUSINESSPERSON,Italy,M,24,64.48,https://en.wikipedia.org/?curid=7472459,unresearched,unverified_candidate,Ranked for research discovery; HPI is not evidence of early success.
734,candidate-0734-neale-fraser,Neale Fraser,1933,TENNIS PLAYER,Australia,M,29,64.46,https://en.wikipedia.org/?curid=2199552,unresearched,unverified_candidate,Ranked for research discovery; HPI is not evidence of early success.
735,candidate-0735-ken-kutaragi,Ken Kutaragi,1950,COMPUTER SCIENTIST,Japan,M,24,64.46,https://en.wikipedia.org/?curid=510275,unresearched,unverified_candidate,Ranked for research discovery; HPI is not evidence of early success.
736,candidate-0736-charles-dutoit,Charles Dutoit,1936,CONDUCTOR,Switzerland,M,21,64.44,https://en.wikipedia.org/?curid=317537,unresearched,unverified_candidate,Ranked for research discovery; HPI is not evidence of early success.
737,candidate-0737-dieter-rams,Dieter Rams,1932,DESIGNER,Germany,M,29,64.44,https://en.wikipedia.org/?curid=4207229,unresearched,unverified_candidate,Ranked for research discovery; HPI is not evidence of early success.
738,candidate-0738-gennady-rozhdestvensky,Gennady Rozhdestvensky,1931,COMPOSER,Russia,M,27,64.41,https://en.wikipedia.org/?curid=1097883,unresearched,unverified_candidate,Ranked for research discovery; HPI is not evidence of early success.
739,candidate-0739-pēteris-vasks,Pēteris Vasks,1946,COMPOSER,Latvia,M,27,64.41,https://en.wikipedia.org/?curid=973794,unresearched,unverified_candidate,Ranked for research discovery; HPI is not evidence of early success.
740,candidate-0740-eugenio-castellotti,Eugenio Castellotti,1930,RACING DRIVER,Italy,M,24,64.32,https://en.wikipedia.org/?curid=1228351,unresearched,unverified_candidate,Ranked for research discovery; HPI is not evidence of early success.
741,candidate-0741-jannis-kounellis,Jannis Kounellis,1936,PAINTER,Greece,M,25,64.32,https://en.wikipedia.org/?curid=1695236,unresearched,unverified_candidate,Ranked for research discovery; HPI is not evidence of early success.
742,candidate-0742-sergei-novikov,Sergei Novikov,1938,MATHEMATICIAN,Russia,M,35,64.32,https://en.wikipedia.org/?curid=628515,unresearched,unverified_candidate,Ranked for research discovery; HPI is not evidence of early success.
743,candidate-0743-federico-faggin,Federico Faggin,1941,PHYSICIST,Italy,M,24,64.26,https://en.wikipedia.org/?curid=378171,unresearched,unverified_candidate,Ranked for research discovery; HPI is not evidence of early success.
744,candidate-0744-marina-doria,Marina Doria,1935,ATHLETE,Switzerland,F,20,64.21,https://en.wikipedia.org/?curid=5673670,unresearched,unverified_candidate,Ranked for research discovery; HPI is not evidence of early success.
745,candidate-0745-rodion-shchedrin,Rodion Shchedrin,1932,COMPOSER,Russia,M,37,64.19,https://en.wikipedia.org/?curid=728429,unresearched,unverified_candidate,Ranked for research discovery; HPI is not evidence of early success.
746,candidate-0746-veruschka-von-lehndorff,Veruschka von Lehndorff,1939,MODEL,Russia,F,20,64.18,https://en.wikipedia.org/?curid=5859323,unresearched,unverified_candidate,Ranked for research discovery; HPI is not evidence of early success.
747,candidate-0747-morris-chang,Morris Chang,1931,BUSINESSPERSON,China,M,20,64.17,https://en.wikipedia.org/?curid=25900831,unresearched,unverified_candidate,Ranked for research discovery; HPI is not evidence of early success.
748,candidate-0748-carlos-pace,Carlos Pace,1944,RACING DRIVER,Brazil,M,26,64.16,https://en.wikipedia.org/?curid=1219709,unresearched,unverified_candidate,Ranked for research discovery; HPI is not evidence of early success.
749,candidate-0749-paul-andreu,Paul Andreu,1938,ARCHITECT,France,M,25,64.16,https://en.wikipedia.org/?curid=681416,unresearched,unverified_candidate,Ranked for research discovery; HPI is not evidence of early success.
750,candidate-0750-rebiya-kadeer,Rebiya Kadeer,1946,BUSINESSPERSON,China,F,38,64.15,https://en.wikipedia.org/?curid=1619115,unresearched,unverified_candidate,Ranked for research discovery; HPI is not evidence of early success.
751,candidate-0751-vittorio-brambilla,Vittorio Brambilla,1937,RACING DRIVER,Italy,M,24,64.13,https://en.wikipedia.org/?curid=1226579,unresearched,unverified_candidate,Ranked for research discovery; HPI is not evidence of early success.
752,candidate-0752-zoltán-horváth,Zoltán Horváth,1937,ATHLETE,Hungary,M,24,64.12,https://en.wikipedia.org/?curid=25689692,unresearched,unverified_candidate,Ranked for research discovery; HPI is not evidence of early success.
753,candidate-0753-mick-doohan,Mick Doohan,1965,RACING DRIVER,Australia,M,25,64.11,https://en.wikipedia.org/?curid=20108,unresearched,unverified_candidate,Ranked for research discovery; HPI is not evidence of early success.
754,candidate-0754-aleksandr-medved,Aleksandr Medved,1937,WRESTLER,Ukraine,M,29,64.11,https://en.wikipedia.org/?curid=1014794,unresearched,unverified_candidate,Ranked for research discovery; HPI is not evidence of early success.
755,candidate-0755-bruno-sammartino,Bruno Sammartino,1935,WRESTLER,Italy,M,28,64.11,https://en.wikipedia.org/?curid=332386,unresearched,unverified_candidate,Ranked for research discovery; HPI is not evidence of early success.
756,candidate-0756-donna-strickland,Donna Strickland,1959,PHYSICIST,Canada,F,79,64.09,https://en.wikipedia.org/?curid=58632444,unresearched,unverified_candidate,Ranked for research discovery; HPI is not evidence of early success.
757,candidate-0757-nikola-pilić,Nikola Pilić,1939,TENNIS PLAYER,Croatia,M,25,64.05,https://en.wikipedia.org/?curid=2215153,unresearched,unverified_candidate,Ranked for research discovery; HPI is not evidence of early success.
758,candidate-0758-ken-rosewall,Ken Rosewall,1934,TENNIS PLAYER,Australia,M,39,64.01,https://en.wikipedia.org/?curid=481803,unresearched,unverified_candidate,Ranked for research discovery; HPI is not evidence of early success.
759,candidate-0759-vasily-alekseyev,Vasily Alekseyev,1942,ATHLETE,Russia,M,30,63.97,https://en.wikipedia.org/?curid=172536,unresearched,unverified_candidate,Ranked for research discovery; HPI is not evidence of early success.
760,candidate-0760-ole-johan-dahl,Ole-Johan Dahl,1931,COMPUTER SCIENTIST,Norway,M,38,63.96,https://en.wikipedia.org/?curid=64188,unresearched,unverified_candidate,Ranked for research discovery; HPI is not evidence of early success.
761,candidate-0761-hiroshi-amano,Hiroshi Amano,1960,PHYSICIST,Japan,M,66,63.92,https://en.wikipedia.org/?curid=44046598,unresearched,unverified_candidate,Ranked for research discovery; HPI is not evidence of early success.
762,candidate-0762-jo-siffert,Jo Siffert,1936,RACING DRIVER,Switzerland,M,22,63.91,https://en.wikipedia.org/?curid=1202290,unresearched,unverified_candidate,Ranked for research discovery; HPI is not evidence of early success.
763,candidate-0763-jean-pierre-beltoise,Jean-Pierre Beltoise,1937,RACING DRIVER,France,M,27,63.91,https://en.wikipedia.org/?curid=1226341,unresearched,unverified_candidate,Ranked for research discovery; HPI is not evidence of early success.
764,candidate-0764-raimonds-pauls,Raimonds Pauls,1936,COMPOSER,Latvia,M,28,63.86,https://en.wikipedia.org/?curid=1575878,unresearched,unverified_candidate,Ranked for research discovery; HPI is not evidence of early success.
765,candidate-0765-juliane-koepcke,Juliane Koepcke,1954,BIOLOGIST,Peru,F,25,63.84,https://en.wikipedia.org/?curid=6436685,unresearched,unverified_candidate,Ranked for research discovery; HPI is not evidence of early success.
766,candidate-0766-jean-louis-schlesser,Jean-Louis Schlesser,1948,RACING DRIVER,France,M,23,63.83,https://en.wikipedia.org/?curid=1029728,unresearched,unverified_candidate,Ranked for research discovery; HPI is not evidence of early success.
767,candidate-0767-masaaki-hatsumi,Masaaki Hatsumi,1931,PAINTER,Japan,M,21,63.83,https://en.wikipedia.org/?curid=145184,unresearched,unverified_candidate,Ranked for research discovery; HPI is not evidence of early success.
768,candidate-0768-charly-gaul,Charly Gaul,1932,CYCLIST,Luxembourg,M,27,63.81,https://en.wikipedia.org/?curid=1871428,unresearched,unverified_candidate,Ranked for research discovery; HPI is not evidence of early success.
769,candidate-0769-kaija-saariaho,Kaija Saariaho,1952,COMPOSER,Finland,F,32,63.77,https://en.wikipedia.org/?curid=620970,unresearched,unverified_candidate,Ranked for research discovery; HPI is not evidence of early success.
770,candidate-0770-thierry-boutsen,Thierry Boutsen,1957,RACING DRIVER,Belgium,M,31,63.75,https://en.wikipedia.org/?curid=1114709,unresearched,unverified_candidate,Ranked for research discovery; HPI is not evidence of early success.
771,candidate-0771-morten-p-meldal,Morten P. Meldal,1954,CHEMIST,Denmark,M,45,63.71,https://en.wikipedia.org/?curid=22099993,unresearched,unverified_candidate,Ranked for research discovery; HPI is not evidence of early success.
772,candidate-0772-luis-bacalov,Luis Bacalov,1933,COMPOSER,Argentina,M,24,63.70,https://en.wikipedia.org/?curid=3723364,unresearched,unverified_candidate,Ranked for research discovery; HPI is not evidence of early success.
773,candidate-0773-dieter-schwarz,Dieter Schwarz,1939,BUSINESSPERSON,Germany,M,17,63.70,https://en.wikipedia.org/?curid=9626943,unresearched,unverified_candidate,Ranked for research discovery; HPI is not evidence of early success.
774,candidate-0774-dhirubhai-ambani,Dhirubhai Ambani,1932,BUSINESSPERSON,India,M,48,63.70,https://en.wikipedia.org/?curid=708039,unresearched,unverified_candidate,Ranked for research discovery; HPI is not evidence of early success.
775,candidate-0775-branko-lustig,Branko Lustig,1932,PRODUCER,Croatia,M,29,63.69,https://en.wikipedia.org/?curid=478483,unresearched,unverified_candidate,Ranked for research discovery; HPI is not evidence of early success.
776,candidate-0776-eduardo-souto-de-moura,Eduardo Souto de Moura,1952,ARCHITECT,Portugal,M,32,63.68,https://en.wikipedia.org/?curid=12587505,unresearched,unverified_candidate,Ranked for research discovery; HPI is not evidence of early success.
777,candidate-0777-stefan-hell,Stefan Hell,1962,PHYSICIST,Romania,M,60,63.68,https://en.wikipedia.org/?curid=8104355,unresearched,unverified_candidate,Ranked for research discovery; HPI is not evidence of early success.
778,candidate-0778-kisho-kurokawa,Kisho Kurokawa,1934,ARCHITECT,Japan,M,26,63.67,https://en.wikipedia.org/?curid=615202,unresearched,unverified_candidate,Ranked for research discovery; HPI is not evidence of early success.
779,candidate-0779-rosalía-mera,Rosalía Mera,1944,BUSINESSPERSON,Spain,F,25,63.63,https://en.wikipedia.org/?curid=2492718,unresearched,unverified_candidate,Ranked for research discovery; HPI is not evidence of early success.
780,candidate-0780-maria-sharapova,Maria Sharapova,1987,TENNIS PLAYER,Russia,F,97,63.61,https://en.wikipedia.org/?curid=772173,unresearched,unverified_candidate,Ranked for research discovery; HPI is not evidence of early success.
781,candidate-0781-christian-de-portzamparc,Christian de Portzamparc,1944,ARCHITECT,Morocco,M,30,63.61,https://en.wikipedia.org/?curid=3108056,unresearched,unverified_candidate,Ranked for research discovery; HPI is not evidence of early success.
782,candidate-0782-lais-ribeiro,Lais Ribeiro,1990,MODEL,Brazil,F,22,63.57,https://en.wikipedia.org/?curid=34519416,unresearched,unverified_candidate,Ranked for research discovery; HPI is not evidence of early success.
783,candidate-0783-rudolf-e-kálmán,Rudolf E. Kálmán,1930,MATHEMATICIAN,Hungary,M,32,63.57,https://en.wikipedia.org/?curid=396498,unresearched,unverified_candidate,Ranked for research discovery; HPI is not evidence of early success.
784,candidate-0784-jean-pierre-jarier,Jean-Pierre Jarier,1946,RACING DRIVER,France,M,25,63.57,https://en.wikipedia.org/?curid=1154122,unresearched,unverified_candidate,Ranked for research discovery; HPI is not evidence of early success.
785,candidate-0785-luca-cordero-di-montezemolo,Luca Cordero di Montezemolo,1947,BUSINESSPERSON,Italy,M,26,63.56,https://en.wikipedia.org/?curid=700275,unresearched,unverified_candidate,Ranked for research discovery; HPI is not evidence of early success.
786,candidate-0786-yannick-noah,Yannick Noah,1960,TENNIS PLAYER,France,M,47,63.55,https://en.wikipedia.org/?curid=1716872,unresearched,unverified_candidate,Ranked for research discovery; HPI is not evidence of early success.
787,candidate-0787-takaaki-kajita,Takaaki Kajita,1959,PHYSICIST,Japan,M,68,63.54,https://en.wikipedia.org/?curid=48079158,unresearched,unverified_candidate,Ranked for research discovery; HPI is not evidence of early success.
788,candidate-0788-tom-kibble,Tom Kibble,1932,PHYSICIST,India,M,22,63.51,https://en.wikipedia.org/?curid=1845174,unresearched,unverified_candidate,Ranked for research discovery; HPI is not evidence of early success.
789,candidate-0789-horacio-pagani,Horacio Pagani,1955,BUSINESSPERSON,Argentina,M,18,63.50,https://en.wikipedia.org/?curid=8102336,unresearched,unverified_candidate,Ranked for research discovery; HPI is not evidence of early success.
790,candidate-0790-mate-parlov,Mate Parlov,1948,BOXER,Croatia,M,25,63.49,https://en.wikipedia.org/?curid=5574861,unresearched,unverified_candidate,Ranked for research discovery; HPI is not evidence of early success.
791,candidate-0791-lajos-portisch,Lajos Portisch,1937,CHESS PLAYER,Hungary,M,27,63.47,https://en.wikipedia.org/?curid=1430465,unresearched,unverified_candidate,Ranked for research discovery; HPI is not evidence of early success.
792,candidate-0792-rinat-akhmetov,Rinat Akhmetov,1966,BUSINESSPERSON,Ukraine,M,38,63.45,https://en.wikipedia.org/?curid=1353601,unresearched,unverified_candidate,Ranked for research discovery; HPI is not evidence of early success.
793,candidate-0793-r-d-burman,R. D. Burman,1939,COMPOSER,India,M,26,63.44,https://en.wikipedia.org/?curid=571542,unresearched,unverified_candidate,Ranked for research discovery; HPI is not evidence of early success.
794,candidate-0794-yves-rocher,Yves Rocher,1930,BUSINESSPERSON,France,M,22,63.44,https://en.wikipedia.org/?curid=25580101,unresearched,unverified_candidate,Ranked for research discovery; HPI is not evidence of early success.
795,candidate-0795-björn-waldegård,Björn Waldegård,1943,RACING DRIVER,Sweden,M,24,63.44,https://en.wikipedia.org/?curid=2520025,unresearched,unverified_candidate,Ranked for research discovery; HPI is not evidence of early success.
796,candidate-0796-ramón-calderón,Ramón Calderón,1951,BUSINESSPERSON,Spain,M,24,63.43,https://en.wikipedia.org/?curid=5812414,unresearched,unverified_candidate,Ranked for research discovery; HPI is not evidence of early success.
797,candidate-0797-naji-al-ali,Naji al-Ali,1937,PAINTER,Israel,M,30,63.43,https://en.wikipedia.org/?curid=2227409,unresearched,unverified_candidate,Ranked for research discovery; HPI is not evidence of early success.
798,candidate-0798-alberto-juantorena,Alberto Juantorena,1950,ATHLETE,Cuba,M,33,63.40,https://en.wikipedia.org/?curid=451814,unresearched,unverified_candidate,Ranked for research discovery; HPI is not evidence of early success.
799,candidate-0799-philippe-herreweghe,Philippe Herreweghe,1947,COMPOSER,Belgium,M,24,63.40,https://en.wikipedia.org/?curid=4093570,unresearched,unverified_candidate,Ranked for research discovery; HPI is not evidence of early success.
800,candidate-0800-andrea-de-cesaris,Andrea de Cesaris,1959,RACING DRIVER,Italy,M,36,63.39,https://en.wikipedia.org/?curid=342999,unresearched,unverified_candidate,Ranked for research discovery; HPI is not evidence of early success.
801,candidate-0801-igor-mitoraj,Igor Mitoraj,1944,SCULPTOR,Germany,M,22,63.39,https://en.wikipedia.org/?curid=562671,unresearched,unverified_candidate,Ranked for research discovery; HPI is not evidence of early success.
802,candidate-0802-mansour-bahrami,Mansour Bahrami,1956,TENNIS PLAYER,Iran,M,20,63.38,https://en.wikipedia.org/?curid=6769163,unresearched,unverified_candidate,Ranked for research discovery; HPI is not evidence of early success.
803,candidate-0803-thomas-c-südhof,Thomas C. Südhof,1955,CHEMIST,Germany,M,56,63.35,https://en.wikipedia.org/?curid=26871735,unresearched,unverified_candidate,Ranked for research discovery; HPI is not evidence of early success.
804,candidate-0804-efren-reyes,Efren Reyes,1954,ATHLETE,Philippines,M,19,63.34,https://en.wikipedia.org/?curid=435887,unresearched,unverified_candidate,Ranked for research discovery; HPI is not evidence of early success.
805,candidate-0805-josep-lluís-núñez,Josep Lluís Núñez,1931,BUSINESSPERSON,Spain,M,19,63.33,https://en.wikipedia.org/?curid=5224089,unresearched,unverified_candidate,Ranked for research discovery; HPI is not evidence of early success.
806,candidate-0806-ira-von-fürstenberg,Ira von Fürstenberg,1940,MODEL,Italy,F,20,63.32,https://en.wikipedia.org/?curid=296057,unresearched,unverified_candidate,Ranked for research discovery; HPI is not evidence of early success.
807,candidate-0807-riccardo-chailly,Riccardo Chailly,1953,CONDUCTOR,Italy,M,21,63.32,https://en.wikipedia.org/?curid=621142,unresearched,unverified_candidate,Ranked for research discovery; HPI is not evidence of early success.
808,candidate-0808-jarno-saarinen,Jarno Saarinen,1945,RACING DRIVER,Finland,M,17,63.31,https://en.wikipedia.org/?curid=2960742,unresearched,unverified_candidate,Ranked for research discovery; HPI is not evidence of early success.
809,candidate-0809-leo-brouwer,Leo Brouwer,1939,COMPOSER,Cuba,M,21,63.30,https://en.wikipedia.org/?curid=172821,unresearched,unverified_candidate,Ranked for research discovery; HPI is not evidence of early success.
810,candidate-0810-luka-dončić,Luka Dončić,1999,BASKETBALL PLAYER,Slovenia,M,51,63.29,https://en.wikipedia.org/?curid=46600275,unresearched,unverified_candidate,Ranked for research discovery; HPI is not evidence of early success.
811,candidate-0811-bernard-tschumi,Bernard Tschumi,1944,ARCHITECT,Switzerland,M,26,63.28,https://en.wikipedia.org/?curid=267886,unresearched,unverified_candidate,Ranked for research discovery; HPI is not evidence of early success.
812,candidate-0812-andrew-grove,Andrew Grove,1936,BUSINESSPERSON,Hungary,M,31,63.27,https://en.wikipedia.org/?curid=179158,unresearched,unverified_candidate,Ranked for research discovery; HPI is not evidence of early success.
813,candidate-0813-karel-svoboda,Karel Svoboda,1938,COMPOSER,Czechia,M,25,63.27,https://en.wikipedia.org/?curid=22728486,unresearched,unverified_candidate,Ranked for research discovery; HPI is not evidence of early success.
814,candidate-0814-rocky-johnson,Rocky Johnson,1944,WRESTLER,Canada,M,20,63.27,https://en.wikipedia.org/?curid=1690687,unresearched,unverified_candidate,Ranked for research discovery; HPI is not evidence of early success.
815,candidate-0815-arantxa-sánchez-vicario,Arantxa Sánchez Vicario,1971,TENNIS PLAYER,Spain,F,55,63.25,https://en.wikipedia.org/?curid=534624,unresearched,unverified_candidate,Ranked for research discovery; HPI is not evidence of early success.
816,candidate-0816-lucien-van-impe,Lucien Van Impe,1946,CYCLIST,Belgium,M,28,63.24,https://en.wikipedia.org/?curid=936536,unresearched,unverified_candidate,Ranked for research discovery; HPI is not evidence of early success.
817,candidate-0817-péter-eötvös,Péter Eötvös,1944,COMPOSER,Romania,M,23,63.23,https://en.wikipedia.org/?curid=3644976,unresearched,unverified_candidate,Ranked for research discovery; HPI is not evidence of early success.
818,candidate-0818-juha-kankkunen,Juha Kankkunen,1959,RACING DRIVER,Finland,M,32,63.23,https://en.wikipedia.org/?curid=412742,unresearched,unverified_candidate,Ranked for research discovery; HPI is not evidence of early success.
819,candidate-0819-lyudmila-chernykh,Lyudmila Chernykh,1935,ASTRONOMER,Russia,F,37,63.23,https://en.wikipedia.org/?curid=619625,unresearched,unverified_candidate,Ranked for research discovery; HPI is not evidence of early success.
820,candidate-0820-khabib-nurmagomedov,Khabib Nurmagomedov,1988,WRESTLER,Russia,M,64,63.23,https://en.wikipedia.org/?curid=33353755,unresearched,unverified_candidate,Ranked for research discovery; HPI is not evidence of early success.
821,candidate-0821-volodymyr-holubnychy,Volodymyr Holubnychy,1936,ATHLETE,Ukraine,M,30,63.20,https://en.wikipedia.org/?curid=3020040,unresearched,unverified_candidate,Ranked for research discovery; HPI is not evidence of early success.
822,candidate-0822-andrés-gimeno,Andrés Gimeno,1937,TENNIS PLAYER,Spain,M,34,63.19,https://en.wikipedia.org/?curid=1959248,unresearched,unverified_candidate,Ranked for research discovery; HPI is not evidence of early success.
823,candidate-0823-jacob-bekenstein,Jacob Bekenstein,1947,PHYSICIST,Mexico,M,34,63.19,https://en.wikipedia.org/?curid=561845,unresearched,unverified_candidate,Ranked for research discovery; HPI is not evidence of early success.
824,candidate-0824-jānis-lūsis,Jānis Lūsis,1939,ATHLETE,Latvia,M,31,63.18,https://en.wikipedia.org/?curid=897476,unresearched,unverified_candidate,Ranked for research discovery; HPI is not evidence of early success.
825,candidate-0825-françoise-bettencourt-meyers,Françoise Bettencourt Meyers,1953,BUSINESSPERSON,France,F,26,63.17,https://en.wikipedia.org/?curid=27993915,unresearched,unverified_candidate,Ranked for research discovery; HPI is not evidence of early success.
826,candidate-0826-patrick-sercu,Patrick Sercu,1944,CYCLIST,Belgium,M,26,63.15,https://en.wikipedia.org/?curid=2524106,unresearched,unverified_candidate,Ranked for research discovery; HPI is not evidence of early success.
827,candidate-0827-marco-pantani,Marco Pantani,1970,CYCLIST,Italy,M,49,63.13,https://en.wikipedia.org/?curid=201655,unresearched,unverified_candidate,Ranked for research discovery; HPI is not evidence of early success.
828,candidate-0828-henri-toivonen,Henri Toivonen,1956,RACING DRIVER,Finland,M,21,63.13,https://en.wikipedia.org/?curid=322745,unresearched,unverified_candidate,Ranked for research discovery; HPI is not evidence of early success.
829,candidate-0829-max-verstappen,Max Verstappen,1997,RACING DRIVER,Belgium,M,92,63.12,https://en.wikipedia.org/?curid=41758713,unresearched,unverified_candidate,Ranked for research discovery; HPI is not evidence of early success.
830,candidate-0830-anna-chromý,Anna Chromý,1940,PAINTER,Czechia,F,20,63.10,https://en.wikipedia.org/?curid=13928532,unresearched,unverified_candidate,Ranked for research discovery; HPI is not evidence of early success.
831,candidate-0831-vagit-alekperov,Vagit Alekperov,1950,BUSINESSPERSON,Azerbaijan,M,30,63.09,https://en.wikipedia.org/?curid=965991,unresearched,unverified_candidate,Ranked for research discovery; HPI is not evidence of early success.
832,candidate-0832-lars-hörmander,Lars Hörmander,1931,MATHEMATICIAN,Sweden,M,36,63.09,https://en.wikipedia.org/?curid=500958,unresearched,unverified_candidate,Ranked for research discovery; HPI is not evidence of early success.
833,candidate-0833-yola-ramírez,Yola Ramírez,1935,TENNIS PLAYER,Mexico,F,19,63.08,https://en.wikipedia.org/?curid=4907400,unresearched,unverified_candidate,Ranked for research discovery; HPI is not evidence of early success.
834,candidate-0834-max-richter,Max Richter,1966,COMPOSER,Germany,M,29,63.05,https://en.wikipedia.org/?curid=1635760,unresearched,unverified_candidate,Ranked for research discovery; HPI is not evidence of early success.
835,candidate-0835-alexandre-desplat,Alexandre Desplat,1961,COMPOSER,France,M,48,63.04,https://en.wikipedia.org/?curid=4882421,unresearched,unverified_candidate,Ranked for research discovery; HPI is not evidence of early success.
836,candidate-0836-uljana-semjonova,Uljana Semjonova,1952,BASKETBALL PLAYER,Lithuania,F,32,63.04,https://en.wikipedia.org/?curid=1007478,unresearched,unverified_candidate,Ranked for research discovery; HPI is not evidence of early success.
837,candidate-0837-heinz-harald-frentzen,Heinz-Harald Frentzen,1967,RACING DRIVER,Germany,M,40,63.03,https://en.wikipedia.org/?curid=756775,unresearched,unverified_candidate,Ranked for research discovery; HPI is not evidence of early success.
838,candidate-0838-rolf-stommelen,Rolf Stommelen,1943,RACING DRIVER,Germany,M,22,63.03,https://en.wikipedia.org/?curid=1226556,unresearched,unverified_candidate,Ranked for research discovery; HPI is not evidence of early success.
839,candidate-0839-manuel-orantes,Manuel Orantes,1949,TENNIS PLAYER,Spain,M,33,63.02,https://en.wikipedia.org/?curid=870651,unresearched,unverified_candidate,Ranked for research discovery; HPI is not evidence of early success.
840,candidate-0840-jan-gehl,Jan Gehl,1936,ARCHITECT,Denmark,M,23,63.02,https://en.wikipedia.org/?curid=1641511,unresearched,unverified_candidate,Ranked for research discovery; HPI is not evidence of early success.
841,candidate-0841-per-nørgård,Per Nørgård,1932,COMPOSER,Denmark,M,26,63.00,https://en.wikipedia.org/?curid=1233650,unresearched,unverified_candidate,Ranked for research discovery; HPI is not evidence of early success.
842,candidate-0842-sergei-belov,Sergei Belov,1944,BASKETBALL PLAYER,Russia,M,37,63.00,https://en.wikipedia.org/?curid=2831435,unresearched,unverified_candidate,Ranked for research discovery; HPI is not evidence of early success.
843,candidate-0843-stig-blomqvist,Stig Blomqvist,1946,RACING DRIVER,Sweden,M,26,63.00,https://en.wikipedia.org/?curid=1753830,unresearched,unverified_candidate,Ranked for research discovery; HPI is not evidence of early success.
844,candidate-0844-sergei-khrushchev,Sergei Khrushchev,1935,ENGINEER,Russia,M,15,63.00,https://en.wikipedia.org/?curid=549840,unresearched,unverified_candidate,Ranked for research discovery; HPI is not evidence of early success.
845,candidate-0845-fabio-mancini,Fabio Mancini,1987,MODEL,Germany,M,15,62.99,https://en.wikipedia.org/?curid=48765447,unresearched,unverified_candidate,Ranked for research discovery; HPI is not evidence of early success.
846,candidate-0846-eleni-karaindrou,Eleni Karaindrou,1941,COMPOSER,Greece,F,22,62.97,https://en.wikipedia.org/?curid=1943538,unresearched,unverified_candidate,Ranked for research discovery; HPI is not evidence of early success.
847,candidate-0847-daina-taimiņa,Daina Taimiņa,1954,MATHEMATICIAN,Latvia,F,30,62.96,https://en.wikipedia.org/?curid=2272644,unresearched,unverified_candidate,Ranked for research discovery; HPI is not evidence of early success.
848,candidate-0848-charles-leclerc,Charles Leclerc,1997,RACING DRIVER,Monaco,M,60,62.95,https://en.wikipedia.org/?curid=44924226,unresearched,unverified_candidate,Ranked for research discovery; HPI is not evidence of early success.
849,candidate-0849-vladimir-drinfeld,Vladimir Drinfeld,1954,MATHEMATICIAN,Ukraine,M,32,62.91,https://en.wikipedia.org/?curid=1053747,unresearched,unverified_candidate,Ranked for research discovery; HPI is not evidence of early success.
850,candidate-0850-markku-alén,Markku Alén,1951,RACING DRIVER,Finland,M,23,62.91,https://en.wikipedia.org/?curid=1616453,unresearched,unverified_candidate,Ranked for research discovery; HPI is not evidence of early success.
851,candidate-0851-giannis-antetokounmpo,Giannis Antetokounmpo,1994,BASKETBALL PLAYER,Greece,M,58,62.91,https://en.wikipedia.org/?curid=38153033,unresearched,unverified_candidate,Ranked for research discovery; HPI is not evidence of early success.
852,candidate-0852-gunther-von-hagens,Gunther von Hagens,1945,INVENTOR,Poland,M,20,62.91,https://en.wikipedia.org/?curid=23747730,unresearched,unverified_candidate,Ranked for research discovery; HPI is not evidence of early success.
853,candidate-0853-terry-gou,Terry Gou,1950,BUSINESSPERSON,Taiwan,M,25,62.90,https://en.wikipedia.org/?curid=933792,unresearched,unverified_candidate,Ranked for research discovery; HPI is not evidence of early success.
854,candidate-0854-riccardo-paletti,Riccardo Paletti,1958,RACING DRIVER,Italy,M,23,62.90,https://en.wikipedia.org/?curid=857026,unresearched,unverified_candidate,Ranked for research discovery; HPI is not evidence of early success.
855,candidate-0855-valeriy-brumel,Valeriy Brumel,1942,ATHLETE,Russia,M,29,62.89,https://en.wikipedia.org/?curid=174856,unresearched,unverified_candidate,Ranked for research discovery; HPI is not evidence of early success.
856,candidate-0856-maria-bueno,Maria Bueno,1939,TENNIS PLAYER,Brazil,F,40,62.88,https://en.wikipedia.org/?curid=363776,unresearched,unverified_candidate,Ranked for research discovery; HPI is not evidence of early success.
857,candidate-0857-tommi-mäkinen,Tommi Mäkinen,1964,RACING DRIVER,Finland,M,36,62.85,https://en.wikipedia.org/?curid=535978,unresearched,unverified_candidate,Ranked for research discovery; HPI is not evidence of early success.
858,candidate-0858-inese-jaunzeme,Inese Jaunzeme,1932,ATHLETE,Latvia,F,32,62.83,https://en.wikipedia.org/?curid=6803344,unresearched,unverified_candidate,Ranked for research discovery; HPI is not evidence of early success.
859,candidate-0859-eero-aarnio,Eero Aarnio,1932,ARCHITECT,Finland,M,24,62.80,https://en.wikipedia.org/?curid=1142540,unresearched,unverified_candidate,Ranked for research discovery; HPI is not evidence of early success.
860,candidate-0860-jimmy-lai,Jimmy Lai,1948,BUSINESSPERSON,China,M,27,62.79,https://en.wikipedia.org/?curid=269231,unresearched,unverified_candidate,Ranked for research discovery; HPI is not evidence of early success.
861,candidate-0861-kurt-westergaard,Kurt Westergaard,1935,PAINTER,Denmark,M,32,62.79,https://en.wikipedia.org/?curid=3977430,unresearched,unverified_candidate,Ranked for research discovery; HPI is not evidence of early success.
862,candidate-0862-nico-hülkenberg,Nico Hülkenberg,1987,RACING DRIVER,Germany,M,54,62.78,https://en.wikipedia.org/?curid=4161897,unresearched,unverified_candidate,Ranked for research discovery; HPI is not evidence of early success.
863,candidate-0863-pedro-rodríguez,Pedro Rodríguez,1940,RACING DRIVER,Mexico,M,25,62.78,https://en.wikipedia.org/?curid=1156744,unresearched,unverified_candidate,Ranked for research discovery; HPI is not evidence of early success.
864,candidate-0864-lászló-lovász,László Lovász,1948,MATHEMATICIAN,Hungary,M,36,62.77,https://en.wikipedia.org/?curid=1623938,unresearched,unverified_candidate,Ranked for research discovery; HPI is not evidence of early success.
865,candidate-0865-sophie-calle,Sophie Calle,1953,PHOTOGRAPHER,France,F,23,62.76,https://en.wikipedia.org/?curid=884214,unresearched,unverified_candidate,Ranked for research discovery; HPI is not evidence of early success.
866,candidate-0866-takashi-murakami,Takashi Murakami,1962,PAINTER,Japan,M,34,62.75,https://en.wikipedia.org/?curid=1139039,unresearched,unverified_candidate,Ranked for research discovery; HPI is not evidence of early success.
867,candidate-0867-francesco-moser,Francesco Moser,1951,CYCLIST,Italy,M,27,62.71,https://en.wikipedia.org/?curid=2204846,unresearched,unverified_candidate,Ranked for research discovery; HPI is not evidence of early success.
868,candidate-0868-nikolai-andrianov,Nikolai Andrianov,1952,GYMNAST,Russia,M,41,62.69,https://en.wikipedia.org/?curid=1529185,unresearched,unverified_candidate,Ranked for research discovery; HPI is not evidence of early success.
869,candidate-0869-lucien-bianchi,Lucien Bianchi,1934,RACING DRIVER,Italy,M,25,62.68,https://en.wikipedia.org/?curid=1235754,unresearched,unverified_candidate,Ranked for research discovery; HPI is not evidence of early success.
870,candidate-0870-srettha-thavisin,Srettha Thavisin,1962,BUSINESSPERSON,Thailand,M,43,62.67,https://en.wikipedia.org/?curid=73751664,unresearched,unverified_candidate,Ranked for research discovery; HPI is not evidence of early success.
871,candidate-0871-irina-press,Irina Press,1939,ATHLETE,Ukraine,F,28,62.65,https://en.wikipedia.org/?curid=2429272,unresearched,unverified_candidate,Ranked for research discovery; HPI is not evidence of early success.
872,candidate-0872-christian-boltanski,Christian Boltanski,1944,PAINTER,France,F,22,62.64,https://en.wikipedia.org/?curid=884274,unresearched,unverified_candidate,Ranked for research discovery; HPI is not evidence of early success.
873,candidate-0873-felipe-massa,Felipe Massa,1981,RACING DRIVER,Brazil,M,68,62.63,https://en.wikipedia.org/?curid=647263,unresearched,unverified_candidate,Ranked for research discovery; HPI is not evidence of early success.
874,candidate-0874-peter-lindbergh,Peter Lindbergh,1944,PHOTOGRAPHER,Poland,M,22,62.63,https://en.wikipedia.org/?curid=3020453,unresearched,unverified_candidate,Ranked for research discovery; HPI is not evidence of early success.
875,candidate-0875-lee-jae-yong,Lee Jae-yong,1969,BUSINESSPERSON,South Korea,M,22,62.63,https://en.wikipedia.org/?curid=43209272,unresearched,unverified_candidate,Ranked for research discovery; HPI is not evidence of early success.
876,candidate-0876-pyotr-bolotnikov,Pyotr Bolotnikov,1930,ATHLETE,Russia,M,36,62.62,https://en.wikipedia.org/?curid=846803,unresearched,unverified_candidate,Ranked for research discovery; HPI is not evidence of early success.
877,candidate-0877-astrid-kirchherr,Astrid Kirchherr,1938,PHOTOGRAPHER,Germany,F,28,62.62,https://en.wikipedia.org/?curid=81565,unresearched,unverified_candidate,Ranked for research discovery; HPI is not evidence of early success.
878,candidate-0878-helmut-lachenmann,Helmut Lachenmann,1935,COMPOSER,Germany,M,24,62.60,https://en.wikipedia.org/?curid=221191,unresearched,unverified_candidate,Ranked for research discovery; HPI is not evidence of early success.
879,candidate-0879-kevin-carter,Kevin Carter,1960,JOURNALIST,South Africa,M,48,62.58,https://en.wikipedia.org/?curid=867986,unresearched,unverified_candidate,Ranked for research discovery; HPI is not evidence of early success.
880,candidate-0880-elvīra-ozoliņa,Elvīra Ozoliņa,1939,ATHLETE,Russia,F,28,62.56,https://en.wikipedia.org/?curid=2614711,unresearched,unverified_candidate,Ranked for research discovery; HPI is not evidence of early success.
881,candidate-0881-aurelio-de-laurentiis,Aurelio De Laurentiis,1949,PRODUCER,Italy,M,16,62.54,https://en.wikipedia.org/?curid=5798868,unresearched,unverified_candidate,Ranked for research discovery; HPI is not evidence of early success.
882,candidate-0882-john-de-mol-jr,John de Mol Jr.,1955,PRODUCER,Netherlands,M,27,62.53,https://en.wikipedia.org/?curid=1763045,unresearched,unverified_candidate,Ranked for research discovery; HPI is not evidence of early success.
883,candidate-0883-paul-belmondo,Paul Belmondo,1963,RACING DRIVER,France,M,30,62.52,https://en.wikipedia.org/?curid=1235361,unresearched,unverified_candidate,Ranked for research discovery; HPI is not evidence of early success.
884,candidate-0884-anna-kournikova,Anna Kournikova,1981,TENNIS PLAYER,Russia,F,76,62.50,https://en.wikipedia.org/?curid=890,unresearched,unverified_candidate,Ranked for research discovery; HPI is not evidence of early success.
885,candidate-0885-jan-janssen,Jan Janssen,1940,CYCLIST,Netherlands,M,28,62.49,https://en.wikipedia.org/?curid=3341483,unresearched,unverified_candidate,Ranked for research discovery; HPI is not evidence of early success.
886,candidate-0886-rory-byrne,Rory Byrne,1944,ENGINEER,South Africa,M,22,62.49,https://en.wikipedia.org/?curid=1452737,unresearched,unverified_candidate,Ranked for research discovery; HPI is not evidence of early success.
887,candidate-0887-guenther-steiner,Guenther Steiner,1965,ENGINEER,Italy,M,21,62.49,https://en.wikipedia.org/?curid=53535279,unresearched,unverified_candidate,Ranked for research discovery; HPI is not evidence of early success.
888,candidate-0888-bruce-perens,Bruce Perens,1958,COMPUTER SCIENTIST,,M,21,62.49,https://en.wikipedia.org/?curid=3869,unresearched,unverified_candidate,Ranked for research discovery; HPI is not evidence of early success.
889,candidate-0889-charles-simonyi,Charles Simonyi,1948,BUSINESSPERSON,Hungary,M,38,62.49,https://en.wikipedia.org/?curid=731743,unresearched,unverified_candidate,Ranked for research discovery; HPI is not evidence of early success.
890,candidate-0890-claude-berri,Claude Berri,1934,PRODUCER,France,M,35,62.47,https://en.wikipedia.org/?curid=497050,unresearched,unverified_candidate,Ranked for research discovery; HPI is not evidence of early success.
891,candidate-0891-svetislav-pešić,Svetislav Pešić,1949,BASKETBALL PLAYER,Serbia,M,22,62.46,https://en.wikipedia.org/?curid=12208744,unresearched,unverified_candidate,Ranked for research discovery; HPI is not evidence of early success.
892,candidate-0892-herbert-hainer,Herbert Hainer,1954,BUSINESSPERSON,Germany,M,17,62.43,https://en.wikipedia.org/?curid=3078736,unresearched,unverified_candidate,Ranked for research discovery; HPI is not evidence of early success.
893,candidate-0893-robert-kubica,Robert Kubica,1984,RACING DRIVER,Poland,M,64,62.42,https://en.wikipedia.org/?curid=1841727,unresearched,unverified_candidate,Ranked for research discovery; HPI is not evidence of early success.
894,candidate-0894-tamara-smirnova,Tamara Smirnova,1935,ASTRONOMER,Ukraine,F,36,62.41,https://en.wikipedia.org/?curid=624569,unresearched,unverified_candidate,Ranked for research discovery; HPI is not evidence of early success.
895,candidate-0895-andreas-gursky,Andreas Gursky,1955,PHOTOGRAPHER,Germany,M,34,62.41,https://en.wikipedia.org/?curid=1637881,unresearched,unverified_candidate,Ranked for research discovery; HPI is not evidence of early success.
896,candidate-0896-jan-saudek,Jan Saudek,1935,PHOTOGRAPHER,Czechia,M,24,62.41,https://en.wikipedia.org/?curid=1352323,unresearched,unverified_candidate,Ranked for research discovery; HPI is not evidence of early success.
897,candidate-0897-roman-opałka,Roman Opałka,1931,PAINTER,France,M,21,62.40,https://en.wikipedia.org/?curid=3498575,unresearched,unverified_candidate,Ranked for research discovery; HPI is not evidence of early success.
898,candidate-0898-henri-pescarolo,Henri Pescarolo,1942,RACING DRIVER,France,M,23,62.39,https://en.wikipedia.org/?curid=1226460,unresearched,unverified_candidate,Ranked for research discovery; HPI is not evidence of early success.
899,candidate-0899-sheamus,Sheamus,1978,WRESTLER,Ireland,M,39,62.39,https://en.wikipedia.org/?curid=2953963,unresearched,unverified_candidate,Ranked for research discovery; HPI is not evidence of early success.
900,candidate-0900-goran-ivanišević,Goran Ivanišević,1971,TENNIS PLAYER,Croatia,M,49,62.37,https://en.wikipedia.org/?curid=194244,unresearched,unverified_candidate,Ranked for research discovery; HPI is not evidence of early success.
901,candidate-0901-laurent-fignon,Laurent Fignon,1960,CYCLIST,France,M,39,62.35,https://en.wikipedia.org/?curid=556345,unresearched,unverified_candidate,Ranked for research discovery; HPI is not evidence of early success.
902,candidate-0902-umberto-agnelli,Umberto Agnelli,1934,BUSINESSPERSON,Switzerland,M,19,62.33,https://en.wikipedia.org/?curid=684257,unresearched,unverified_candidate,Ranked for research discovery; HPI is not evidence of early success.
903,candidate-0903-pat-rafter,Pat Rafter,1972,TENNIS PLAYER,Australia,M,47,62.31,https://en.wikipedia.org/?curid=23297,unresearched,unverified_candidate,Ranked for research discovery; HPI is not evidence of early success.
904,candidate-0904-stan-wawrinka,Stan Wawrinka,1985,TENNIS PLAYER,Switzerland,M,65,62.30,https://en.wikipedia.org/?curid=2492789,unresearched,unverified_candidate,Ranked for research discovery; HPI is not evidence of early success.
905,candidate-0905-jos-verstappen,Jos Verstappen,1972,RACING DRIVER,Netherlands,M,36,62.30,https://en.wikipedia.org/?curid=1148735,unresearched,unverified_candidate,Ranked for research discovery; HPI is not evidence of early success.
906,candidate-0906-robert-shavlakadze,Robert Shavlakadze,1933,ATHLETE,Georgia,M,25,62.29,https://en.wikipedia.org/?curid=8113666,unresearched,unverified_candidate,Ranked for research discovery; HPI is not evidence of early success.
907,candidate-0907-anatoli-bugorski,Anatoli Bugorski,1942,PHYSICIST,Russia,M,18,62.23,https://en.wikipedia.org/?curid=7728077,unresearched,unverified_candidate,Ranked for research discovery; HPI is not evidence of early success.
908,candidate-0908-shigeru-ban,Shigeru Ban,1957,ARCHITECT,Japan,M,32,62.23,https://en.wikipedia.org/?curid=1749120,unresearched,unverified_candidate,Ranked for research discovery; HPI is not evidence of early success.
909,candidate-0909-ludovico-scarfiotti,Ludovico Scarfiotti,1933,RACING DRIVER,Italy,M,24,62.22,https://en.wikipedia.org/?curid=1235774,unresearched,unverified_candidate,Ranked for research discovery; HPI is not evidence of early success.
910,candidate-0910-eliahu-inbal,Eliahu Inbal,1936,CONDUCTOR,Israel,M,19,62.22,https://en.wikipedia.org/?curid=344953,unresearched,unverified_candidate,Ranked for research discovery; HPI is not evidence of early success.
911,candidate-0911-klaus-wolfermann,Klaus Wolfermann,1946,ATHLETE,Germany,M,28,62.21,https://en.wikipedia.org/?curid=6533852,unresearched,unverified_candidate,Ranked for research discovery; HPI is not evidence of early success.
912,candidate-0912-carlos-sainz-jr,Carlos Sainz Jr.,1994,RACING DRIVER,Spain,M,54,62.18,https://en.wikipedia.org/?curid=25537408,unresearched,unverified_candidate,Ranked for research discovery; HPI is not evidence of early success.
913,candidate-0913-walter-godefroot,Walter Godefroot,1943,CYCLIST,Belgium,M,22,62.16,https://en.wikipedia.org/?curid=5929080,unresearched,unverified_candidate,Ranked for research discovery; HPI is not evidence of early success.
914,candidate-0914-mihaela-peneș,Mihaela Peneș,1947,ATHLETE,Romania,F,26,62.07,https://en.wikipedia.org/?curid=6809110,unresearched,unverified_candidate,Ranked for research discovery; HPI is not evidence of early success.
915,candidate-0915-hermann-tilke,Hermann Tilke,1954,ARCHITECT,Germany,M,31,62.05,https://en.wikipedia.org/?curid=560012,unresearched,unverified_candidate,Ranked for research discovery; HPI is not evidence of early success.
916,candidate-0916-daniel-revenu,Daniel Revenu,1942,FENCER,France,M,24,62.04,https://en.wikipedia.org/?curid=18061879,unresearched,unverified_candidate,Ranked for research discovery; HPI is not evidence of early success.
917,candidate-0917-sébastien-loeb,Sébastien Loeb,1974,RACING DRIVER,France,M,47,62.01,https://en.wikipedia.org/?curid=944612,unresearched,unverified_candidate,Ranked for research discovery; HPI is not evidence of early success.
918,candidate-0918-stefan-johansson,Stefan Johansson,1956,RACING DRIVER,Sweden,M,26,61.99,https://en.wikipedia.org/?curid=1226329,unresearched,unverified_candidate,Ranked for research discovery; HPI is not evidence of early success.
919,candidate-0919-daidō-moriyama,Daidō Moriyama,1938,PHOTOGRAPHER,Japan,M,18,61.99,https://en.wikipedia.org/?curid=464902,unresearched,unverified_candidate,Ranked for research discovery; HPI is not evidence of early success.
920,candidate-0920-martina-hingis,Martina Hingis,1980,TENNIS PLAYER,Slovakia,F,77,61.99,https://en.wikipedia.org/?curid=19047,unresearched,unverified_candidate,Ranked for research discovery; HPI is not evidence of early success.
921,candidate-0921-veljo-tormis,Veljo Tormis,1930,COMPOSER,Estonia,M,24,61.96,https://en.wikipedia.org/?curid=5073646,unresearched,unverified_candidate,Ranked for research discovery; HPI is not evidence of early success.
922,candidate-0922-satoru-nakajima,Satoru Nakajima,1953,RACING DRIVER,Japan,M,29,61.95,https://en.wikipedia.org/?curid=1226566,unresearched,unverified_candidate,Ranked for research discovery; HPI is not evidence of early success.
923,candidate-0923-reine-wisell,Reine Wisell,1941,RACING DRIVER,Sweden,M,27,61.94,https://en.wikipedia.org/?curid=1235871,unresearched,unverified_candidate,Ranked for research discovery; HPI is not evidence of early success.
924,candidate-0924-anatoliy-bondarchuk,Anatoliy Bondarchuk,1940,ATHLETE,Ukraine,M,23,61.94,https://en.wikipedia.org/?curid=7262783,unresearched,unverified_candidate,Ranked for research discovery; HPI is not evidence of early success.
925,candidate-0925-jan-železný,Jan Železný,1966,ATHLETE,Czechia,M,50,61.92,https://en.wikipedia.org/?curid=308894,unresearched,unverified_candidate,Ranked for research discovery; HPI is not evidence of early success.
926,candidate-0926-gunnar-nilsson,Gunnar Nilsson,1948,RACING DRIVER,Sweden,M,25,61.88,https://en.wikipedia.org/?curid=1213859,unresearched,unverified_candidate,Ranked for research discovery; HPI is not evidence of early success.
927,candidate-0927-thomas-muster,Thomas Muster,1967,TENNIS PLAYER,Austria,M,44,61.88,https://en.wikipedia.org/?curid=166170,unresearched,unverified_candidate,Ranked for research discovery; HPI is not evidence of early success.
928,candidate-0928-guy-ligier,Guy Ligier,1930,RACING DRIVER,France,M,21,61.84,https://en.wikipedia.org/?curid=1228580,unresearched,unverified_candidate,Ranked for research discovery; HPI is not evidence of early success.
929,candidate-0929-boris-shakhlin,Boris Shakhlin,1932,GYMNAST,Russia,M,30,61.84,https://en.wikipedia.org/?curid=3021184,unresearched,unverified_candidate,Ranked for research discovery; HPI is not evidence of early success.
930,candidate-0930-maryam-mirzakhani,Maryam Mirzakhani,1977,MATHEMATICIAN,Iran,F,85,61.82,https://en.wikipedia.org/?curid=6409655,unresearched,unverified_candidate,Ranked for research discovery; HPI is not evidence of early success.
931,candidate-0931-ferenc-krausz,Ferenc Krausz,1962,PHYSICIST,Hungary,M,45,61.82,https://en.wikipedia.org/?curid=4376617,unresearched,unverified_candidate,Ranked for research discovery; HPI is not evidence of early success.
932,candidate-0932-rudi-altig,Rudi Altig,1937,CYCLIST,Germany,M,23,61.82,https://en.wikipedia.org/?curid=1102874,unresearched,unverified_candidate,Ranked for research discovery; HPI is not evidence of early success.
933,candidate-0933-mohammed-gammoudi,Mohammed Gammoudi,1938,ATHLETE,Tunisia,M,28,61.80,https://en.wikipedia.org/?curid=842030,unresearched,unverified_candidate,Ranked for research discovery; HPI is not evidence of early success.
934,candidate-0934-heinz-holliger,Heinz Holliger,1939,COMPOSER,Switzerland,M,22,61.79,https://en.wikipedia.org/?curid=1239505,unresearched,unverified_candidate,Ranked for research discovery; HPI is not evidence of early success.
935,candidate-0935-giancarlo-fisichella,Giancarlo Fisichella,1973,RACING DRIVER,Italy,M,51,61.78,https://en.wikipedia.org/?curid=636954,unresearched,unverified_candidate,Ranked for research discovery; HPI is not evidence of early success.
936,candidate-0936-mika-salo,Mika Salo,1966,RACING DRIVER,Finland,M,38,61.77,https://en.wikipedia.org/?curid=1157079,unresearched,unverified_candidate,Ranked for research discovery; HPI is not evidence of early success.
937,candidate-0937-gisele-bündchen,Gisele Bündchen,1980,MODEL,Brazil,F,76,61.77,https://en.wikipedia.org/?curid=926934,unresearched,unverified_candidate,Ranked for research discovery; HPI is not evidence of early success.
938,candidate-0938-tom-okker,Tom Okker,1944,TENNIS PLAYER,Netherlands,M,25,61.76,https://en.wikipedia.org/?curid=870023,unresearched,unverified_candidate,Ranked for research discovery; HPI is not evidence of early success.
939,candidate-0939-yuri-manin,Yuri Manin,1937,MATHEMATICIAN,,M,23,61.73,https://en.wikipedia.org/?curid=1692086,unresearched,unverified_candidate,Ranked for research discovery; HPI is not evidence of early success.
940,candidate-0940-ove-andersson,Ove Andersson,1938,RACING DRIVER,Sweden,M,24,61.72,https://en.wikipedia.org/?curid=6622502,unresearched,unverified_candidate,Ranked for research discovery; HPI is not evidence of early success.
941,candidate-0941-joaquín-navarro-valls,Joaquín Navarro-Valls,1936,JOURNALIST,Spain,M,19,61.68,https://en.wikipedia.org/?curid=2477232,unresearched,unverified_candidate,Ranked for research discovery; HPI is not evidence of early success.
942,candidate-0942-renzo-zorzi,Renzo Zorzi,1946,RACING DRIVER,Italy,M,21,61.65,https://en.wikipedia.org/?curid=1016405,unresearched,unverified_candidate,Ranked for research discovery; HPI is not evidence of early success.
943,candidate-0943-vladimír-dzurilla,Vladimír Dzurilla,1942,ATHLETE,Slovakia,M,20,61.64,https://en.wikipedia.org/?curid=7795157,unresearched,unverified_candidate,Ranked for research discovery; HPI is not evidence of early success.
944,candidate-0944-conchita-martínez,Conchita Martínez,1972,TENNIS PLAYER,Spain,F,45,61.64,https://en.wikipedia.org/?curid=784152,unresearched,unverified_candidate,Ranked for research discovery; HPI is not evidence of early success.
945,candidate-0945-eliyahu-m-goldratt,Eliyahu M. Goldratt,1947,ENGINEER,Israel,M,22,61.63,https://en.wikipedia.org/?curid=203455,unresearched,unverified_candidate,Ranked for research discovery; HPI is not evidence of early success.
946,candidate-0946-myroslav-skoryk,Myroslav Skoryk,1938,COMPOSER,Ukraine,M,28,61.62,https://en.wikipedia.org/?curid=3143897,unresearched,unverified_candidate,Ranked for research discovery; HPI is not evidence of early success.
947,candidate-0947-heisuke-hironaka,Heisuke Hironaka,1931,MATHEMATICIAN,Japan,M,30,61.59,https://en.wikipedia.org/?curid=13822,unresearched,unverified_candidate,Ranked for research discovery; HPI is not evidence of early success.
948,candidate-0948-kipchoge-keino,Kipchoge Keino,1940,ATHLETE,Kenya,M,41,61.58,https://en.wikipedia.org/?curid=17190,unresearched,unverified_candidate,Ranked for research discovery; HPI is not evidence of early success.
949,candidate-0949-ricardo-rodríguez,Ricardo Rodríguez,1942,RACING DRIVER,Mexico,M,23,61.58,https://en.wikipedia.org/?curid=1235940,unresearched,unverified_candidate,Ranked for research discovery; HPI is not evidence of early success.
950,candidate-0950-daniel-buren,Daniel Buren,1938,SCULPTOR,France,M,18,61.55,https://en.wikipedia.org/?curid=1148679,unresearched,unverified_candidate,Ranked for research discovery; HPI is not evidence of early success.
951,candidate-0951-maurizio-cattelan,Maurizio Cattelan,1960,SCULPTOR,Italy,M,25,61.54,https://en.wikipedia.org/?curid=1053641,unresearched,unverified_candidate,Ranked for research discovery; HPI is not evidence of early success.
952,candidate-0952-isao-inokuma,Isao Inokuma,1938,WRESTLER,Japan,M,19,61.49,https://en.wikipedia.org/?curid=15475019,unresearched,unverified_candidate,Ranked for research discovery; HPI is not evidence of early success.
953,candidate-0953-marat-safin,Marat Safin,1980,TENNIS PLAYER,Russia,M,63,61.49,https://en.wikipedia.org/?curid=383481,unresearched,unverified_candidate,Ranked for research discovery; HPI is not evidence of early success.
954,candidate-0954-nadezhda-olizarenko,Nadezhda Olizarenko,1953,ATHLETE,Russia,F,29,61.48,https://en.wikipedia.org/?curid=6809201,unresearched,unverified_candidate,Ranked for research discovery; HPI is not evidence of early success.
955,candidate-0955-thierry-sabine,Thierry Sabine,1949,RACING DRIVER,France,M,20,61.47,https://en.wikipedia.org/?curid=3564844,unresearched,unverified_candidate,Ranked for research discovery; HPI is not evidence of early success.
956,candidate-0956-toshi-ichiyanagi,Toshi Ichiyanagi,1933,COMPOSER,Japan,M,17,61.46,https://en.wikipedia.org/?curid=1872612,unresearched,unverified_candidate,Ranked for research discovery; HPI is not evidence of early success.
957,candidate-0957-james-gosling,James Gosling,1955,COMPUTER SCIENTIST,Canada,M,55,61.46,https://en.wikipedia.org/?curid=51792,unresearched,unverified_candidate,Ranked for research discovery; HPI is not evidence of early success.
958,candidate-0958-zbigniew-preisner,Zbigniew Preisner,1955,COMPOSER,Poland,M,32,61.46,https://en.wikipedia.org/?curid=155277,unresearched,unverified_candidate,Ranked for research discovery; HPI is not evidence of early success.
959,candidate-0959-amir-pnueli,Amir Pnueli,1941,COMPUTER SCIENTIST,Israel,M,30,61.45,https://en.wikipedia.org/?curid=308365,unresearched,unverified_candidate,Ranked for research discovery; HPI is not evidence of early success.
960,candidate-0960-jörg-immendorff,Jörg Immendorff,1945,PAINTER,Germany,M,33,61.45,https://en.wikipedia.org/?curid=494890,unresearched,unverified_candidate,Ranked for research discovery; HPI is not evidence of early success.
961,candidate-0961-luboš-kohoutek,Luboš Kohoutek,1935,ASTRONOMER,Czechia,M,32,61.44,https://en.wikipedia.org/?curid=591690,unresearched,unverified_candidate,Ranked for research discovery; HPI is not evidence of early success.
962,candidate-0962-jarno-trulli,Jarno Trulli,1974,RACING DRIVER,Italy,M,50,61.43,https://en.wikipedia.org/?curid=647260,unresearched,unverified_candidate,Ranked for research discovery; HPI is not evidence of early success.
963,candidate-0963-bogdan-tanjević,Bogdan Tanjević,1947,BASKETBALL PLAYER,Montenegro,M,17,61.43,https://en.wikipedia.org/?curid=12500972,unresearched,unverified_candidate,Ranked for research discovery; HPI is not evidence of early success.
964,candidate-0964-yuan-longping,Yuan Longping,1930,INVENTOR,China,M,29,61.42,https://en.wikipedia.org/?curid=1178453,unresearched,unverified_candidate,Ranked for research discovery; HPI is not evidence of early success.
965,candidate-0965-vera-krepkina,Vera Krepkina,1933,ATHLETE,Russia,F,26,61.41,https://en.wikipedia.org/?curid=6803120,unresearched,unverified_candidate,Ranked for research discovery; HPI is not evidence of early success.
966,candidate-0966-manny-pacquiao,Manny Pacquiao,1978,BOXER,Philippines,M,66,61.40,https://en.wikipedia.org/?curid=916099,unresearched,unverified_candidate,Ranked for research discovery; HPI is not evidence of early success.
967,candidate-0967-goro-shimura,Goro Shimura,1930,MATHEMATICIAN,Japan,M,28,61.40,https://en.wikipedia.org/?curid=174724,unresearched,unverified_candidate,Ranked for research discovery; HPI is not evidence of early success.
968,candidate-0968-elle-macpherson,Elle Macpherson,1964,MODEL,Australia,F,44,61.40,https://en.wikipedia.org/?curid=276408,unresearched,unverified_candidate,Ranked for research discovery; HPI is not evidence of early success.
969,candidate-0969-helena-christensen,Helena Christensen,1968,MODEL,Denmark,F,32,61.36,https://en.wikipedia.org/?curid=1536256,unresearched,unverified_candidate,Ranked for research discovery; HPI is not evidence of early success.
970,candidate-0970-yves-meyer,Yves Meyer,1939,MATHEMATICIAN,France,M,28,61.35,https://en.wikipedia.org/?curid=2096465,unresearched,unverified_candidate,Ranked for research discovery; HPI is not evidence of early success.
971,candidate-0971-zdeňka-vávrová,Zdeňka Vávrová,1945,ASTRONOMER,Czech Republic,F,29,61.35,https://en.wikipedia.org/?curid=624269,unresearched,unverified_candidate,Ranked for research discovery; HPI is not evidence of early success.
972,candidate-0972-gerd-faltings,Gerd Faltings,1954,MATHEMATICIAN,Germany,M,34,61.33,https://en.wikipedia.org/?curid=862226,unresearched,unverified_candidate,Ranked for research discovery; HPI is not evidence of early success.
973,candidate-0973-lia-manoliu,Lia Manoliu,1932,ATHLETE,Moldova,F,30,61.32,https://en.wikipedia.org/?curid=4828786,unresearched,unverified_candidate,Ranked for research discovery; HPI is not evidence of early success.
974,candidate-0974-irina-shayk,Irina Shayk,1986,MODEL,Russia,F,51,61.32,https://en.wikipedia.org/?curid=9541775,unresearched,unverified_candidate,Ranked for research discovery; HPI is not evidence of early success.
975,candidate-0975-rashid-sunyaev,Rashid Sunyaev,1943,PHYSICIST,Uzbekistan,M,28,61.32,https://en.wikipedia.org/?curid=473634,unresearched,unverified_candidate,Ranked for research discovery; HPI is not evidence of early success.
976,candidate-0976-gabriele-veneziano,Gabriele Veneziano,1942,PHYSICIST,Italy,M,25,61.31,https://en.wikipedia.org/?curid=2864678,unresearched,unverified_candidate,Ranked for research discovery; HPI is not evidence of early success.
977,candidate-0977-yann-lecun,Yann LeCun,1960,COMPUTER SCIENTIST,France,M,36,61.31,https://en.wikipedia.org/?curid=23534873,unresearched,unverified_candidate,Ranked for research discovery; HPI is not evidence of early success.
978,candidate-0978-saïd-aouita,Saïd Aouita,1959,ATHLETE,Morocco,M,35,61.30,https://en.wikipedia.org/?curid=842186,unresearched,unverified_candidate,Ranked for research discovery; HPI is not evidence of early success.
979,candidate-0979-antonio-lópez-garcía,Antonio López García,1936,PAINTER,Spain,M,21,61.30,https://en.wikipedia.org/?curid=2963870,unresearched,unverified_candidate,Ranked for research discovery; HPI is not evidence of early success.
980,candidate-0980-trevor-berbick,Trevor Berbick,1954,BOXER,Jamaica,M,27,61.30,https://en.wikipedia.org/?curid=437554,unresearched,unverified_candidate,Ranked for research discovery; HPI is not evidence of early success.
981,candidate-0981-freddy-maertens,Freddy Maertens,1952,CYCLIST,Belgium,M,25,61.28,https://en.wikipedia.org/?curid=2020123,unresearched,unverified_candidate,Ranked for research discovery; HPI is not evidence of early success.
982,candidate-0982-ecaterina-oancia,Ecaterina Oancia,1954,ATHLETE,Romania,F,21,61.28,https://en.wikipedia.org/?curid=30678762,unresearched,unverified_candidate,Ranked for research discovery; HPI is not evidence of early success.
983,candidate-0983-roger-pingeon,Roger Pingeon,1940,CYCLIST,France,M,29,61.27,https://en.wikipedia.org/?curid=3603119,unresearched,unverified_candidate,Ranked for research discovery; HPI is not evidence of early success.
984,candidate-0984-dani-karavan,Dani Karavan,1930,SCULPTOR,Israel,M,18,61.27,https://en.wikipedia.org/?curid=4491226,unresearched,unverified_candidate,Ranked for research discovery; HPI is not evidence of early success.
985,candidate-0985-stefan-bellof,Stefan Bellof,1957,RACING DRIVER,Germany,M,24,61.23,https://en.wikipedia.org/?curid=1235947,unresearched,unverified_candidate,Ranked for research discovery; HPI is not evidence of early success.
986,candidate-0986-juan-pablo-montoya,Juan Pablo Montoya,1975,RACING DRIVER,Colombia,M,49,61.22,https://en.wikipedia.org/?curid=164992,unresearched,unverified_candidate,Ranked for research discovery; HPI is not evidence of early success.
987,candidate-0987-christian-cage,Christian Cage,1973,WRESTLER,Canada,M,35,61.21,https://en.wikipedia.org/?curid=438904,unresearched,unverified_candidate,Ranked for research discovery; HPI is not evidence of early success.
988,candidate-0988-jannik-sinner,Jannik Sinner,2001,TENNIS PLAYER,Italy,M,54,61.21,https://en.wikipedia.org/?curid=60061043,unresearched,unverified_candidate,Ranked for research discovery; HPI is not evidence of early success.
989,candidate-0989-brian-kernighan,Brian Kernighan,1942,COMPUTER SCIENTIST,Canada,M,40,61.20,https://en.wikipedia.org/?curid=4051,unresearched,unverified_candidate,Ranked for research discovery; HPI is not evidence of early success.
990,candidate-0990-karin-balzer,Karin Balzer,1938,ATHLETE,Germany,F,26,61.20,https://en.wikipedia.org/?curid=667599,unresearched,unverified_candidate,Ranked for research discovery; HPI is not evidence of early success.
991,candidate-0991-kazuyo-sejima,Kazuyo Sejima,1956,ARCHITECT,Japan,F,35,61.16,https://en.wikipedia.org/?curid=3774480,unresearched,unverified_candidate,Ranked for research discovery; HPI is not evidence of early success.
992,candidate-0992-annelie-ehrhardt,Annelie Ehrhardt,1950,ATHLETE,Germany,F,28,61.15,https://en.wikipedia.org/?curid=6826884,unresearched,unverified_candidate,Ranked for research discovery; HPI is not evidence of early success.
993,candidate-0993-sherif-ismail,Sherif Ismail,1955,ENGINEER,Egypt,M,42,61.15,https://en.wikipedia.org/?curid=40020719,unresearched,unverified_candidate,Ranked for research discovery; HPI is not evidence of early success.
994,candidate-0994-aleksander-wolszczan,Aleksander Wolszczan,1946,ASTRONOMER,Poland,M,32,61.11,https://en.wikipedia.org/?curid=400370,unresearched,unverified_candidate,Ranked for research discovery; HPI is not evidence of early success.
995,candidate-0995-alberto-iglesias,Alberto Iglesias,1955,COMPOSER,Spain,M,26,61.11,https://en.wikipedia.org/?curid=8680738,unresearched,unverified_candidate,Ranked for research discovery; HPI is not evidence of early success.
996,candidate-0996-eiko-ishioka,Eiko Ishioka,1938,DESIGNER,Japan,F,21,61.10,https://en.wikipedia.org/?curid=5725575,unresearched,unverified_candidate,Ranked for research discovery; HPI is not evidence of early success.
997,candidate-0997-nana-alexandria,Nana Alexandria,1949,CHESS PLAYER,Georgia,F,32,61.09,https://en.wikipedia.org/?curid=12878925,unresearched,unverified_candidate,Ranked for research discovery; HPI is not evidence of early success.
998,candidate-0998-adriano-panatta,Adriano Panatta,1950,TENNIS PLAYER,Italy,M,29,61.08,https://en.wikipedia.org/?curid=2115800,unresearched,unverified_candidate,Ranked for research discovery; HPI is not evidence of early success.
999,candidate-0999-nico-rosberg,Nico Rosberg,1985,RACING DRIVER,Germany,M,66,61.05,https://en.wikipedia.org/?curid=1628331,unresearched,unverified_candidate,Ranked for research discovery; HPI is not evidence of early success.
1000,candidate-1000-giancarlo-baghetti,Giancarlo Baghetti,1934,RACING DRIVER,Italy,M,25,61.05,https://en.wikipedia.org/?curid=1228416,unresearched,unverified_candidate,Ranked for research discovery; HPI is not evidence of early success.
1001,candidate-1001-yuri-temirkanov,Yuri Temirkanov,1938,CONDUCTOR,Russia,M,24,61.05,https://en.wikipedia.org/?curid=360102,unresearched,unverified_candidate,Ranked for research discovery; HPI is not evidence of early success.
1002,candidate-1002-josé-antonio-abreu,José Antonio Abreu,1939,CONDUCTOR,Venezuela,M,25,61.05,https://en.wikipedia.org/?curid=5148058,unresearched,unverified_candidate,Ranked for research discovery; HPI is not evidence of early success.
1003,candidate-1003-lev-polugaevsky,Lev Polugaevsky,1934,CHESS PLAYER,Belarus,M,26,61.04,https://en.wikipedia.org/?curid=2396159,unresearched,unverified_candidate,Ranked for research discovery; HPI is not evidence of early success.
1004,candidate-1004-michael-o-rabin,Michael O. Rabin,1931,MATHEMATICIAN,Poland,M,31,61.03,https://en.wikipedia.org/?curid=298404,unresearched,unverified_candidate,Ranked for research discovery; HPI is not evidence of early success.
1005,candidate-1005-dominik-hašek,Dominik Hašek,1965,ATHLETE,Czechia,M,35,61.02,https://en.wikipedia.org/?curid=423676,unresearched,unverified_candidate,Ranked for research discovery; HPI is not evidence of early success.
1006,candidate-1006-conny-andersson,Conny Andersson,1939,RACING DRIVER,Sweden,M,24,61.02,https://en.wikipedia.org/?curid=1048948,unresearched,unverified_candidate,Ranked for research discovery; HPI is not evidence of early success.
1007,candidate-1007-juan-carlos-ferrero,Juan Carlos Ferrero,1980,TENNIS PLAYER,Spain,M,52,61.01,https://en.wikipedia.org/?curid=382889,unresearched,unverified_candidate,Ranked for research discovery; HPI is not evidence of early success.
1008,candidate-1008-michelle-hunziker,Michelle Hunziker,1977,MODEL,Switzerland,F,31,61.01,https://en.wikipedia.org/?curid=303050,unresearched,unverified_candidate,Ranked for research discovery; HPI is not evidence of early success.
1009,candidate-1009-carlo-rovelli,Carlo Rovelli,1956,PHYSICIST,Italy,M,25,61.00,https://en.wikipedia.org/?curid=474202,unresearched,unverified_candidate,Ranked for research discovery; HPI is not evidence of early success.
1010,candidate-1010-george-maciunas,George Maciunas,1931,PAINTER,Lithuania,M,18,60.99,https://en.wikipedia.org/?curid=932126,unresearched,unverified_candidate,Ranked for research discovery; HPI is not evidence of early success.
1011,candidate-1011-robert-langlands,Robert Langlands,1936,MATHEMATICIAN,Canada,M,33,60.96,https://en.wikipedia.org/?curid=25986,unresearched,unverified_candidate,Ranked for research discovery; HPI is not evidence of early success.
1012,candidate-1012-gabriel-yared,Gabriel Yared,1949,COMPOSER,Lebanon,M,22,60.96,https://en.wikipedia.org/?curid=146009,unresearched,unverified_candidate,Ranked for research discovery; HPI is not evidence of early success.
1013,candidate-1013-gastone-nencini,Gastone Nencini,1930,CYCLIST,Italy,M,23,60.96,https://en.wikipedia.org/?curid=3612882,unresearched,unverified_candidate,Ranked for research discovery; HPI is not evidence of early success.
1014,candidate-1014-ernst-fuchs,Ernst Fuchs,1930,PAINTER,Austria,M,23,60.94,https://en.wikipedia.org/?curid=602952,unresearched,unverified_candidate,Ranked for research discovery; HPI is not evidence of early success.
1015,candidate-1015-nellie-kim,Nellie Kim,1957,GYMNAST,Tajikistan,F,42,60.94,https://en.wikipedia.org/?curid=1484002,unresearched,unverified_candidate,Ranked for research discovery; HPI is not evidence of early success.
1016,candidate-1016-aribert-reimann,Aribert Reimann,1936,COMPOSER,Germany,M,20,60.91,https://en.wikipedia.org/?curid=3547359,unresearched,unverified_candidate,Ranked for research discovery; HPI is not evidence of early success.
1017,candidate-1017-olga-szabó-orbán,Olga Szabó-Orbán,1938,FENCER,Romania,F,21,60.91,https://en.wikipedia.org/?curid=29263510,unresearched,unverified_candidate,Ranked for research discovery; HPI is not evidence of early success.
1018,candidate-1018-andrei-linde,Andrei Linde,1948,PHYSICIST,Russia,M,28,60.91,https://en.wikipedia.org/?curid=790014,unresearched,unverified_candidate,Ranked for research discovery; HPI is not evidence of early success.
1019,candidate-1019-dragutin-šurbek,Dragutin Šurbek,1946,ATHLETE,Croatia,M,22,60.90,https://en.wikipedia.org/?curid=436871,unresearched,unverified_candidate,Ranked for research discovery; HPI is not evidence of early success.
1020,candidate-1020-miklós-németh,Miklós Németh,1946,ATHLETE,Hungary,M,27,60.90,https://en.wikipedia.org/?curid=1203584,unresearched,unverified_candidate,Ranked for research discovery; HPI is not evidence of early success.
1021,candidate-1021-stefka-kostadinova,Stefka Kostadinova,1965,ATHLETE,Bulgaria,F,50,60.90,https://en.wikipedia.org/?curid=826515,unresearched,unverified_candidate,Ranked for research discovery; HPI is not evidence of early success.
1022,candidate-1022-pietro-mennea,Pietro Mennea,1952,ATHLETE,Italy,M,41,60.90,https://en.wikipedia.org/?curid=675018,unresearched,unverified_candidate,Ranked for research discovery; HPI is not evidence of early success.
1023,candidate-1023-robert-c-martin,Robert C. Martin,1952,COMPUTER SCIENTIST,,M,17,60.88,https://en.wikipedia.org/?curid=45519268,unresearched,unverified_candidate,Ranked for research discovery; HPI is not evidence of early success.
1024,candidate-1024-ferdinand-alexander-porsche,Ferdinand Alexander Porsche,1935,ENGINEER,Germany,M,20,60.87,https://en.wikipedia.org/?curid=4254029,unresearched,unverified_candidate,Ranked for research discovery; HPI is not evidence of early success.
1025,candidate-1025-bret-hart,Bret Hart,1957,WRESTLER,Canada,M,42,60.87,https://en.wikipedia.org/?curid=303089,unresearched,unverified_candidate,Ranked for research discovery; HPI is not evidence of early success.
1026,candidate-1026-on-kawara,On Kawara,1932,PAINTER,Japan,M,17,60.87,https://en.wikipedia.org/?curid=494275,unresearched,unverified_candidate,Ranked for research discovery; HPI is not evidence of early success.
1027,candidate-1027-olivier-panis,Olivier Panis,1966,RACING DRIVER,France,M,39,60.86,https://en.wikipedia.org/?curid=414513,unresearched,unverified_candidate,Ranked for research discovery; HPI is not evidence of early success.
1028,candidate-1028-yaakov-ziv,Yaakov Ziv,1931,ENGINEER,Israel,M,19,60.86,https://en.wikipedia.org/?curid=2147217,unresearched,unverified_candidate,Ranked for research discovery; HPI is not evidence of early success.
1029,candidate-1029-letizia-battaglia,Letizia Battaglia,1935,JOURNALIST,Italy,F,17,60.85,https://en.wikipedia.org/?curid=13405282,unresearched,unverified_candidate,Ranked for research discovery; HPI is not evidence of early success.
1030,candidate-1030-gustavo-kuerten,Gustavo Kuerten,1976,TENNIS PLAYER,Brazil,M,45,60.85,https://en.wikipedia.org/?curid=483149,unresearched,unverified_candidate,Ranked for research discovery; HPI is not evidence of early success.
1031,candidate-1031-rebecca-horn,Rebecca Horn,1944,SCULPTOR,Germany,F,22,60.85,https://en.wikipedia.org/?curid=1931224,unresearched,unverified_candidate,Ranked for research discovery; HPI is not evidence of early success.
1032,candidate-1032-gabriela-andersen-schiess,Gabriela Andersen-Schiess,1945,ATHLETE,Switzerland,F,17,60.84,https://en.wikipedia.org/?curid=5873525,unresearched,unverified_candidate,Ranked for research discovery; HPI is not evidence of early success.
1033,candidate-1033-sue-gardner,Sue Gardner,1967,JOURNALIST,Barbados,F,49,60.84,https://en.wikipedia.org/?curid=26576829,unresearched,unverified_candidate,Ranked for research discovery; HPI is not evidence of early success.
1034,candidate-1034-rauno-aaltonen,Rauno Aaltonen,1938,RACING DRIVER,Finland,M,20,60.81,https://en.wikipedia.org/?curid=7028188,unresearched,unverified_candidate,Ranked for research discovery; HPI is not evidence of early success.
1035,candidate-1035-essam-sharaf,Essam Sharaf,1952,ENGINEER,Egypt,M,36,60.81,https://en.wikipedia.org/?curid=31066097,unresearched,unverified_candidate,Ranked for research discovery; HPI is not evidence of early success.
1036,candidate-1036-naim-süleymanoğlu,Naim Süleymanoğlu,1967,ATHLETE,Bulgaria,M,37,60.81,https://en.wikipedia.org/?curid=551659,unresearched,unverified_candidate,Ranked for research discovery; HPI is not evidence of early success.
1037,candidate-1037-norair-nurikyan,Norair Nurikyan,1948,ATHLETE,Bulgaria,M,17,60.80,https://en.wikipedia.org/?curid=6074184,unresearched,unverified_candidate,Ranked for research discovery; HPI is not evidence of early success.
1038,candidate-1038-per-kirkeby,Per Kirkeby,1938,PAINTER,Denmark,M,19,60.78,https://en.wikipedia.org/?curid=2561320,unresearched,unverified_candidate,Ranked for research discovery; HPI is not evidence of early success.
1039,candidate-1039-imre-földi,Imre Földi,1938,ATHLETE,Hungary,M,24,60.77,https://en.wikipedia.org/?curid=15866277,unresearched,unverified_candidate,Ranked for research discovery; HPI is not evidence of early success.
1040,candidate-1040-tom-wesselmann,Tom Wesselmann,1931,PAINTER,,M,17,60.76,https://en.wikipedia.org/?curid=1310791,unresearched,unverified_candidate,Ranked for research discovery; HPI is not evidence of early success.
1041,candidate-1041-ercole-baldini,Ercole Baldini,1933,CYCLIST,Italy,M,25,60.75,https://en.wikipedia.org/?curid=3684646,unresearched,unverified_candidate,Ranked for research discovery; HPI is not evidence of early success.
1042,candidate-1042-sandro-munari,Sandro Munari,1940,RACING DRIVER,Italy,M,22,60.74,https://en.wikipedia.org/?curid=2399980,unresearched,unverified_candidate,Ranked for research discovery; HPI is not evidence of early success.
1043,candidate-1043-ewa-kłobukowska,Ewa Kłobukowska,1946,ATHLETE,Poland,F,30,60.71,https://en.wikipedia.org/?curid=4371825,unresearched,unverified_candidate,Ranked for research discovery; HPI is not evidence of early success.
1044,candidate-1044-buvaisar-saitiev,Buvaisar Saitiev,1975,WRESTLER,Russia,M,38,60.70,https://en.wikipedia.org/?curid=6672837,unresearched,unverified_candidate,Ranked for research discovery; HPI is not evidence of early success.
1045,candidate-1045-berit-mørdre,Berit Mørdre,1940,ATHLETE,Norway,F,19,60.69,https://en.wikipedia.org/?curid=5709338,unresearched,unverified_candidate,Ranked for research discovery; HPI is not evidence of early success.
1046,candidate-1046-richard-martin-west,Richard Martin West,1941,ASTRONOMER,Denmark,M,23,60.69,https://en.wikipedia.org/?curid=592193,unresearched,unverified_candidate,Ranked for research discovery; HPI is not evidence of early success.
1047,candidate-1047-gaston-roelants,Gaston Roelants,1937,ATHLETE,Belgium,M,23,60.66,https://en.wikipedia.org/?curid=656294,unresearched,unverified_candidate,Ranked for research discovery; HPI is not evidence of early success.
1048,candidate-1048-levon-aronian,Levon Aronian,1982,CHESS PLAYER,Armenia,M,50,60.66,https://en.wikipedia.org/?curid=2161769,unresearched,unverified_candidate,Ranked for research discovery; HPI is not evidence of early success.
1049,candidate-1049-w-d-hamilton,W. D. Hamilton,1936,BIOLOGIST,Egypt,M,28,60.65,https://en.wikipedia.org/?curid=151959,unresearched,unverified_candidate,Ranked for research discovery; HPI is not evidence of early success.
1050,candidate-1050-jeff-wall,Jeff Wall,1946,PAINTER,Canada,M,24,60.65,https://en.wikipedia.org/?curid=679767,unresearched,unverified_candidate,Ranked for research discovery; HPI is not evidence of early success.
1051,candidate-1051-johnny-cecotto,Johnny Cecotto,1956,RACING DRIVER,Venezuela,M,23,60.64,https://en.wikipedia.org/?curid=1235917,unresearched,unverified_candidate,Ranked for research discovery; HPI is not evidence of early success.
1052,candidate-1052-guido-messina,Guido Messina,1931,CYCLIST,,M,22,60.64,https://en.wikipedia.org/?curid=11429902,unresearched,unverified_candidate,Ranked for research discovery; HPI is not evidence of early success.
1053,candidate-1053-oscar-bonavena,Oscar Bonavena,1942,BOXER,Argentina,M,15,60.63,https://en.wikipedia.org/?curid=750552,unresearched,unverified_candidate,Ranked for research discovery; HPI is not evidence of early success.
1054,candidate-1054-manfred-winkelhock,Manfred Winkelhock,1951,RACING DRIVER,Germany,M,24,60.63,https://en.wikipedia.org/?curid=49960,unresearched,unverified_candidate,Ranked for research discovery; HPI is not evidence of early success.
1055,candidate-1055-jiří-kylián,Jiří Kylián,1947,DANCER,Czechia,M,18,60.63,https://en.wikipedia.org/?curid=25659745,unresearched,unverified_candidate,Ranked for research discovery; HPI is not evidence of early success.
1056,candidate-1056-klas-lestander,Klas Lestander,1931,ATHLETE,Sweden,M,25,60.62,https://en.wikipedia.org/?curid=16159371,unresearched,unverified_candidate,Ranked for research discovery; HPI is not evidence of early success.
1057,candidate-1057-helmut-jahn,Helmut Jahn,1940,ARCHITECT,Germany,M,27,60.59,https://en.wikipedia.org/?curid=444118,unresearched,unverified_candidate,Ranked for research discovery; HPI is not evidence of early success.
1058,candidate-1058-jayant-narlikar,Jayant Narlikar,1938,PHYSICIST,India,M,34,60.59,https://en.wikipedia.org/?curid=2251669,unresearched,unverified_candidate,Ranked for research discovery; HPI is not evidence of early success.
1059,candidate-1059-igor-ter-ovanesyan,Igor Ter-Ovanesyan,1938,ATHLETE,Ukraine,M,23,60.57,https://en.wikipedia.org/?curid=6621970,unresearched,unverified_candidate,Ranked for research discovery; HPI is not evidence of early success.
1060,candidate-1060-magnar-solberg,Magnar Solberg,1937,ATHLETE,Norway,M,22,60.55,https://en.wikipedia.org/?curid=4981855,unresearched,unverified_candidate,Ranked for research discovery; HPI is not evidence of early success.
1061,candidate-1061-rosemarie-ackermann,Rosemarie Ackermann,1952,ATHLETE,Germany,F,29,60.55,https://en.wikipedia.org/?curid=671534,unresearched,unverified_candidate,Ranked for research discovery; HPI is not evidence of early success.
1062,candidate-1062-wim-ruska,Wim Ruska,1940,WRESTLER,Netherlands,M,24,60.53,https://en.wikipedia.org/?curid=2371493,unresearched,unverified_candidate,Ranked for research discovery; HPI is not evidence of early success.
1063,candidate-1063-armin-hary,Armin Hary,1937,ATHLETE,Germany,M,26,60.53,https://en.wikipedia.org/?curid=67291,unresearched,unverified_candidate,Ranked for research discovery; HPI is not evidence of early success.
1064,candidate-1064-erik-de-vlaeminck,Erik De Vlaeminck,1945,CYCLIST,Belgium,M,19,60.53,https://en.wikipedia.org/?curid=3386188,unresearched,unverified_candidate,Ranked for research discovery; HPI is not evidence of early success.
1065,candidate-1065-nadezhda-chizhova,Nadezhda Chizhova,1945,ATHLETE,Russia,F,26,60.52,https://en.wikipedia.org/?curid=5788207,unresearched,unverified_candidate,Ranked for research discovery; HPI is not evidence of early success.
1066,candidate-1066-herman-van-springel,Herman Van Springel,1943,CYCLIST,Belgium,F,23,60.51,https://en.wikipedia.org/?curid=4658568,unresearched,unverified_candidate,Ranked for research discovery; HPI is not evidence of early success.
1067,candidate-1067-alex-zanardi,Alex Zanardi,1966,RACING DRIVER,Italy,M,28,60.51,https://en.wikipedia.org/?curid=348734,unresearched,unverified_candidate,Ranked for research discovery; HPI is not evidence of early success.
1068,candidate-1068-george-eaton,George Eaton,1945,RACING DRIVER,Canada,M,20,60.50,https://en.wikipedia.org/?curid=1228395,unresearched,unverified_candidate,Ranked for research discovery; HPI is not evidence of early success.
1069,candidate-1069-dragan-kićanović,Dragan Kićanović,1953,BASKETBALL PLAYER,Serbia,M,23,60.48,https://en.wikipedia.org/?curid=18297374,unresearched,unverified_candidate,Ranked for research discovery; HPI is not evidence of early success.
1070,candidate-1070-ana-ivanovic,Ana Ivanovic,1987,TENNIS PLAYER,Serbia,F,66,60.45,https://en.wikipedia.org/?curid=1729356,unresearched,unverified_candidate,Ranked for research discovery; HPI is not evidence of early success.
1071,candidate-1071-haile-gebrselassie,Haile Gebrselassie,1973,ATHLETE,Ethiopia,M,61,60.45,https://en.wikipedia.org/?curid=616517,unresearched,unverified_candidate,Ranked for research discovery; HPI is not evidence of early success.
1072,candidate-1072-carel-godin-de-beaufort,Carel Godin de Beaufort,1934,RACING DRIVER,Netherlands,M,19,60.43,https://en.wikipedia.org/?curid=1219705,unresearched,unverified_candidate,Ranked for research discovery; HPI is not evidence of early success.
1073,candidate-1073-li-na,Li Na,1982,TENNIS PLAYER,China,F,63,60.43,https://en.wikipedia.org/?curid=1800772,unresearched,unverified_candidate,Ranked for research discovery; HPI is not evidence of early success.
1074,candidate-1074-hennie-kuiper,Hennie Kuiper,1949,CYCLIST,Netherlands,M,23,60.41,https://en.wikipedia.org/?curid=3688233,unresearched,unverified_candidate,Ranked for research discovery; HPI is not evidence of early success.
1075,candidate-1075-alfred-aho,Alfred Aho,1941,COMPUTER SCIENTIST,Canada,M,33,60.40,https://en.wikipedia.org/?curid=140930,unresearched,unverified_candidate,Ranked for research discovery; HPI is not evidence of early success.
1076,candidate-1076-alex-metreveli,Alex Metreveli,1944,TENNIS PLAYER,Georgia,M,22,60.39,https://en.wikipedia.org/?curid=5782758,unresearched,unverified_candidate,Ranked for research discovery; HPI is not evidence of early success.
1077,candidate-1077-rashad-khalifa,Rashad Khalifa,1935,CHEMIST,Egypt,M,17,60.38,https://en.wikipedia.org/?curid=375137,unresearched,unverified_candidate,Ranked for research discovery; HPI is not evidence of early success.
1078,candidate-1078-yuri-bezmenov,Yuri Bezmenov,1939,JOURNALIST,Russia,M,21,60.38,https://en.wikipedia.org/?curid=22072001,unresearched,unverified_candidate,Ranked for research discovery; HPI is not evidence of early success.
1079,candidate-1079-wolfgang-rihm,Wolfgang Rihm,1952,COMPOSER,Germany,M,27,60.37,https://en.wikipedia.org/?curid=962330,unresearched,unverified_candidate,Ranked for research discovery; HPI is not evidence of early success.
1080,candidate-1080-nick-ut,Nick Ut,1951,PHOTOGRAPHER,Vietnam,M,23,60.37,https://en.wikipedia.org/?curid=567899,unresearched,unverified_candidate,Ranked for research discovery; HPI is not evidence of early success.
1081,candidate-1081-nicola-pietrangeli,Nicola Pietrangeli,1933,TENNIS PLAYER,Tunisia,M,25,60.37,https://en.wikipedia.org/?curid=2138991,unresearched,unverified_candidate,Ranked for research discovery; HPI is not evidence of early success.
1082,candidate-1082-judy-tegart-dalton,Judy Tegart-Dalton,1937,TENNIS PLAYER,Australia,F,21,60.37,https://en.wikipedia.org/?curid=5782642,unresearched,unverified_candidate,Ranked for research discovery; HPI is not evidence of early success.
1083,candidate-1083-josé-torres,José Torres,1936,BOXER,Puerto Rico,M,15,60.35,https://en.wikipedia.org/?curid=144575,unresearched,unverified_candidate,Ranked for research discovery; HPI is not evidence of early success.
1084,candidate-1084-alberto-contador,Alberto Contador,1982,CYCLIST,Spain,M,63,60.34,https://en.wikipedia.org/?curid=5606060,unresearched,unverified_candidate,Ranked for research discovery; HPI is not evidence of early success.
1085,candidate-1085-gérard-larrousse,Gérard Larrousse,1940,ENGINEER,France,M,20,60.34,https://en.wikipedia.org/?curid=1228400,unresearched,unverified_candidate,Ranked for research discovery; HPI is not evidence of early success.
1086,candidate-1086-tony-rominger,Tony Rominger,1961,CYCLIST,Denmark,M,31,60.33,https://en.wikipedia.org/?curid=1130445,unresearched,unverified_candidate,Ranked for research discovery; HPI is not evidence of early success.
1087,candidate-1087-ian-murdock,Ian Murdock,1973,COMPUTER SCIENTIST,Germany,M,40,60.33,https://en.wikipedia.org/?curid=14851,unresearched,unverified_candidate,Ranked for research discovery; HPI is not evidence of early success.
1088,candidate-1088-oleksandr-usyk,Oleksandr Usyk,1987,BOXER,,M,40,60.32,https://en.wikipedia.org/?curid=16021671,unresearched,unverified_candidate,Ranked for research discovery; HPI is not evidence of early success.
1089,candidate-1089-adi-shamir,Adi Shamir,1952,COMPUTER SCIENTIST,Israel,M,38,60.32,https://en.wikipedia.org/?curid=57314,unresearched,unverified_candidate,Ranked for research discovery; HPI is not evidence of early success.
1090,candidate-1090-maia-chiburdanidze,Maia Chiburdanidze,1961,CHESS PLAYER,Georgia,F,48,60.31,https://en.wikipedia.org/?curid=577694,unresearched,unverified_candidate,Ranked for research discovery; HPI is not evidence of early success.
1091,candidate-1091-junkie-xl,Junkie XL,1967,COMPOSER,Netherlands,M,27,60.31,https://en.wikipedia.org/?curid=639269,unresearched,unverified_candidate,Ranked for research discovery; HPI is not evidence of early success.
1092,candidate-1092-jüri-tarmak,Jüri Tarmak,1946,ATHLETE,Estonia,M,26,60.30,https://en.wikipedia.org/?curid=8113907,unresearched,unverified_candidate,Ranked for research discovery; HPI is not evidence of early success.
1093,candidate-1093-viktor-tsybulenko,Viktor Tsybulenko,1930,ATHLETE,Ukraine,M,22,60.29,https://en.wikipedia.org/?curid=7788784,unresearched,unverified_candidate,Ranked for research discovery; HPI is not evidence of early success.
1094,candidate-1094-gholamreza-takhti,Gholamreza Takhti,1930,WRESTLER,Iran,M,27,60.29,https://en.wikipedia.org/?curid=1364840,unresearched,unverified_candidate,Ranked for research discovery; HPI is not evidence of early success.
1095,candidate-1095-a-r-penck,A. R. Penck,1939,PAINTER,Germany,M,26,60.28,https://en.wikipedia.org/?curid=4580506,unresearched,unverified_candidate,Ranked for research discovery; HPI is not evidence of early success.
1096,candidate-1096-christiane-kubrick,Christiane Kubrick,1932,PAINTER,Germany,F,15,60.28,https://en.wikipedia.org/?curid=3284090,unresearched,unverified_candidate,Ranked for research discovery; HPI is not evidence of early success.
1097,candidate-1097-gösta-pettersson,Gösta Pettersson,1940,CYCLIST,Sweden,M,21,60.28,https://en.wikipedia.org/?curid=3684476,unresearched,unverified_candidate,Ranked for research discovery; HPI is not evidence of early success.
1098,candidate-1098-yelena-isinbayeva,Yelena Isinbayeva,1982,ATHLETE,Russia,F,73,60.27,https://en.wikipedia.org/?curid=888001,unresearched,unverified_candidate,Ranked for research discovery; HPI is not evidence of early success.
1099,candidate-1099-boris-vallejo,Boris Vallejo,1941,PAINTER,Peru,M,27,60.27,https://en.wikipedia.org/?curid=766490,unresearched,unverified_candidate,Ranked for research discovery; HPI is not evidence of early success.
1100,candidate-1100-olafur-eliasson,Olafur Eliasson,1967,SCULPTOR,Denmark,M,34,60.26,https://en.wikipedia.org/?curid=2376660,unresearched,unverified_candidate,Ranked for research discovery; HPI is not evidence of early success.
1101,candidate-1101-waldemar-cierpinski,Waldemar Cierpinski,1950,ATHLETE,Germany,M,30,60.24,https://en.wikipedia.org/?curid=883657,unresearched,unverified_candidate,Ranked for research discovery; HPI is not evidence of early success.
1102,candidate-1102-robert-h-macarthur,Robert H. MacArthur,1930,BIOLOGIST,Canada,M,17,60.24,https://en.wikipedia.org/?curid=2308414,unresearched,unverified_candidate,Ranked for research discovery; HPI is not evidence of early success.
1103,candidate-1103-miroslav-cerar,Miroslav Cerar,1939,GYMNAST,Slovenia,M,24,60.23,https://en.wikipedia.org/?curid=43304598,unresearched,unverified_candidate,Ranked for research discovery; HPI is not evidence of early success.
1104,candidate-1104-viktor-sadovnichiy,Viktor Sadovnichiy,1939,MATHEMATICIAN,Ukraine,M,20,60.23,https://en.wikipedia.org/?curid=6630018,unresearched,unverified_candidate,Ranked for research discovery; HPI is not evidence of early success.
1105,candidate-1105-endre-szemerédi,Endre Szemerédi,1940,MATHEMATICIAN,Hungary,M,27,60.22,https://en.wikipedia.org/?curid=663489,unresearched,unverified_candidate,Ranked for research discovery; HPI is not evidence of early success.
1106,candidate-1106-victoria-silvstedt,Victoria Silvstedt,1974,MODEL,Sweden,F,50,60.21,https://en.wikipedia.org/?curid=1008506,unresearched,unverified_candidate,Ranked for research discovery; HPI is not evidence of early success.
1107,candidate-1107-vladimir-tkachenko,Vladimir Tkachenko,1957,BASKETBALL PLAYER,Russia,M,20,60.19,https://en.wikipedia.org/?curid=20224388,unresearched,unverified_candidate,Ranked for research discovery; HPI is not evidence of early success.
1108,candidate-1108-viorica-viscopoleanu,Viorica Viscopoleanu,1939,ATHLETE,Ukraine,F,26,60.18,https://en.wikipedia.org/?curid=6803099,unresearched,unverified_candidate,Ranked for research discovery; HPI is not evidence of early success.
1109,candidate-1109-katalin-szőke,Katalin Szőke,1935,SWIMMER,Hungary,F,25,60.18,https://en.wikipedia.org/?curid=17263887,unresearched,unverified_candidate,Ranked for research discovery; HPI is not evidence of early success.
1110,candidate-1110-josé-manuel-fuente,José Manuel Fuente,1945,CYCLIST,Spain,M,19,60.15,https://en.wikipedia.org/?curid=6513101,unresearched,unverified_candidate,Ranked for research discovery; HPI is not evidence of early success.
1111,candidate-1111-iván-fischer,Iván Fischer,1951,CONDUCTOR,Hungary,M,17,60.14,https://en.wikipedia.org/?curid=3633399,unresearched,unverified_candidate,Ranked for research discovery; HPI is not evidence of early success.
1112,candidate-1112-vladimir-posner,Vladimir Posner,1934,JOURNALIST,France,M,29,60.14,https://en.wikipedia.org/?curid=951666,unresearched,unverified_candidate,Ranked for research discovery; HPI is not evidence of early success.
1113,candidate-1113-vladimir-kramnik,Vladimir Kramnik,1975,CHESS PLAYER,Russia,M,67,60.13,https://en.wikipedia.org/?curid=99647,unresearched,unverified_candidate,Ranked for research discovery; HPI is not evidence of early success.
1114,candidate-1114-wim-mertens,Wim Mertens,1953,COMPOSER,Belgium,M,20,60.13,https://en.wikipedia.org/?curid=1713581,unresearched,unverified_candidate,Ranked for research discovery; HPI is not evidence of early success.
1115,candidate-1115-luis-caffarelli,Luis Caffarelli,1948,MATHEMATICIAN,Argentina,M,28,60.12,https://en.wikipedia.org/?curid=2070173,unresearched,unverified_candidate,Ranked for research discovery; HPI is not evidence of early success.
1116,candidate-1116-galina-chistyakova,Galina Chistyakova,1962,ATHLETE,Ukraine,F,32,60.12,https://en.wikipedia.org/?curid=3646182,unresearched,unverified_candidate,Ranked for research discovery; HPI is not evidence of early success.
1117,candidate-1117-gianluigi-saccaro,Gianluigi Saccaro,1938,FENCER,Italy,M,22,60.10,https://en.wikipedia.org/?curid=29421528,unresearched,unverified_candidate,Ranked for research discovery; HPI is not evidence of early success.
1118,candidate-1118-domenico-dolce,Domenico Dolce,1958,DESIGNER,,F,20,60.10,https://en.wikipedia.org/?curid=38602443,unresearched,unverified_candidate,Ranked for research discovery; HPI is not evidence of early success.
1119,candidate-1119-carlos-moyá,Carlos Moyá,1976,TENNIS PLAYER,Spain,M,50,60.09,https://en.wikipedia.org/?curid=669421,unresearched,unverified_candidate,Ranked for research discovery; HPI is not evidence of early success.
1120,candidate-1120-nicola-cabibbo,Nicola Cabibbo,1935,PHYSICIST,Italy,M,24,60.09,https://en.wikipedia.org/?curid=5803533,unresearched,unverified_candidate,Ranked for research discovery; HPI is not evidence of early success.
1121,candidate-1121-krzysztof-komeda,Krzysztof Komeda,1931,COMPOSER,Poland,M,22,60.08,https://en.wikipedia.org/?curid=1090562,unresearched,unverified_candidate,Ranked for research discovery; HPI is not evidence of early success.
1122,candidate-1122-hakeem-olajuwon,Hakeem Olajuwon,1963,BASKETBALL PLAYER,Nigeria,M,52,60.08,https://en.wikipedia.org/?curid=256369,unresearched,unverified_candidate,Ranked for research discovery; HPI is not evidence of early success.
1123,candidate-1123-toni-kukoč,Toni Kukoč,1968,BASKETBALL PLAYER,Croatia,M,43,60.07,https://en.wikipedia.org/?curid=322494,unresearched,unverified_candidate,Ranked for research discovery; HPI is not evidence of early success.
1124,candidate-1124-hubert-reeves,Hubert Reeves,1932,ASTRONOMER,Canada,M,25,60.06,https://en.wikipedia.org/?curid=509551,unresearched,unverified_candidate,Ranked for research discovery; HPI is not evidence of early success.
1125,candidate-1125-ruzena-bajcsy,Ruzena Bajcsy,1933,COMPUTER SCIENTIST,Slovakia,F,19,60.06,https://en.wikipedia.org/?curid=21410069,unresearched,unverified_candidate,Ranked for research discovery; HPI is not evidence of early success.
1126,candidate-1126-justine-henin,Justine Henin,1982,TENNIS PLAYER,Belgium,F,66,60.05,https://en.wikipedia.org/?curid=240819,unresearched,unverified_candidate,Ranked for research discovery; HPI is not evidence of early success.
1127,candidate-1127-airat-ichmouratov,Airat Ichmouratov,1973,COMPOSER,Russia,M,54,60.05,https://en.wikipedia.org/?curid=47455893,unresearched,unverified_candidate,Ranked for research discovery; HPI is not evidence of early success.
1128,candidate-1128-vlado-milunić,Vlado Milunić,1941,ARCHITECT,Croatia,M,17,60.04,https://en.wikipedia.org/?curid=2205288,unresearched,unverified_candidate,Ranked for research discovery; HPI is not evidence of early success.
1129,candidate-1129-jana-novotná,Jana Novotná,1968,TENNIS PLAYER,Czechia,F,51,60.04,https://en.wikipedia.org/?curid=307050,unresearched,unverified_candidate,Ranked for research discovery; HPI is not evidence of early success.
1130,candidate-1130-bob-hewitt,Bob Hewitt,1940,TENNIS PLAYER,Australia,M,26,60.03,https://en.wikipedia.org/?curid=2779290,unresearched,unverified_candidate,Ranked for research discovery; HPI is not evidence of early success.
1131,candidate-1131-eduard-artemyev,Eduard Artemyev,1937,COMPOSER,Russia,M,26,60.03,https://en.wikipedia.org/?curid=3875474,unresearched,unverified_candidate,Ranked for research discovery; HPI is not evidence of early success.
1132,candidate-1132-egberto-gismonti,Egberto Gismonti,1947,COMPOSER,Brazil,M,15,60.02,https://en.wikipedia.org/?curid=767529,unresearched,unverified_candidate,Ranked for research discovery; HPI is not evidence of early success.
1133,candidate-1133-alina-kabaeva,Alina Kabaeva,1983,GYMNAST,Uzbekistan,F,44,60.02,https://en.wikipedia.org/?curid=940648,unresearched,unverified_candidate,Ranked for research discovery; HPI is not evidence of early success.
1134,candidate-1134-albert-s-ruddy,Albert S. Ruddy,1930,PRODUCER,Canada,M,17,60.02,https://en.wikipedia.org/?curid=1560196,unresearched,unverified_candidate,Ranked for research discovery; HPI is not evidence of early success.
1135,candidate-1135-mamo-wolde,Mamo Wolde,1932,ATHLETE,Ethiopia,M,28,60.00,https://en.wikipedia.org/?curid=59897,unresearched,unverified_candidate,Ranked for research discovery; HPI is not evidence of early success.
1136,candidate-1136-semyon-bychkov,Semyon Bychkov,1952,CONDUCTOR,Russia,M,17,60.00,https://en.wikipedia.org/?curid=3687189,unresearched,unverified_candidate,Ranked for research discovery; HPI is not evidence of early success.
1137,candidate-1137-salvatore-sciarrino,Salvatore Sciarrino,1947,COMPOSER,Italy,M,20,59.97,https://en.wikipedia.org/?curid=3910755,unresearched,unverified_candidate,Ranked for research discovery; HPI is not evidence of early success.
1138,candidate-1138-galina-prozumenshchikova,Galina Prozumenshchikova,1948,SWIMMER,,F,30,59.94,https://en.wikipedia.org/?curid=18012942,unresearched,unverified_candidate,Ranked for research discovery; HPI is not evidence of early success.
1139,candidate-1139-patrick-demarchelier,Patrick Demarchelier,1943,PHOTOGRAPHER,France,M,19,59.94,https://en.wikipedia.org/?curid=3085191,unresearched,unverified_candidate,Ranked for research discovery; HPI is not evidence of early success.
1140,candidate-1140-miruts-yifter,Miruts Yifter,1944,ATHLETE,Ethiopia,M,28,59.94,https://en.wikipedia.org/?curid=842127,unresearched,unverified_candidate,Ranked for research discovery; HPI is not evidence of early success.
1141,candidate-1141-angéla-németh,Angéla Németh,1946,ATHLETE,Hungary,F,25,59.92,https://en.wikipedia.org/?curid=6814287,unresearched,unverified_candidate,Ranked for research discovery; HPI is not evidence of early success.
1142,candidate-1142-milena-canonero,Milena Canonero,1946,DESIGNER,Italy,F,21,59.91,https://en.wikipedia.org/?curid=9730933,unresearched,unverified_candidate,Ranked for research discovery; HPI is not evidence of early success.
1143,candidate-1143-viswanathan-anand,Viswanathan Anand,1969,CHESS PLAYER,India,M,91,59.90,https://en.wikipedia.org/?curid=281337,unresearched,unverified_candidate,Ranked for research discovery; HPI is not evidence of early success.
1144,candidate-1144-bernard-thévenet,Bernard Thévenet,1948,CYCLIST,France,M,27,59.90,https://en.wikipedia.org/?curid=556362,unresearched,unverified_candidate,Ranked for research discovery; HPI is not evidence of early success.
1145,candidate-1145-corine-rottschäfer,Corine Rottschäfer,1938,MODEL,Netherlands,F,19,59.90,https://en.wikipedia.org/?curid=4861300,unresearched,unverified_candidate,Ranked for research discovery; HPI is not evidence of early success.
1146,candidate-1146-yevgeny-kafelnikov,Yevgeny Kafelnikov,1974,TENNIS PLAYER,Russia,M,49,59.89,https://en.wikipedia.org/?curid=489963,unresearched,unverified_candidate,Ranked for research discovery; HPI is not evidence of early success.
1147,candidate-1147-oscar-schmidt,Oscar Schmidt,1958,BASKETBALL PLAYER,Brazil,M,26,59.82,https://en.wikipedia.org/?curid=30864680,unresearched,unverified_candidate,Ranked for research discovery; HPI is not evidence of early success.
1148,candidate-1148-joaquín-sabina,Joaquín Sabina,1949,PAINTER,Spain,M,26,59.82,https://en.wikipedia.org/?curid=2346375,unresearched,unverified_candidate,Ranked for research discovery; HPI is not evidence of early success.
1149,candidate-1149-józef-szmidt,Józef Szmidt,1935,ATHLETE,Poland,M,31,59.82,https://en.wikipedia.org/?curid=3311640,unresearched,unverified_candidate,Ranked for research discovery; HPI is not evidence of early success.
1150,candidate-1150-george-kerr,George Kerr,1937,ATHLETE,Jamaica,M,17,59.81,https://en.wikipedia.org/?curid=8232537,unresearched,unverified_candidate,Ranked for research discovery; HPI is not evidence of early success.
1151,candidate-1151-chris-benoit,Chris Benoit,1967,WRESTLER,Canada,M,46,59.81,https://en.wikipedia.org/?curid=403293,unresearched,unverified_candidate,Ranked for research discovery; HPI is not evidence of early success.
1152,candidate-1152-anish-kapoor,Anish Kapoor,1954,SCULPTOR,India,M,34,59.80,https://en.wikipedia.org/?curid=4583620,unresearched,unverified_candidate,Ranked for research discovery; HPI is not evidence of early success.
1153,candidate-1153-emile-griffith,Emile Griffith,1938,BOXER,U.S. Virgin Islands,M,21,59.80,https://en.wikipedia.org/?curid=155381,unresearched,unverified_candidate,Ranked for research discovery; HPI is not evidence of early success.
1154,candidate-1154-antonio-gades,Antonio Gades,1936,DANCER,,M,19,59.80,https://en.wikipedia.org/?curid=849612,unresearched,unverified_candidate,Ranked for research discovery; HPI is not evidence of early success.
1155,candidate-1155-egil-danielsen,Egil Danielsen,1933,ATHLETE,Norway,M,26,59.80,https://en.wikipedia.org/?curid=2400151,unresearched,unverified_candidate,Ranked for research discovery; HPI is not evidence of early success.
1156,candidate-1156-šarūnas-jasikevičius,Šarūnas Jasikevičius,1976,BASKETBALL PLAYER,Lithuania,M,34,59.80,https://en.wikipedia.org/?curid=923105,unresearched,unverified_candidate,Ranked for research discovery; HPI is not evidence of early success.
1157,candidate-1157-ljubomir-ljubojević,Ljubomir Ljubojević,1950,CHESS PLAYER,Serbia,M,23,59.79,https://en.wikipedia.org/?curid=2630149,unresearched,unverified_candidate,Ranked for research discovery; HPI is not evidence of early success.
1158,candidate-1158-enzo-mari,Enzo Mari,1932,DESIGNER,Italy,M,19,59.79,https://en.wikipedia.org/?curid=36260459,unresearched,unverified_candidate,Ranked for research discovery; HPI is not evidence of early success.
1159,candidate-1159-the-great-khali,The Great Khali,1972,WRESTLER,India,M,50,59.79,https://en.wikipedia.org/?curid=1957097,unresearched,unverified_candidate,Ranked for research discovery; HPI is not evidence of early success.
1160,candidate-1160-amélie-mauresmo,Amélie Mauresmo,1979,TENNIS PLAYER,France,F,67,59.78,https://en.wikipedia.org/?curid=238832,unresearched,unverified_candidate,Ranked for research discovery; HPI is not evidence of early success.
1161,candidate-1161-jean-stablinski,Jean Stablinski,1932,CYCLIST,France,M,22,59.77,https://en.wikipedia.org/?curid=3630553,unresearched,unverified_candidate,Ranked for research discovery; HPI is not evidence of early success.
1162,candidate-1162-kim-duk-koo,Kim Duk-koo,1959,BOXER,South Korea,M,16,59.75,https://en.wikipedia.org/?curid=179846,unresearched,unverified_candidate,Ranked for research discovery; HPI is not evidence of early success.
1163,candidate-1163-julio-jiménez,Julio Jiménez,1934,CYCLIST,Spain,M,23,59.75,https://en.wikipedia.org/?curid=5411258,unresearched,unverified_candidate,Ranked for research discovery; HPI is not evidence of early success.
1164,candidate-1164-marek-janowski,Marek Janowski,1939,CONDUCTOR,Poland,M,19,59.75,https://en.wikipedia.org/?curid=4821660,unresearched,unverified_candidate,Ranked for research discovery; HPI is not evidence of early success.
1165,candidate-1165-adri-van-der-poel,Adri van der Poel,1959,CYCLIST,Netherlands,M,19,59.75,https://en.wikipedia.org/?curid=12758715,unresearched,unverified_candidate,Ranked for research discovery; HPI is not evidence of early success.
1166,candidate-1166-peter-madsen,Peter Madsen,1971,INVENTOR,,M,26,59.74,https://en.wikipedia.org/?curid=32839660,unresearched,unverified_candidate,Ranked for research discovery; HPI is not evidence of early success.
1167,candidate-1167-gennady-golovkin,Gennady Golovkin,1982,BOXER,Kazakhstan,M,33,59.73,https://en.wikipedia.org/?curid=2613471,unresearched,unverified_candidate,Ranked for research discovery; HPI is not evidence of early success.
1168,candidate-1168-bjarne-riis,Bjarne Riis,1964,CYCLIST,Denmark,M,30,59.71,https://en.wikipedia.org/?curid=384844,unresearched,unverified_candidate,Ranked for research discovery; HPI is not evidence of early success.
1169,candidate-1169-ivo-daneu,Ivo Daneu,1937,BASKETBALL PLAYER,Slovenia,M,22,59.71,https://en.wikipedia.org/?curid=12599777,unresearched,unverified_candidate,Ranked for research discovery; HPI is not evidence of early success.
1170,candidate-1170-ingrid-daubechies,Ingrid Daubechies,1954,MATHEMATICIAN,Belgium,F,35,59.71,https://en.wikipedia.org/?curid=1430989,unresearched,unverified_candidate,Ranked for research discovery; HPI is not evidence of early success.
1171,candidate-1171-louis-andriessen,Louis Andriessen,1939,COMPOSER,Netherlands,M,29,59.70,https://en.wikipedia.org/?curid=18214,unresearched,unverified_candidate,Ranked for research discovery; HPI is not evidence of early success.
1172,candidate-1172-laura-biagiotti,Laura Biagiotti,1943,DESIGNER,Italy,F,17,59.66,https://en.wikipedia.org/?curid=16067836,unresearched,unverified_candidate,Ranked for research discovery; HPI is not evidence of early success.
1173,candidate-1173-joseph-sifakis,Joseph Sifakis,1946,COMPUTER SCIENTIST,Greece,M,25,59.66,https://en.wikipedia.org/?curid=15590963,unresearched,unverified_candidate,Ranked for research discovery; HPI is not evidence of early success.
1174,candidate-1174-gyula-zsivótzky,Gyula Zsivótzky,1937,ATHLETE,Hungary,M,27,59.65,https://en.wikipedia.org/?curid=3248724,unresearched,unverified_candidate,Ranked for research discovery; HPI is not evidence of early success.
1175,candidate-1175-franz-welser-möst,Franz Welser-Möst,1960,CONDUCTOR,Austria,M,26,59.62,https://en.wikipedia.org/?curid=1862170,unresearched,unverified_candidate,Ranked for research discovery; HPI is not evidence of early success.
1176,candidate-1176-romuald-klim,Romuald Klim,1933,ATHLETE,Belarus,M,24,59.62,https://en.wikipedia.org/?curid=8114569,unresearched,unverified_candidate,Ranked for research discovery; HPI is not evidence of early success.
1177,candidate-1177-aleksandar-đorđević,Aleksandar Đorđević,1967,BASKETBALL PLAYER,Serbia,M,33,59.61,https://en.wikipedia.org/?curid=1896507,unresearched,unverified_candidate,Ranked for research discovery; HPI is not evidence of early success.
1178,candidate-1178-eva-herzigová,Eva Herzigová,1973,MODEL,Czechia,F,39,59.60,https://en.wikipedia.org/?curid=577472,unresearched,unverified_candidate,Ranked for research discovery; HPI is not evidence of early success.
1179,candidate-1179-vyacheslav-ivanov,Vyacheslav Ivanov,1938,ATHLETE,Russia,M,24,59.59,https://en.wikipedia.org/?curid=4605945,unresearched,unverified_candidate,Ranked for research discovery; HPI is not evidence of early success.
1180,candidate-1180-győző-kulcsár,Győző Kulcsár,1940,FENCER,Hungary,M,29,59.59,https://en.wikipedia.org/?curid=18227058,unresearched,unverified_candidate,Ranked for research discovery; HPI is not evidence of early success.
1181,candidate-1181-andrew-g-vajna,Andrew G. Vajna,1944,PRODUCER,Hungary,M,17,59.58,https://en.wikipedia.org/?curid=1190651,unresearched,unverified_candidate,Ranked for research discovery; HPI is not evidence of early success.
1182,candidate-1182-alex-olmedo,Alex Olmedo,1936,TENNIS PLAYER,Peru,M,24,59.56,https://en.wikipedia.org/?curid=870014,unresearched,unverified_candidate,Ranked for research discovery; HPI is not evidence of early success.
1183,candidate-1183-anca-petrescu,Anca Petrescu,1949,ARCHITECT,Romania,F,19,59.56,https://en.wikipedia.org/?curid=22825519,unresearched,unverified_candidate,Ranked for research discovery; HPI is not evidence of early success.
1184,candidate-1184-éder-jofre,Éder Jofre,1936,BOXER,Brazil,M,17,59.56,https://en.wikipedia.org/?curid=882190,unresearched,unverified_candidate,Ranked for research discovery; HPI is not evidence of early success.
1185,candidate-1185-orlan,Orlan,1947,PAINTER,France,F,16,59.54,https://en.wikipedia.org/?curid=2430573,unresearched,unverified_candidate,Ranked for research discovery; HPI is not evidence of early success.
1186,candidate-1186-jimmy-snuka,Jimmy Snuka,1943,WRESTLER,Fiji,M,26,59.53,https://en.wikipedia.org/?curid=1555946,unresearched,unverified_candidate,Ranked for research discovery; HPI is not evidence of early success.
1187,candidate-1187-antonio-saura,Antonio Saura,1930,PAINTER,Spain,M,22,59.51,https://en.wikipedia.org/?curid=3879164,unresearched,unverified_candidate,Ranked for research discovery; HPI is not evidence of early success.
1188,candidate-1188-yuri-antonov,Yuri Antonov,1945,COMPOSER,Uzbekistan,M,20,59.49,https://en.wikipedia.org/?curid=17509100,unresearched,unverified_candidate,Ranked for research discovery; HPI is not evidence of early success.
1189,candidate-1189-ninoslav-marina,Ninoslav Marina,1974,COMPUTER SCIENTIST,North Macedonia,M,22,59.49,https://en.wikipedia.org/?curid=43664000,unresearched,unverified_candidate,Ranked for research discovery; HPI is not evidence of early success.
1190,candidate-1190-mino-de-rossi,Mino De Rossi,1931,CYCLIST,,M,21,59.48,https://en.wikipedia.org/?curid=11429888,unresearched,unverified_candidate,Ranked for research discovery; HPI is not evidence of early success.
1191,candidate-1191-ivan-marchuk,Ivan Marchuk,1936,PAINTER,Ukraine,M,25,59.48,https://en.wikipedia.org/?curid=14016703,unresearched,unverified_candidate,Ranked for research discovery; HPI is not evidence of early success.
1192,candidate-1192-gaël-monfils,Gaël Monfils,1986,TENNIS PLAYER,France,M,49,59.45,https://en.wikipedia.org/?curid=2564028,unresearched,unverified_candidate,Ranked for research discovery; HPI is not evidence of early success.
1193,candidate-1193-alexander-vinokourov,Alexander Vinokourov,1973,CYCLIST,Kazakhstan,M,36,59.45,https://en.wikipedia.org/?curid=1108440,unresearched,unverified_candidate,Ranked for research discovery; HPI is not evidence of early success.
1194,candidate-1194-jiří-bělohlávek,Jiří Bělohlávek,1946,CONDUCTOR,Czechia,M,20,59.45,https://en.wikipedia.org/?curid=3695676,unresearched,unverified_candidate,Ranked for research discovery; HPI is not evidence of early success.
1195,candidate-1195-manute-bol,Manute Bol,1962,BASKETBALL PLAYER,Sudan,M,35,59.43,https://en.wikipedia.org/?curid=283871,unresearched,unverified_candidate,Ranked for research discovery; HPI is not evidence of early success.
1196,candidate-1196-mervyn-rose,Mervyn Rose,1930,TENNIS PLAYER,Australia,M,24,59.42,https://en.wikipedia.org/?curid=2201690,unresearched,unverified_candidate,Ranked for research discovery; HPI is not evidence of early success.
1197,candidate-1197-petra-kvitová,Petra Kvitová,1990,TENNIS PLAYER,Czechia,F,57,59.41,https://en.wikipedia.org/?curid=15977102,unresearched,unverified_candidate,Ranked for research discovery; HPI is not evidence of early success.
1198,candidate-1198-esa-pekka-salonen,Esa-Pekka Salonen,1958,CONDUCTOR,Finland,M,30,59.41,https://en.wikipedia.org/?curid=370462,unresearched,unverified_candidate,Ranked for research discovery; HPI is not evidence of early success.
1199,candidate-1199-zydrunas-ilgauskas,Zydrunas Ilgauskas,1975,BASKETBALL PLAYER,Lithuania,M,35,59.40,https://en.wikipedia.org/?curid=780999,unresearched,unverified_candidate,Ranked for research discovery; HPI is not evidence of early success.
1200,candidate-1200-rené-burri,René Burri,1933,PHOTOGRAPHER,Switzerland,M,17,59.37,https://en.wikipedia.org/?curid=6809693,unresearched,unverified_candidate,Ranked for research discovery; HPI is not evidence of early success.
1201,candidate-1201-klim-churyumov,Klim Churyumov,1937,ASTRONOMER,Ukraine,M,21,59.36,https://en.wikipedia.org/?curid=44383778,unresearched,unverified_candidate,Ranked for research discovery; HPI is not evidence of early success.
1202,candidate-1202-hary-gunarto,Hary Gunarto,1954,INVENTOR,Indonesia,M,48,59.36,https://en.wikipedia.org/?curid=64783987,unresearched,unverified_candidate,Ranked for research discovery; HPI is not evidence of early success.
1203,candidate-1203-dejan-bodiroga,Dejan Bodiroga,1973,BASKETBALL PLAYER,Serbia,M,33,59.35,https://en.wikipedia.org/?curid=361959,unresearched,unverified_candidate,Ranked for research discovery; HPI is not evidence of early success.
1204,candidate-1204-emma-wiklund,Emma Wiklund,1968,MODEL,Sweden,F,26,59.34,https://en.wikipedia.org/?curid=1572879,unresearched,unverified_candidate,Ranked for research discovery; HPI is not evidence of early success.
1205,candidate-1205-erró,Erró,1932,PAINTER,Iceland,M,20,59.32,https://en.wikipedia.org/?curid=146425,unresearched,unverified_candidate,Ranked for research discovery; HPI is not evidence of early success.
1206,candidate-1206-carla-fracci,Carla Fracci,1936,DANCER,Italy,F,21,59.29,https://en.wikipedia.org/?curid=11042618,unresearched,unverified_candidate,Ranked for research discovery; HPI is not evidence of early success.
1207,candidate-1207-fang-lizhi,Fang Lizhi,1936,ASTRONOMER,China,M,26,59.29,https://en.wikipedia.org/?curid=560402,unresearched,unverified_candidate,Ranked for research discovery; HPI is not evidence of early success.
1208,candidate-1208-gérard-grisey,Gérard Grisey,1946,COMPOSER,France,M,18,59.25,https://en.wikipedia.org/?curid=1007708,unresearched,unverified_candidate,Ranked for research discovery; HPI is not evidence of early success.
1209,candidate-1209-laetitia-casta,Laetitia Casta,1978,MODEL,France,F,49,59.25,https://en.wikipedia.org/?curid=36819,unresearched,unverified_candidate,Ranked for research discovery; HPI is not evidence of early success.
1210,candidate-1210-walter-lewin,Walter Lewin,1936,ASTRONOMER,Netherlands,M,26,59.25,https://en.wikipedia.org/?curid=1611852,unresearched,unverified_candidate,Ranked for research discovery; HPI is not evidence of early success.
1211,candidate-1211-aryna-sabalenka,Aryna Sabalenka,1998,TENNIS PLAYER,Belarus,F,47,59.18,https://en.wikipedia.org/?curid=50222577,unresearched,unverified_candidate,Ranked for research discovery; HPI is not evidence of early success.
1212,candidate-1212-roddy-piper,Roddy Piper,1954,WRESTLER,Canada,M,32,59.17,https://en.wikipedia.org/?curid=405184,unresearched,unverified_candidate,Ranked for research discovery; HPI is not evidence of early success.
1213,candidate-1213-moshe-safdie,Moshe Safdie,1938,ARCHITECT,Israel,M,28,59.15,https://en.wikipedia.org/?curid=53626,unresearched,unverified_candidate,Ranked for research discovery; HPI is not evidence of early success.
1214,candidate-1214-chris-o-neil,Chris O'Neil,1956,TENNIS PLAYER,Australia,F,23,59.14,https://en.wikipedia.org/?curid=9960411,unresearched,unverified_candidate,Ranked for research discovery; HPI is not evidence of early success.
1215,candidate-1215-marlene-dumas,Marlene Dumas,1953,PAINTER,South Africa,F,28,59.14,https://en.wikipedia.org/?curid=2043828,unresearched,unverified_candidate,Ranked for research discovery; HPI is not evidence of early success.
1216,candidate-1216-vladimir-kozlov,Vladimir Kozlov,1979,WRESTLER,Ukraine,M,25,59.10,https://en.wikipedia.org/?curid=3761307,unresearched,unverified_candidate,Ranked for research discovery; HPI is not evidence of early success.
1217,candidate-1217-carlos-alcaraz,Carlos Alcaraz,2003,TENNIS PLAYER,Spain,M,54,59.07,https://en.wikipedia.org/?curid=63121147,unresearched,unverified_candidate,Ranked for research discovery; HPI is not evidence of early success.
1218,candidate-1218-chen-jingrun,Chen Jingrun,1933,MATHEMATICIAN,China,M,26,59.03,https://en.wikipedia.org/?curid=352985,unresearched,unverified_candidate,Ranked for research discovery; HPI is not evidence of early success.
1219,candidate-1219-zakir-hussain,Zakir Hussain,1951,COMPOSER,India,M,39,59.03,https://en.wikipedia.org/?curid=290259,unresearched,unverified_candidate,Ranked for research discovery; HPI is not evidence of early success.
1220,candidate-1220-marc-william-buie,Marc William Buie,1958,ASTRONOMER,,M,23,59.02,https://en.wikipedia.org/?curid=760560,unresearched,unverified_candidate,Ranked for research discovery; HPI is not evidence of early success.
1221,candidate-1221-lew-hoad,Lew Hoad,1934,TENNIS PLAYER,Australia,M,27,59.01,https://en.wikipedia.org/?curid=481800,unresearched,unverified_candidate,Ranked for research discovery; HPI is not evidence of early success.
1222,candidate-1222-modestas-paulauskas,Modestas Paulauskas,1945,BASKETBALL PLAYER,Lithuania,M,20,59.00,https://en.wikipedia.org/?curid=6533570,unresearched,unverified_candidate,Ranked for research discovery; HPI is not evidence of early success.
1223,candidate-1223-luis-rodríguez,Luis Rodríguez,1948,PRODUCER,Spain,M,15,58.99,https://en.wikipedia.org/?curid=25552030,unresearched,unverified_candidate,Ranked for research discovery; HPI is not evidence of early success.
1224,candidate-1224-alexander-beliavsky,Alexander Beliavsky,1953,CHESS PLAYER,Ukraine,M,29,58.96,https://en.wikipedia.org/?curid=160549,unresearched,unverified_candidate,Ranked for research discovery; HPI is not evidence of early success.
1225,candidate-1225-wojciech-zabłocki,Wojciech Zabłocki,1930,ARCHITECT,Poland,M,20,58.95,https://en.wikipedia.org/?curid=10820917,unresearched,unverified_candidate,Ranked for research discovery; HPI is not evidence of early success.
1226,candidate-1226-francisco-j-ayala,Francisco J. Ayala,1934,BIOLOGIST,Spain,M,26,58.95,https://en.wikipedia.org/?curid=2282082,unresearched,unverified_candidate,Ranked for research discovery; HPI is not evidence of early success.
1227,candidate-1227-helena-suková,Helena Suková,1965,TENNIS PLAYER,Czechia,F,36,58.94,https://en.wikipedia.org/?curid=1920271,unresearched,unverified_candidate,Ranked for research discovery; HPI is not evidence of early success.
1228,candidate-1228-ruth-arnon,Ruth Arnon,1933,BIOLOGIST,Israel,F,22,58.93,https://en.wikipedia.org/?curid=5057839,unresearched,unverified_candidate,Ranked for research discovery; HPI is not evidence of early success.
1229,candidate-1229-petar-skansi,Petar Skansi,1943,BASKETBALL PLAYER,Croatia,M,18,58.92,https://en.wikipedia.org/?curid=30949092,unresearched,unverified_candidate,Ranked for research discovery; HPI is not evidence of early success.
1230,candidate-1230-jon-e-ahlquist,Jon E. Ahlquist,1944,BIOLOGIST,,M,17,58.88,https://en.wikipedia.org/?curid=2545961,unresearched,unverified_candidate,Ranked for research discovery; HPI is not evidence of early success.
1231,candidate-1231-ana-mendieta,Ana Mendieta,1948,PAINTER,Cuba,F,21,58.85,https://en.wikipedia.org/?curid=1104576,unresearched,unverified_candidate,Ranked for research discovery; HPI is not evidence of early success.
1232,candidate-1232-tan-dun,Tan Dun,1957,COMPOSER,China,M,32,58.84,https://en.wikipedia.org/?curid=491375,unresearched,unverified_candidate,Ranked for research discovery; HPI is not evidence of early success.
1233,candidate-1233-sean-kelly,Sean Kelly,1956,CYCLIST,Ireland,M,29,58.82,https://en.wikipedia.org/?curid=1298490,unresearched,unverified_candidate,Ranked for research discovery; HPI is not evidence of early success.
1234,candidate-1234-andrés-gómez,Andrés Gómez,1960,TENNIS PLAYER,Ecuador,M,27,58.82,https://en.wikipedia.org/?curid=30872858,unresearched,unverified_candidate,Ranked for research discovery; HPI is not evidence of early success.
1235,candidate-1235-jorma-panula,Jorma Panula,1930,CONDUCTOR,Finland,M,15,58.81,https://en.wikipedia.org/?curid=1831539,unresearched,unverified_candidate,Ranked for research discovery; HPI is not evidence of early success.
1236,candidate-1236-jan-theuninck,Jan Theuninck,1954,PAINTER,Belgium,M,25,58.80,https://en.wikipedia.org/?curid=794255,unresearched,unverified_candidate,Ranked for research discovery; HPI is not evidence of early success.
1237,candidate-1237-jānis-krūmiņš,Jānis Krūmiņš,1930,BASKETBALL PLAYER,Latvia,M,25,58.78,https://en.wikipedia.org/?curid=16841914,unresearched,unverified_candidate,Ranked for research discovery; HPI is not evidence of early success.
1238,candidate-1238-daphne-caruana-galizia,Daphne Caruana Galizia,1964,JOURNALIST,Malta,F,49,58.77,https://en.wikipedia.org/?curid=53850446,unresearched,unverified_candidate,Ranked for research discovery; HPI is not evidence of early success.
1239,candidate-1239-kirsty-coventry,Kirsty Coventry,1983,SWIMMER,Zimbabwe,F,54,58.76,https://en.wikipedia.org/?curid=915950,unresearched,unverified_candidate,Ranked for research discovery; HPI is not evidence of early success.
1240,candidate-1240-mustafa-dağıstanlı,Mustafa Dağıstanlı,1931,WRESTLER,Türkiye,M,17,58.74,https://en.wikipedia.org/?curid=9372123,unresearched,unverified_candidate,Ranked for research discovery; HPI is not evidence of early success.
1241,candidate-1241-rimas-kurtinaitis,Rimas Kurtinaitis,1960,BASKETBALL PLAYER,Lithuania,M,29,58.73,https://en.wikipedia.org/?curid=2869923,unresearched,unverified_candidate,Ranked for research discovery; HPI is not evidence of early success.
1242,candidate-1242-lionel-cox,Lionel Cox,1930,CYCLIST,Australia,M,18,58.72,https://en.wikipedia.org/?curid=11429638,unresearched,unverified_candidate,Ranked for research discovery; HPI is not evidence of early success.
1243,candidate-1243-sulochana-gadgil,Sulochana Gadgil,1944,MATHEMATICIAN,India,F,20,58.71,https://en.wikipedia.org/?curid=37505810,unresearched,unverified_candidate,Ranked for research discovery; HPI is not evidence of early success.
1244,candidate-1244-zoran-slavnić,Zoran Slavnić,1949,BASKETBALL PLAYER,Serbia,M,20,58.68,https://en.wikipedia.org/?curid=23357891,unresearched,unverified_candidate,Ranked for research discovery; HPI is not evidence of early success.
1245,candidate-1245-luis-de-pablo,Luis de Pablo,1930,COMPOSER,Spain,M,19,58.67,https://en.wikipedia.org/?curid=1996196,unresearched,unverified_candidate,Ranked for research discovery; HPI is not evidence of early success.
1246,candidate-1246-tigran-mansurian,Tigran Mansurian,1939,COMPOSER,Lebanon,M,20,58.67,https://en.wikipedia.org/?curid=29053241,unresearched,unverified_candidate,Ranked for research discovery; HPI is not evidence of early success.
1247,candidate-1247-ilya-kabakov,Ilya Kabakov,1933,PAINTER,Ukraine,M,18,58.67,https://en.wikipedia.org/?curid=1789594,unresearched,unverified_candidate,Ranked for research discovery; HPI is not evidence of early success.
1248,candidate-1248-patrick-ewing,Patrick Ewing,1962,BASKETBALL PLAYER,Jamaica,M,42,58.66,https://en.wikipedia.org/?curid=238156,unresearched,unverified_candidate,Ranked for research discovery; HPI is not evidence of early success.
1249,candidate-1249-david-ruelle,David Ruelle,1935,MATHEMATICIAN,Belgium,M,19,58.64,https://en.wikipedia.org/?curid=3210880,unresearched,unverified_candidate,Ranked for research discovery; HPI is not evidence of early success.
1250,candidate-1250-józsef-csatári,József Csatári,1943,WRESTLER,Hungary,M,19,58.63,https://en.wikipedia.org/?curid=35207568,unresearched,unverified_candidate,Ranked for research discovery; HPI is not evidence of early success.
1251,candidate-1251-judea-pearl,Judea Pearl,1936,COMPUTER SCIENTIST,Israel,M,30,58.62,https://en.wikipedia.org/?curid=699964,unresearched,unverified_candidate,Ranked for research discovery; HPI is not evidence of early success.
1252,candidate-1252-jigjidiin-mönkhbat,Jigjidiin Mönkhbat,1941,WRESTLER,Mongolia,M,15,58.61,https://en.wikipedia.org/?curid=3386580,unresearched,unverified_candidate,Ranked for research discovery; HPI is not evidence of early success.
1253,candidate-1253-boney-kapoor,Boney Kapoor,1955,PRODUCER,India,M,17,58.61,https://en.wikipedia.org/?curid=2333967,unresearched,unverified_candidate,Ranked for research discovery; HPI is not evidence of early success.
1254,candidate-1254-jan-raas,Jan Raas,1952,CYCLIST,Netherlands,M,21,58.60,https://en.wikipedia.org/?curid=1973253,unresearched,unverified_candidate,Ranked for research discovery; HPI is not evidence of early success.
1255,candidate-1255-travis-fimmel,Travis Fimmel,1979,MODEL,Australia,M,39,58.59,https://en.wikipedia.org/?curid=8665362,unresearched,unverified_candidate,Ranked for research discovery; HPI is not evidence of early success.
1256,candidate-1256-andré-noyelle,André Noyelle,1931,CYCLIST,Belgium,M,20,58.58,https://en.wikipedia.org/?curid=11361857,unresearched,unverified_candidate,Ranked for research discovery; HPI is not evidence of early success.
1257,candidate-1257-paavo-järvi,Paavo Järvi,1962,CONDUCTOR,Estonia,M,23,58.54,https://en.wikipedia.org/?curid=395700,unresearched,unverified_candidate,Ranked for research discovery; HPI is not evidence of early success.
1258,candidate-1258-calistrat-cuțov,Calistrat Cuțov,1948,BOXER,Romania,M,18,58.54,https://en.wikipedia.org/?curid=7965164,unresearched,unverified_candidate,Ranked for research discovery; HPI is not evidence of early success.
1259,candidate-1259-félix-savón,Félix Savón,1967,BOXER,Cuba,M,29,58.54,https://en.wikipedia.org/?curid=447780,unresearched,unverified_candidate,Ranked for research discovery; HPI is not evidence of early success.
1260,candidate-1260-barbara-palvin,Barbara Palvin,1993,MODEL,Hungary,F,40,58.52,https://en.wikipedia.org/?curid=30683334,unresearched,unverified_candidate,Ranked for research discovery; HPI is not evidence of early success.
1261,candidate-1261-diébédo-francis-kéré,Diébédo Francis Kéré,1965,ARCHITECT,Burkina Faso,M,27,58.51,https://en.wikipedia.org/?curid=25986110,unresearched,unverified_candidate,Ranked for research discovery; HPI is not evidence of early success.
1262,candidate-1262-miloslav-mečíř,Miloslav Mečíř,1964,TENNIS PLAYER,Slovakia,M,27,58.50,https://en.wikipedia.org/?curid=1717109,unresearched,unverified_candidate,Ranked for research discovery; HPI is not evidence of early success.
1263,candidate-1263-ernesto-hoost,Ernesto Hoost,1965,BOXER,Netherlands,M,22,58.47,https://en.wikipedia.org/?curid=1123820,unresearched,unverified_candidate,Ranked for research discovery; HPI is not evidence of early success.
1264,candidate-1264-anousheh-ansari,Anousheh Ansari,1966,ENGINEER,Iran,F,53,58.47,https://en.wikipedia.org/?curid=754409,unresearched,unverified_candidate,Ranked for research discovery; HPI is not evidence of early success.
1265,candidate-1265-hana-mandlíková,Hana Mandlíková,1962,TENNIS PLAYER,Czechia,F,40,58.46,https://en.wikipedia.org/?curid=242872,unresearched,unverified_candidate,Ranked for research discovery; HPI is not evidence of early success.
1266,candidate-1266-mišo-cebalo,Mišo Cebalo,1945,CHESS PLAYER,Croatia,M,17,58.44,https://en.wikipedia.org/?curid=21059460,unresearched,unverified_candidate,Ranked for research discovery; HPI is not evidence of early success.
1267,candidate-1267-christopher-alexander,Christopher Alexander,1936,ARCHITECT,Austria,M,22,58.44,https://en.wikipedia.org/?curid=7612,unresearched,unverified_candidate,Ranked for research discovery; HPI is not evidence of early success.
1268,candidate-1268-željko-franulović,Željko Franulović,1947,TENNIS PLAYER,Croatia,M,21,58.44,https://en.wikipedia.org/?curid=5789628,unresearched,unverified_candidate,Ranked for research discovery; HPI is not evidence of early success.
1269,candidate-1269-joan-harrison,Joan Harrison,1935,SWIMMER,South Africa,F,22,58.43,https://en.wikipedia.org/?curid=17248731,unresearched,unverified_candidate,Ranked for research discovery; HPI is not evidence of early success.
1270,candidate-1270-tony-roche,Tony Roche,1945,TENNIS PLAYER,Australia,M,24,58.43,https://en.wikipedia.org/?curid=870020,unresearched,unverified_candidate,Ranked for research discovery; HPI is not evidence of early success.
1271,candidate-1271-jelena-dokic,Jelena Dokic,1983,TENNIS PLAYER,Croatia,F,39,58.42,https://en.wikipedia.org/?curid=346733,unresearched,unverified_candidate,Ranked for research discovery; HPI is not evidence of early success.
1272,candidate-1272-gustavo-dudamel,Gustavo Dudamel,1981,CONDUCTOR,Venezuela,M,37,58.41,https://en.wikipedia.org/?curid=5065759,unresearched,unverified_candidate,Ranked for research discovery; HPI is not evidence of early success.
1273,candidate-1273-antón-lamazares,Antón Lamazares,1954,PAINTER,Spain,M,26,58.40,https://en.wikipedia.org/?curid=26903103,unresearched,unverified_candidate,Ranked for research discovery; HPI is not evidence of early success.
1274,candidate-1274-hans-van-manen,Hans van Manen,1932,DANCER,Netherlands,M,18,58.37,https://en.wikipedia.org/?curid=7084551,unresearched,unverified_candidate,Ranked for research discovery; HPI is not evidence of early success.
1275,candidate-1275-petr-korda,Petr Korda,1968,TENNIS PLAYER,Czechia,M,35,58.37,https://en.wikipedia.org/?curid=1439769,unresearched,unverified_candidate,Ranked for research discovery; HPI is not evidence of early success.
1276,candidate-1276-jan-de-vries,Jan de Vries,1944,CYCLIST,Netherlands,M,16,58.36,https://en.wikipedia.org/?curid=14848966,unresearched,unverified_candidate,Ranked for research discovery; HPI is not evidence of early success.
1277,candidate-1277-david-h-levy,David H. Levy,1948,ASTRONOMER,Canada,M,27,58.34,https://en.wikipedia.org/?curid=591099,unresearched,unverified_candidate,Ranked for research discovery; HPI is not evidence of early success.
1278,candidate-1278-imre-makovecz,Imre Makovecz,1935,ARCHITECT,Hungary,M,22,58.32,https://en.wikipedia.org/?curid=2630205,unresearched,unverified_candidate,Ranked for research discovery; HPI is not evidence of early success.
1279,candidate-1279-julio-césar-chávez,Julio César Chávez,1962,BOXER,Mexico,M,24,58.28,https://en.wikipedia.org/?curid=82394,unresearched,unverified_candidate,Ranked for research discovery; HPI is not evidence of early success.
1280,candidate-1280-djamolidine-abdoujaparov,Djamolidine Abdoujaparov,1964,CYCLIST,Uzbekistan,M,29,58.24,https://en.wikipedia.org/?curid=2181367,unresearched,unverified_candidate,Ranked for research discovery; HPI is not evidence of early success.
1281,candidate-1281-arie-den-hartog,Arie den Hartog,1941,CYCLIST,Netherlands,M,21,58.22,https://en.wikipedia.org/?curid=14694751,unresearched,unverified_candidate,Ranked for research discovery; HPI is not evidence of early success.
1282,candidate-1282-ashley-cooper,Ashley Cooper,1936,TENNIS PLAYER,Australia,M,27,58.19,https://en.wikipedia.org/?curid=1937581,unresearched,unverified_candidate,Ranked for research discovery; HPI is not evidence of early success.
1283,candidate-1283-joe-bugner,Joe Bugner,1950,BOXER,Hungary,M,15,58.19,https://en.wikipedia.org/?curid=412119,unresearched,unverified_candidate,Ranked for research discovery; HPI is not evidence of early success.
1284,candidate-1284-juan-martín-del-potro,Juan Martín del Potro,1988,TENNIS PLAYER,Argentina,M,54,58.19,https://en.wikipedia.org/?curid=3920935,unresearched,unverified_candidate,Ranked for research discovery; HPI is not evidence of early success.
1285,candidate-1285-trevor-jones,Trevor Jones,1949,COMPOSER,South Africa,M,22,58.18,https://en.wikipedia.org/?curid=31272,unresearched,unverified_candidate,Ranked for research discovery; HPI is not evidence of early success.
1286,candidate-1286-yao-ming,Yao Ming,1980,BASKETBALL PLAYER,China,M,58,58.16,https://en.wikipedia.org/?curid=240989,unresearched,unverified_candidate,Ranked for research discovery; HPI is not evidence of early success.
1287,candidate-1287-abbas,Abbas,1944,PHOTOGRAPHER,Iran,M,15,58.14,https://en.wikipedia.org/?curid=1450023,unresearched,unverified_candidate,Ranked for research discovery; HPI is not evidence of early success.
1288,candidate-1288-gerben-karstens,Gerben Karstens,1942,CYCLIST,Netherlands,F,20,58.12,https://en.wikipedia.org/?curid=10552846,unresearched,unverified_candidate,Ranked for research discovery; HPI is not evidence of early success.
1289,candidate-1289-veselin-topalov,Veselin Topalov,1975,CHESS PLAYER,Bulgaria,M,61,58.12,https://en.wikipedia.org/?curid=348814,unresearched,unverified_candidate,Ranked for research discovery; HPI is not evidence of early success.
1290,candidate-1290-i̇smail-ogan,İsmail Ogan,1933,WRESTLER,Türkiye,M,16,58.12,https://en.wikipedia.org/?curid=9422580,unresearched,unverified_candidate,Ranked for research discovery; HPI is not evidence of early success.
1291,candidate-1291-kofi-kingston,Kofi Kingston,1981,WRESTLER,Ghana,M,38,58.11,https://en.wikipedia.org/?curid=14596669,unresearched,unverified_candidate,Ranked for research discovery; HPI is not evidence of early success.
1292,candidate-1292-mikael-tariverdiev,Mikael Tariverdiev,1931,COMPOSER,Georgia,M,22,58.08,https://en.wikipedia.org/?curid=2012413,unresearched,unverified_candidate,Ranked for research discovery; HPI is not evidence of early success.
1293,candidate-1293-jee-yong-ju,Jee Yong-ju,1948,BOXER,South Korea,M,19,58.04,https://en.wikipedia.org/?curid=21272897,unresearched,unverified_candidate,Ranked for research discovery; HPI is not evidence of early success.
1294,candidate-1294-boris-mikhailov,Boris Mikhailov,1938,PHOTOGRAPHER,Ukraine,M,16,58.02,https://en.wikipedia.org/?curid=10451941,unresearched,unverified_candidate,Ranked for research discovery; HPI is not evidence of early success.
1295,candidate-1295-jean-pierre-monseré,Jean-Pierre Monseré,1948,CYCLIST,Belgium,M,18,58.01,https://en.wikipedia.org/?curid=1099910,unresearched,unverified_candidate,Ranked for research discovery; HPI is not evidence of early success.
1296,candidate-1296-yvonne-farrell,Yvonne Farrell,1951,ARCHITECT,Ireland,F,27,58.01,https://en.wikipedia.org/?curid=35006103,unresearched,unverified_candidate,Ranked for research discovery; HPI is not evidence of early success.
1297,candidate-1297-yahya-ayyash,Yahya Ayyash,1966,ENGINEER,,M,24,57.97,https://en.wikipedia.org/?curid=368128,unresearched,unverified_candidate,Ranked for research discovery; HPI is not evidence of early success.
1298,candidate-1298-cristóbal-halffter,Cristóbal Halffter,1930,COMPOSER,Spain,M,18,57.97,https://en.wikipedia.org/?curid=2186200,unresearched,unverified_candidate,Ranked for research discovery; HPI is not evidence of early success.
1299,candidate-1299-rosie-reyes,Rosie Reyes,1939,TENNIS PLAYER,Mexico,F,19,57.96,https://en.wikipedia.org/?curid=35750475,unresearched,unverified_candidate,Ranked for research discovery; HPI is not evidence of early success.
1300,candidate-1300-sergi-bruguera,Sergi Bruguera,1971,TENNIS PLAYER,Spain,M,36,57.96,https://en.wikipedia.org/?curid=913625,unresearched,unverified_candidate,Ranked for research discovery; HPI is not evidence of early success.
1301,candidate-1301-đurđica-bjedov,Đurđica Bjedov,1947,SWIMMER,Croatia,F,24,57.95,https://en.wikipedia.org/?curid=2622090,unresearched,unverified_candidate,Ranked for research discovery; HPI is not evidence of early success.
1302,candidate-1302-peter-leko,Peter Leko,1979,CHESS PLAYER,Serbia,M,44,57.94,https://en.wikipedia.org/?curid=446793,unresearched,unverified_candidate,Ranked for research discovery; HPI is not evidence of early success.
1303,candidate-1303-valéria-gyenge,Valéria Gyenge,1933,SWIMMER,Hungary,F,23,57.92,https://en.wikipedia.org/?curid=17264219,unresearched,unverified_candidate,Ranked for research discovery; HPI is not evidence of early success.
1304,candidate-1304-finn-bálor,Finn Bálor,1981,WRESTLER,Ireland,M,33,57.92,https://en.wikipedia.org/?curid=11223317,unresearched,unverified_candidate,Ranked for research discovery; HPI is not evidence of early success.
1305,candidate-1305-luis-ayala,Luis Ayala,1932,TENNIS PLAYER,Chile,M,16,57.90,https://en.wikipedia.org/?curid=10713383,unresearched,unverified_candidate,Ranked for research discovery; HPI is not evidence of early success.
1306,candidate-1306-bayram-şit,Bayram Şit,1930,WRESTLER,Türkiye,M,18,57.88,https://en.wikipedia.org/?curid=9331972,unresearched,unverified_candidate,Ranked for research discovery; HPI is not evidence of early success.
1307,candidate-1307-r-murray-schafer,R. Murray Schafer,1933,COMPOSER,Canada,M,15,57.88,https://en.wikipedia.org/?curid=1117205,unresearched,unverified_candidate,Ranked for research discovery; HPI is not evidence of early success.
1308,candidate-1308-josé-nápoles,José Nápoles,1940,BOXER,Cuba,M,16,57.86,https://en.wikipedia.org/?curid=231591,unresearched,unverified_candidate,Ranked for research discovery; HPI is not evidence of early success.
1309,candidate-1309-eddie-izzard,Eddie Izzard,1962,COMEDIAN,Yemen,M,49,57.85,https://en.wikipedia.org/?curid=143983,unresearched,unverified_candidate,Ranked for research discovery; HPI is not evidence of early success.
1310,candidate-1310-dith-pran,Dith Pran,1942,JOURNALIST,Cambodia,M,25,57.85,https://en.wikipedia.org/?curid=323932,unresearched,unverified_candidate,Ranked for research discovery; HPI is not evidence of early success.
1311,candidate-1311-willy-puchner,Willy Puchner,1952,PHOTOGRAPHER,Austria,M,24,57.84,https://en.wikipedia.org/?curid=8951926,unresearched,unverified_candidate,Ranked for research discovery; HPI is not evidence of early success.
1312,candidate-1312-guido-reybrouck,Guido Reybrouck,1941,CYCLIST,Belgium,M,20,57.82,https://en.wikipedia.org/?curid=14386137,unresearched,unverified_candidate,Ranked for research discovery; HPI is not evidence of early success.
1313,candidate-1313-fabian-cancellara,Fabian Cancellara,1981,CYCLIST,Switzerland,M,45,57.82,https://en.wikipedia.org/?curid=3064125,unresearched,unverified_candidate,Ranked for research discovery; HPI is not evidence of early success.
1314,candidate-1314-david-ferrer,David Ferrer,1982,TENNIS PLAYER,Spain,M,48,57.80,https://en.wikipedia.org/?curid=2080298,unresearched,unverified_candidate,Ranked for research discovery; HPI is not evidence of early success.
1315,candidate-1315-oscar-panno,Oscar Panno,1935,CHESS PLAYER,Argentina,M,20,57.78,https://en.wikipedia.org/?curid=1144377,unresearched,unverified_candidate,Ranked for research discovery; HPI is not evidence of early success.
1316,candidate-1316-kalevi-aho,Kalevi Aho,1949,COMPOSER,Finland,M,18,57.78,https://en.wikipedia.org/?curid=1480837,unresearched,unverified_candidate,Ranked for research discovery; HPI is not evidence of early success.
1317,candidate-1317-david-černý,David Černý,1967,SCULPTOR,Czechia,M,27,57.78,https://en.wikipedia.org/?curid=2813954,unresearched,unverified_candidate,Ranked for research discovery; HPI is not evidence of early success.
1318,candidate-1318-maria-ressa,Maria Ressa,1963,JOURNALIST,Philippines,F,65,57.75,https://en.wikipedia.org/?curid=4341882,unresearched,unverified_candidate,Ranked for research discovery; HPI is not evidence of early success.
1319,candidate-1319-kim-clijsters,Kim Clijsters,1983,TENNIS PLAYER,Belgium,F,68,57.74,https://en.wikipedia.org/?curid=262793,unresearched,unverified_candidate,Ranked for research discovery; HPI is not evidence of early success.
1320,candidate-1320-valie-export,Valie Export,1940,SCULPTOR,Austria,F,21,57.74,https://en.wikipedia.org/?curid=2114521,unresearched,unverified_candidate,Ranked for research discovery; HPI is not evidence of early success.
1321,candidate-1321-john-draper,John Draper,1943,COMPUTER SCIENTIST,Canada,M,21,57.73,https://en.wikipedia.org/?curid=216672,unresearched,unverified_candidate,Ranked for research discovery; HPI is not evidence of early success.
1322,candidate-1322-jean-bourgain,Jean Bourgain,1954,MATHEMATICIAN,Belgium,M,35,57.72,https://en.wikipedia.org/?curid=1024131,unresearched,unverified_candidate,Ranked for research discovery; HPI is not evidence of early success.
1323,candidate-1323-michaëlle-jean,Michaëlle Jean,1957,JOURNALIST,Haiti,F,44,57.71,https://en.wikipedia.org/?curid=594891,unresearched,unverified_candidate,Ranked for research discovery; HPI is not evidence of early success.
1324,candidate-1324-magnus-lindberg,Magnus Lindberg,1958,COMPOSER,Finland,M,21,57.71,https://en.wikipedia.org/?curid=625180,unresearched,unverified_candidate,Ranked for research discovery; HPI is not evidence of early success.
1325,candidate-1325-ádám-fischer,Ádám Fischer,1949,CONDUCTOR,Hungary,M,15,57.70,https://en.wikipedia.org/?curid=3251525,unresearched,unverified_candidate,Ranked for research discovery; HPI is not evidence of early success.
1326,candidate-1326-tony-parker,Tony Parker,1982,BASKETBALL PLAYER,Belgium,M,54,57.70,https://en.wikipedia.org/?curid=367106,unresearched,unverified_candidate,Ranked for research discovery; HPI is not evidence of early success.
1327,candidate-1327-pedro-delgado,Pedro Delgado,1960,CYCLIST,Spain,M,29,57.69,https://en.wikipedia.org/?curid=1725227,unresearched,unverified_candidate,Ranked for research discovery; HPI is not evidence of early success.
1328,candidate-1328-ana-derșidan-ene-pascu,Ana Derșidan-Ene-Pascu,1944,FENCER,Romania,F,18,57.69,https://en.wikipedia.org/?curid=30127242,unresearched,unverified_candidate,Ranked for research discovery; HPI is not evidence of early success.
1329,candidate-1329-salima-ghezali,Salima Ghezali,1958,JOURNALIST,Algeria,F,27,57.67,https://en.wikipedia.org/?curid=16086891,unresearched,unverified_candidate,Ranked for research discovery; HPI is not evidence of early success.
1330,candidate-1330-ferdinand-bracke,Ferdinand Bracke,1939,CYCLIST,Belgium,M,19,57.67,https://en.wikipedia.org/?curid=6803700,unresearched,unverified_candidate,Ranked for research discovery; HPI is not evidence of early success.
1331,candidate-1331-knut-knudsen,Knut Knudsen,1950,CYCLIST,Norway,M,21,57.67,https://en.wikipedia.org/?curid=7092350,unresearched,unverified_candidate,Ranked for research discovery; HPI is not evidence of early success.
1332,candidate-1332-judit-temes,Judit Temes,1930,SWIMMER,Hungary,F,21,57.66,https://en.wikipedia.org/?curid=17264021,unresearched,unverified_candidate,Ranked for research discovery; HPI is not evidence of early success.
1333,candidate-1333-olja-ivanjicki,Olja Ivanjicki,1931,PAINTER,Serbia,F,24,57.64,https://en.wikipedia.org/?curid=23391805,unresearched,unverified_candidate,Ranked for research discovery; HPI is not evidence of early success.
1334,candidate-1334-k-c-nicolaou,K. C. Nicolaou,1946,CHEMIST,,M,15,57.63,https://en.wikipedia.org/?curid=2833200,unresearched,unverified_candidate,Ranked for research discovery; HPI is not evidence of early success.
1335,candidate-1335-grigory-kriss,Grigory Kriss,1940,FENCER,Ukraine,M,22,57.60,https://en.wikipedia.org/?curid=9098265,unresearched,unverified_candidate,Ranked for research discovery; HPI is not evidence of early success.
1336,candidate-1336-hans-moravec,Hans Moravec,1948,ENGINEER,Austria,M,24,57.57,https://en.wikipedia.org/?curid=298556,unresearched,unverified_candidate,Ranked for research discovery; HPI is not evidence of early success.
1337,candidate-1337-durdy-bayramov,Durdy Bayramov,1938,PAINTER,Turkmenistan,F,16,57.56,https://en.wikipedia.org/?curid=23443171,unresearched,unverified_candidate,Ranked for research discovery; HPI is not evidence of early success.
1338,candidate-1338-subhash-kak,Subhash Kak,1947,COMPUTER SCIENTIST,,M,45,57.56,https://en.wikipedia.org/?curid=276599,unresearched,unverified_candidate,Ranked for research discovery; HPI is not evidence of early success.
1339,candidate-1339-igor-krutoy,Igor Krutoy,1954,COMPOSER,Ukraine,M,22,57.55,https://en.wikipedia.org/?curid=27485483,unresearched,unverified_candidate,Ranked for research discovery; HPI is not evidence of early success.
1340,candidate-1340-carlos-sastre,Carlos Sastre,1975,CYCLIST,Spain,M,47,57.55,https://en.wikipedia.org/?curid=2604768,unresearched,unverified_candidate,Ranked for research discovery; HPI is not evidence of early success.
1341,candidate-1341-jan-a-p-kaczmarek,Jan A. P. Kaczmarek,1953,COMPOSER,Poland,M,21,57.55,https://en.wikipedia.org/?curid=1586084,unresearched,unverified_candidate,Ranked for research discovery; HPI is not evidence of early success.
1342,candidate-1342-margit-korondi,Margit Korondi,1932,GYMNAST,Slovenia,F,20,57.51,https://en.wikipedia.org/?curid=17910852,unresearched,unverified_candidate,Ranked for research discovery; HPI is not evidence of early success.
1343,candidate-1343-roy-kerr,Roy Kerr,1934,MATHEMATICIAN,New Zealand,M,21,57.50,https://en.wikipedia.org/?curid=2372371,unresearched,unverified_candidate,Ranked for research discovery; HPI is not evidence of early success.
1344,candidate-1344-ong-teng-cheong,Ong Teng Cheong,1936,ARCHITECT,Singapore,M,29,57.50,https://en.wikipedia.org/?curid=505404,unresearched,unverified_candidate,Ranked for research discovery; HPI is not evidence of early success.
1345,candidate-1345-manuel-blum,Manuel Blum,1938,COMPUTER SCIENTIST,Venezuela,M,32,57.49,https://en.wikipedia.org/?curid=308357,unresearched,unverified_candidate,Ranked for research discovery; HPI is not evidence of early success.
1346,candidate-1346-eugenio-torre,Eugenio Torre,1951,CHESS PLAYER,Philippines,M,16,57.48,https://en.wikipedia.org/?curid=24387063,unresearched,unverified_candidate,Ranked for research discovery; HPI is not evidence of early success.
1347,candidate-1347-mima-jaušovec,Mima Jaušovec,1956,TENNIS PLAYER,Slovenia,F,29,57.48,https://en.wikipedia.org/?curid=304555,unresearched,unverified_candidate,Ranked for research discovery; HPI is not evidence of early success.
1348,candidate-1348-janet-akyüz-mattei,Janet Akyüz Mattei,1943,ASTRONOMER,Türkiye,F,21,57.46,https://en.wikipedia.org/?curid=681252,unresearched,unverified_candidate,Ranked for research discovery; HPI is not evidence of early success.
1349,candidate-1349-jan-fabre,Jan Fabre,1958,PAINTER,Belgium,M,17,57.46,https://en.wikipedia.org/?curid=1105796,unresearched,unverified_candidate,Ranked for research discovery; HPI is not evidence of early success.
1350,candidate-1350-thae-su-nyein,Thae Su Nyein,2007,MODEL,Myanmar (Burma),F,23,57.46,https://en.wikipedia.org/?curid=73312378,unresearched,unverified_candidate,Ranked for research discovery; HPI is not evidence of early success.
1351,candidate-1351-paulina-porizkova,Paulina Porizkova,1965,MODEL,Czechia,F,33,57.46,https://en.wikipedia.org/?curid=871448,unresearched,unverified_candidate,Ranked for research discovery; HPI is not evidence of early success.
1352,candidate-1352-william-kahan,William Kahan,1933,MATHEMATICIAN,Canada,M,29,57.44,https://en.wikipedia.org/?curid=303413,unresearched,unverified_candidate,Ranked for research discovery; HPI is not evidence of early success.
1353,candidate-1353-brian-mcguire,Brian McGuire,1945,ENGINEER,Australia,M,15,57.44,https://en.wikipedia.org/?curid=1353851,unresearched,unverified_candidate,Ranked for research discovery; HPI is not evidence of early success.
1354,candidate-1354-michel-pollentier,Michel Pollentier,1951,CYCLIST,Belgium,M,19,57.43,https://en.wikipedia.org/?curid=3684376,unresearched,unverified_candidate,Ranked for research discovery; HPI is not evidence of early success.
1355,candidate-1355-canelo-álvarez,Canelo Álvarez,1990,BOXER,Mexico,M,29,57.43,https://en.wikipedia.org/?curid=23198975,unresearched,unverified_candidate,Ranked for research discovery; HPI is not evidence of early success.
1356,candidate-1356-rafael-osuna,Rafael Osuna,1938,TENNIS PLAYER,Mexico,M,21,57.42,https://en.wikipedia.org/?curid=967641,unresearched,unverified_candidate,Ranked for research discovery; HPI is not evidence of early success.
1357,candidate-1357-mijaín-lópez,Mijaín López,1982,WRESTLER,Cuba,M,42,57.42,https://en.wikipedia.org/?curid=13490249,unresearched,unverified_candidate,Ranked for research discovery; HPI is not evidence of early success.
1358,candidate-1358-egon-franke,Egon Franke,1935,FENCER,Poland,M,21,57.41,https://en.wikipedia.org/?curid=18183565,unresearched,unverified_candidate,Ranked for research discovery; HPI is not evidence of early success.
1359,candidate-1359-andriy-medvedev,Andriy Medvedev,1974,TENNIS PLAYER,Ukraine,M,26,57.40,https://en.wikipedia.org/?curid=702849,unresearched,unverified_candidate,Ranked for research discovery; HPI is not evidence of early success.
1360,candidate-1360-hamit-kaplan,Hamit Kaplan,1934,WRESTLER,Türkiye,M,17,57.38,https://en.wikipedia.org/?curid=9390509,unresearched,unverified_candidate,Ranked for research discovery; HPI is not evidence of early success.
1361,candidate-1361-bill-atkinson,Bill Atkinson,1951,INVENTOR,,M,19,57.38,https://en.wikipedia.org/?curid=4158,unresearched,unverified_candidate,Ranked for research discovery; HPI is not evidence of early success.
1362,candidate-1362-avi-wigderson,Avi Wigderson,1956,MATHEMATICIAN,Israel,M,32,57.37,https://en.wikipedia.org/?curid=6570979,unresearched,unverified_candidate,Ranked for research discovery; HPI is not evidence of early success.
1363,candidate-1363-wang-shu,Wang Shu,1963,ARCHITECT,China,M,34,57.36,https://en.wikipedia.org/?curid=34905426,unresearched,unverified_candidate,Ranked for research discovery; HPI is not evidence of early success.
1364,candidate-1364-istván-csom,István Csom,1940,CHESS PLAYER,Hungary,M,18,57.35,https://en.wikipedia.org/?curid=7452064,unresearched,unverified_candidate,Ranked for research discovery; HPI is not evidence of early success.
1365,candidate-1365-jane-luu,Jane Luu,1963,ASTRONOMER,Vietnam,F,30,57.34,https://en.wikipedia.org/?curid=770910,unresearched,unverified_candidate,Ranked for research discovery; HPI is not evidence of early success.
1366,candidate-1366-jan-koum,Jan Koum,1976,COMPUTER SCIENTIST,Ukraine,M,33,57.34,https://en.wikipedia.org/?curid=41995116,unresearched,unverified_candidate,Ranked for research discovery; HPI is not evidence of early success.
1367,candidate-1367-benoni-beheyt,Benoni Beheyt,1940,CYCLIST,,M,16,57.33,https://en.wikipedia.org/?curid=7338515,unresearched,unverified_candidate,Ranked for research discovery; HPI is not evidence of early success.
1368,candidate-1368-francisco-rodríguez,Francisco Rodríguez,1945,BOXER,Venezuela,M,21,57.32,https://en.wikipedia.org/?curid=3459833,unresearched,unverified_candidate,Ranked for research discovery; HPI is not evidence of early success.
1369,candidate-1369-marijan-beneš,Marijan Beneš,1951,BOXER,Serbia,M,18,57.32,https://en.wikipedia.org/?curid=13355849,unresearched,unverified_candidate,Ranked for research discovery; HPI is not evidence of early success.
1370,candidate-1370-jukka-pekka-saraste,Jukka-Pekka Saraste,1956,CONDUCTOR,Finland,M,20,57.32,https://en.wikipedia.org/?curid=376210,unresearched,unverified_candidate,Ranked for research discovery; HPI is not evidence of early success.
1371,candidate-1371-gerrie-knetemann,Gerrie Knetemann,1951,CYCLIST,Netherlands,M,22,57.31,https://en.wikipedia.org/?curid=1127517,unresearched,unverified_candidate,Ranked for research discovery; HPI is not evidence of early success.
1372,candidate-1372-peter-post,Peter Post,1933,CYCLIST,Netherlands,M,16,57.30,https://en.wikipedia.org/?curid=12755781,unresearched,unverified_candidate,Ranked for research discovery; HPI is not evidence of early success.
1373,candidate-1373-istván-kausz,István Kausz,1932,FENCER,Hungary,M,18,57.29,https://en.wikipedia.org/?curid=29408178,unresearched,unverified_candidate,Ranked for research discovery; HPI is not evidence of early success.
1374,candidate-1374-elias-m-stein,Elias M. Stein,1931,MATHEMATICIAN,Belgium,M,24,57.29,https://en.wikipedia.org/?curid=418073,unresearched,unverified_candidate,Ranked for research discovery; HPI is not evidence of early success.
1375,candidate-1375-renée-schuurman,Renée Schuurman,1939,TENNIS PLAYER,South Africa,F,16,57.27,https://en.wikipedia.org/?curid=7810392,unresearched,unverified_candidate,Ranked for research discovery; HPI is not evidence of early success.
1376,candidate-1376-tadej-pogačar,Tadej Pogačar,1998,CYCLIST,Slovenia,M,45,57.26,https://en.wikipedia.org/?curid=54455866,unresearched,unverified_candidate,Ranked for research discovery; HPI is not evidence of early success.
1377,candidate-1377-guram-kostava,Guram Kostava,1937,FENCER,Georgia,M,18,57.25,https://en.wikipedia.org/?curid=29498621,unresearched,unverified_candidate,Ranked for research discovery; HPI is not evidence of early success.
1378,candidate-1378-ildikó-schwarczenberger,Ildikó Schwarczenberger,1951,FENCER,Hungary,F,24,57.24,https://en.wikipedia.org/?curid=5139751,unresearched,unverified_candidate,Ranked for research discovery; HPI is not evidence of early success.
1379,candidate-1379-ardem-patapoutian,Ardem Patapoutian,1967,BIOLOGIST,Lebanon,M,48,57.20,https://en.wikipedia.org/?curid=66553329,unresearched,unverified_candidate,Ranked for research discovery; HPI is not evidence of early success.
1380,candidate-1380-javier-mariscal,Javier Mariscal,1950,PAINTER,Spain,M,16,57.20,https://en.wikipedia.org/?curid=4278757,unresearched,unverified_candidate,Ranked for research discovery; HPI is not evidence of early success.
1381,candidate-1381-aydin-ibrahimov,Aydin Ibrahimov,1938,WRESTLER,Azerbaijan,M,16,57.19,https://en.wikipedia.org/?curid=36125105,unresearched,unverified_candidate,Ranked for research discovery; HPI is not evidence of early success.
1382,candidate-1382-primož-roglič,Primož Roglič,1989,CYCLIST,Slovenia,M,39,57.17,https://en.wikipedia.org/?curid=40853057,unresearched,unverified_candidate,Ranked for research discovery; HPI is not evidence of early success.
1383,candidate-1383-anton-tkáč,Anton Tkáč,1951,CYCLIST,Slovakia,F,22,57.17,https://en.wikipedia.org/?curid=11081764,unresearched,unverified_candidate,Ranked for research discovery; HPI is not evidence of early success.
1384,candidate-1384-arturo-pomar,Arturo Pomar,1931,CHESS PLAYER,Spain,M,16,57.16,https://en.wikipedia.org/?curid=12763915,unresearched,unverified_candidate,Ranked for research discovery; HPI is not evidence of early success.
1385,candidate-1385-marcelo-ríos,Marcelo Ríos,1975,TENNIS PLAYER,Chile,M,40,57.12,https://en.wikipedia.org/?curid=483554,unresearched,unverified_candidate,Ranked for research discovery; HPI is not evidence of early success.
1386,candidate-1386-kadir-topbaş,Kadir Topbaş,1945,ARCHITECT,Türkiye,M,20,57.10,https://en.wikipedia.org/?curid=4954720,unresearched,unverified_candidate,Ranked for research discovery; HPI is not evidence of early success.
1387,candidate-1387-stephen-roche,Stephen Roche,1959,CYCLIST,Ireland,M,27,57.09,https://en.wikipedia.org/?curid=355514,unresearched,unverified_candidate,Ranked for research discovery; HPI is not evidence of early success.
1388,candidate-1388-claude-criquielion,Claude Criquielion,1957,CYCLIST,Belgium,M,23,57.09,https://en.wikipedia.org/?curid=6584354,unresearched,unverified_candidate,Ranked for research discovery; HPI is not evidence of early success.
1389,candidate-1389-richard-krajicek,Richard Krajicek,1971,TENNIS PLAYER,Netherlands,M,36,57.08,https://en.wikipedia.org/?curid=161972,unresearched,unverified_candidate,Ranked for research discovery; HPI is not evidence of early success.
1390,candidate-1390-mark-edmondson,Mark Edmondson,1954,TENNIS PLAYER,Australia,M,26,57.07,https://en.wikipedia.org/?curid=2201541,unresearched,unverified_candidate,Ranked for research discovery; HPI is not evidence of early success.
1391,candidate-1391-marcus-schenkenberg,Marcus Schenkenberg,1968,MODEL,Sweden,M,18,57.07,https://en.wikipedia.org/?curid=362562,unresearched,unverified_candidate,Ranked for research discovery; HPI is not evidence of early success.
1392,candidate-1392-àlex-corretja,Àlex Corretja,1974,TENNIS PLAYER,Spain,M,32,57.06,https://en.wikipedia.org/?curid=17733765,unresearched,unverified_candidate,Ranked for research discovery; HPI is not evidence of early success.
1393,candidate-1393-hwang-woo-suk,Hwang Woo-suk,1953,BIOLOGIST,South Korea,M,15,57.06,https://en.wikipedia.org/?curid=1962277,unresearched,unverified_candidate,Ranked for research discovery; HPI is not evidence of early success.
1394,candidate-1394-anders-järryd,Anders Järryd,1961,TENNIS PLAYER,Sweden,M,25,57.04,https://en.wikipedia.org/?curid=1963902,unresearched,unverified_candidate,Ranked for research discovery; HPI is not evidence of early success.
1395,candidate-1395-chris-froome,Chris Froome,1985,CYCLIST,Kenya,M,55,57.04,https://en.wikipedia.org/?curid=18027287,unresearched,unverified_candidate,Ranked for research discovery; HPI is not evidence of early success.
1396,candidate-1396-virginia-ruzici,Virginia Ruzici,1955,TENNIS PLAYER,Romania,F,27,57.03,https://en.wikipedia.org/?curid=2151676,unresearched,unverified_candidate,Ranked for research discovery; HPI is not evidence of early success.
1397,candidate-1397-rasmus-lerdorf,Rasmus Lerdorf,1968,COMPUTER SCIENTIST,Greenland,M,42,57.01,https://en.wikipedia.org/?curid=465672,unresearched,unverified_candidate,Ranked for research discovery; HPI is not evidence of early success.
1398,candidate-1398-jacques-tits,Jacques Tits,1930,MATHEMATICIAN,Belgium,M,30,57.01,https://en.wikipedia.org/?curid=219570,unresearched,unverified_candidate,Ranked for research discovery; HPI is not evidence of early success.
1399,candidate-1399-luis-royo,Luis Royo,1954,PAINTER,Spain,M,20,56.99,https://en.wikipedia.org/?curid=1094693,unresearched,unverified_candidate,Ranked for research discovery; HPI is not evidence of early success.
1400,candidate-1400-alfred-swift,Alfred Swift,1931,CYCLIST,South Africa,M,17,56.98,https://en.wikipedia.org/?curid=23458430,unresearched,unverified_candidate,Ranked for research discovery; HPI is not evidence of early success.
1401,candidate-1401-rafael-frühbeck-de-burgos,Rafael Frühbeck de Burgos,1933,CONDUCTOR,Spain,M,17,56.97,https://en.wikipedia.org/?curid=1239399,unresearched,unverified_candidate,Ranked for research discovery; HPI is not evidence of early success.
1402,candidate-1402-kevin-owens,Kevin Owens,1984,WRESTLER,Canada,M,36,56.97,https://en.wikipedia.org/?curid=3450734,unresearched,unverified_candidate,Ranked for research discovery; HPI is not evidence of early success.
1403,candidate-1403-leonid-stein,Leonid Stein,1934,CHESS PLAYER,Ukraine,M,18,56.95,https://en.wikipedia.org/?curid=298440,unresearched,unverified_candidate,Ranked for research discovery; HPI is not evidence of early success.
1404,candidate-1404-mario-testino,Mario Testino,1954,PHOTOGRAPHER,Peru,M,18,56.94,https://en.wikipedia.org/?curid=3006902,unresearched,unverified_candidate,Ranked for research discovery; HPI is not evidence of early success.
1405,candidate-1405-ron-arad,Ron Arad,1951,ARCHITECT,Israel,M,18,56.92,https://en.wikipedia.org/?curid=8015464,unresearched,unverified_candidate,Ranked for research discovery; HPI is not evidence of early success.
1406,candidate-1406-kurt-nielsen,Kurt Nielsen,1930,TENNIS PLAYER,Denmark,M,20,56.91,https://en.wikipedia.org/?curid=5884234,unresearched,unverified_candidate,Ranked for research discovery; HPI is not evidence of early success.
1407,candidate-1407-miquel-barceló,Miquel Barceló,1957,PAINTER,,M,16,56.90,https://en.wikipedia.org/?curid=2534667,unresearched,unverified_candidate,Ranked for research discovery; HPI is not evidence of early success.
1408,candidate-1408-johan-museeuw,Johan Museeuw,1965,CYCLIST,Belgium,M,21,56.89,https://en.wikipedia.org/?curid=859159,unresearched,unverified_candidate,Ranked for research discovery; HPI is not evidence of early success.
1409,candidate-1409-aleksandar-petrović,Aleksandar Petrović,1959,BASKETBALL PLAYER,Croatia,M,20,56.89,https://en.wikipedia.org/?curid=13634331,unresearched,unverified_candidate,Ranked for research discovery; HPI is not evidence of early success.
1410,candidate-1410-zoltán-magyar,Zoltán Magyar,1953,GYMNAST,Hungary,F,24,56.86,https://en.wikipedia.org/?curid=6690613,unresearched,unverified_candidate,Ranked for research discovery; HPI is not evidence of early success.
1411,candidate-1411-natalya-neidhart,Natalya Neidhart,1982,WRESTLER,Canada,F,33,56.86,https://en.wikipedia.org/?curid=1882974,unresearched,unverified_candidate,Ranked for research discovery; HPI is not evidence of early success.
1412,candidate-1412-tatiana-zatulovskaya,Tatiana Zatulovskaya,1935,CHESS PLAYER,Azerbaijan,F,18,56.85,https://en.wikipedia.org/?curid=7013725,unresearched,unverified_candidate,Ranked for research discovery; HPI is not evidence of early success.
1413,candidate-1413-adriana-karembeu,Adriana Karembeu,1971,MODEL,Slovakia,F,41,56.84,https://en.wikipedia.org/?curid=1038970,unresearched,unverified_candidate,Ranked for research discovery; HPI is not evidence of early success.
1414,candidate-1414-shelley-mcnamara,Shelley McNamara,1952,ARCHITECT,Ireland,F,26,56.83,https://en.wikipedia.org/?curid=48553456,unresearched,unverified_candidate,Ranked for research discovery; HPI is not evidence of early success.
1415,candidate-1415-bar-refaeli,Bar Refaeli,1985,MODEL,Israel,F,44,56.81,https://en.wikipedia.org/?curid=1229883,unresearched,unverified_candidate,Ranked for research discovery; HPI is not evidence of early success.
1416,candidate-1416-mary-pierce,Mary Pierce,1975,TENNIS PLAYER,Canada,F,46,56.78,https://en.wikipedia.org/?curid=754866,unresearched,unverified_candidate,Ranked for research discovery; HPI is not evidence of early success.
1417,candidate-1417-peter-sagan,Peter Sagan,1990,CYCLIST,Slovakia,M,43,56.78,https://en.wikipedia.org/?curid=26501808,unresearched,unverified_candidate,Ranked for research discovery; HPI is not evidence of early success.
1418,candidate-1418-humpy-koneru,Humpy Koneru,1987,CHESS PLAYER,India,F,47,56.77,https://en.wikipedia.org/?curid=595443,unresearched,unverified_candidate,Ranked for research discovery; HPI is not evidence of early success.
1419,candidate-1419-sante-gaiardoni,Sante Gaiardoni,1939,CYCLIST,,M,24,56.76,https://en.wikipedia.org/?curid=15049532,unresearched,unverified_candidate,Ranked for research discovery; HPI is not evidence of early success.
1420,candidate-1420-tim-duncan,Tim Duncan,1976,BASKETBALL PLAYER,U.S. Virgin Islands,M,60,56.75,https://en.wikipedia.org/?curid=221812,unresearched,unverified_candidate,Ranked for research discovery; HPI is not evidence of early success.
1421,candidate-1421-pau-gasol,Pau Gasol,1980,BASKETBALL PLAYER,Spain,M,52,56.75,https://en.wikipedia.org/?curid=156093,unresearched,unverified_candidate,Ranked for research discovery; HPI is not evidence of early success.
1422,candidate-1422-boris-gelfand,Boris Gelfand,1968,CHESS PLAYER,Belarus,M,49,56.74,https://en.wikipedia.org/?curid=2095405,unresearched,unverified_candidate,Ranked for research discovery; HPI is not evidence of early success.
1423,candidate-1423-miranda-kerr,Miranda Kerr,1983,MODEL,Australia,F,64,56.73,https://en.wikipedia.org/?curid=2925581,unresearched,unverified_candidate,Ranked for research discovery; HPI is not evidence of early success.
1424,candidate-1424-vinko-jelovac,Vinko Jelovac,1948,BASKETBALL PLAYER,Croatia,M,17,56.72,https://en.wikipedia.org/?curid=25758968,unresearched,unverified_candidate,Ranked for research discovery; HPI is not evidence of early success.
1425,candidate-1425-vladimir-yengibaryan,Vladimir Yengibaryan,1932,BOXER,Armenia,M,16,56.70,https://en.wikipedia.org/?curid=14793477,unresearched,unverified_candidate,Ranked for research discovery; HPI is not evidence of early success.
1426,candidate-1426-dino-rađa,Dino Rađa,1967,BASKETBALL PLAYER,Croatia,M,31,56.70,https://en.wikipedia.org/?curid=2115860,unresearched,unverified_candidate,Ranked for research discovery; HPI is not evidence of early success.
1427,candidate-1427-andrás-adorján,András Adorján,1950,CHESS PLAYER,Hungary,M,21,56.70,https://en.wikipedia.org/?curid=3117572,unresearched,unverified_candidate,Ranked for research discovery; HPI is not evidence of early success.
1428,candidate-1428-alex-zülle,Alex Zülle,1968,CYCLIST,Switzerland,M,29,56.68,https://en.wikipedia.org/?curid=2235288,unresearched,unverified_candidate,Ranked for research discovery; HPI is not evidence of early success.
1429,candidate-1429-rené-pijnen,René Pijnen,1946,CYCLIST,Netherlands,M,18,56.67,https://en.wikipedia.org/?curid=4660455,unresearched,unverified_candidate,Ranked for research discovery; HPI is not evidence of early success.
1430,candidate-1430-david-suzuki,David Suzuki,1936,BIOLOGIST,Canada,M,39,56.67,https://en.wikipedia.org/?curid=149128,unresearched,unverified_candidate,Ranked for research discovery; HPI is not evidence of early success.
1431,candidate-1431-daniela-silivaș,Daniela Silivaș,1972,GYMNAST,Romania,F,28,56.67,https://en.wikipedia.org/?curid=2109701,unresearched,unverified_candidate,Ranked for research discovery; HPI is not evidence of early success.
1432,candidate-1432-sami-zayn,Sami Zayn,1984,WRESTLER,Canada,M,28,56.66,https://en.wikipedia.org/?curid=3327198,unresearched,unverified_candidate,Ranked for research discovery; HPI is not evidence of early success.
1433,candidate-1433-liviu-librescu,Liviu Librescu,1930,COMPUTER SCIENTIST,Romania,M,28,56.65,https://en.wikipedia.org/?curid=10723489,unresearched,unverified_candidate,Ranked for research discovery; HPI is not evidence of early success.
1434,candidate-1434-alexis-argüello,Alexis Argüello,1952,BOXER,Nicaragua,M,23,56.63,https://en.wikipedia.org/?curid=80486,unresearched,unverified_candidate,Ranked for research discovery; HPI is not evidence of early success.
1435,candidate-1435-veronica-guerin,Veronica Guerin,1958,JOURNALIST,Ireland,F,64,56.63,https://en.wikipedia.org/?curid=703942,unresearched,unverified_candidate,Ranked for research discovery; HPI is not evidence of early success.
1436,candidate-1436-liya-kebede,Liya Kebede,1978,MODEL,Ethiopia,F,36,56.63,https://en.wikipedia.org/?curid=1358427,unresearched,unverified_candidate,Ranked for research discovery; HPI is not evidence of early success.
1437,candidate-1437-jon-ola-sand,Jon Ola Sand,1961,JOURNALIST,Norway,M,30,56.60,https://en.wikipedia.org/?curid=29760224,unresearched,unverified_candidate,Ranked for research discovery; HPI is not evidence of early success.
1438,candidate-1438-ron-mueck,Ron Mueck,1958,SCULPTOR,Australia,M,22,56.60,https://en.wikipedia.org/?curid=681122,unresearched,unverified_candidate,Ranked for research discovery; HPI is not evidence of early success.
1439,candidate-1439-andrew-golota,Andrew Golota,1968,BOXER,Poland,M,19,56.59,https://en.wikipedia.org/?curid=164043,unresearched,unverified_candidate,Ranked for research discovery; HPI is not evidence of early success.
1440,candidate-1440-ivar-jacobson,Ivar Jacobson,1939,COMPUTER SCIENTIST,Sweden,M,20,56.52,https://en.wikipedia.org/?curid=1127106,unresearched,unverified_candidate,Ranked for research discovery; HPI is not evidence of early success.
1441,candidate-1441-jerzy-kulej,Jerzy Kulej,1940,BOXER,Poland,M,19,56.52,https://en.wikipedia.org/?curid=14502180,unresearched,unverified_candidate,Ranked for research discovery; HPI is not evidence of early success.
1442,candidate-1442-ksenia-milicevic,Ksenia Milicevic,1942,PAINTER,Bosnia and Herzegovina,F,18,56.51,https://en.wikipedia.org/?curid=24770736,unresearched,unverified_candidate,Ranked for research discovery; HPI is not evidence of early success.
1443,candidate-1443-valentina-rastvorova,Valentina Rastvorova,1933,FENCER,Ukraine,F,19,56.50,https://en.wikipedia.org/?curid=19512383,unresearched,unverified_candidate,Ranked for research discovery; HPI is not evidence of early success.
1444,candidate-1444-mike-burton,Mike Burton,1947,SWIMMER,,M,22,56.49,https://en.wikipedia.org/?curid=6001025,unresearched,unverified_candidate,Ranked for research discovery; HPI is not evidence of early success.
1445,candidate-1445-seve-ballesteros,Seve Ballesteros,1957,GOLFER,Spain,M,34,56.47,https://en.wikipedia.org/?curid=740993,unresearched,unverified_candidate,Ranked for research discovery; HPI is not evidence of early success.
1446,candidate-1446-denise-scott-brown,Denise Scott Brown,1931,ARCHITECT,Zambia,F,23,56.47,https://en.wikipedia.org/?curid=6620714,unresearched,unverified_candidate,Ranked for research discovery; HPI is not evidence of early success.
1447,candidate-1447-emma-heming-willis,Emma Heming Willis,1978,MODEL,Malta,F,15,56.46,https://en.wikipedia.org/?curid=17473111,unresearched,unverified_candidate,Ranked for research discovery; HPI is not evidence of early success.
1448,candidate-1448-vladimir-bagirov,Vladimir Bagirov,1936,CHESS PLAYER,Azerbaijan,M,20,56.46,https://en.wikipedia.org/?curid=12426834,unresearched,unverified_candidate,Ranked for research discovery; HPI is not evidence of early success.
1449,candidate-1449-eliyahu-rips,Eliyahu Rips,1948,MATHEMATICIAN,Latvia,M,17,56.45,https://en.wikipedia.org/?curid=673693,unresearched,unverified_candidate,Ranked for research discovery; HPI is not evidence of early success.
1450,candidate-1450-avi-loeb,Avi Loeb,1962,ASTRONOMER,Israel,M,16,56.44,https://en.wikipedia.org/?curid=5021087,unresearched,unverified_candidate,Ranked for research discovery; HPI is not evidence of early success.
1451,candidate-1451-győző-forintos,Győző Forintos,1935,CHESS PLAYER,Hungary,M,16,56.43,https://en.wikipedia.org/?curid=7973505,unresearched,unverified_candidate,Ranked for research discovery; HPI is not evidence of early success.
1452,candidate-1452-antanas-mockus,Antanas Mockus,1952,MATHEMATICIAN,Colombia,M,22,56.41,https://en.wikipedia.org/?curid=525901,unresearched,unverified_candidate,Ranked for research discovery; HPI is not evidence of early success.
1453,candidate-1453-ole-ritter,Ole Ritter,1941,CYCLIST,Denmark,M,18,56.40,https://en.wikipedia.org/?curid=14358711,unresearched,unverified_candidate,Ranked for research discovery; HPI is not evidence of early success.
1454,candidate-1454-predrag-nikolić,Predrag Nikolić,1960,CHESS PLAYER,Bosnia and Herzegovina,M,19,56.40,https://en.wikipedia.org/?curid=7531493,unresearched,unverified_candidate,Ranked for research discovery; HPI is not evidence of early success.
1455,candidate-1455-mona-hatoum,Mona Hatoum,1952,SCULPTOR,Lebanon,F,23,56.39,https://en.wikipedia.org/?curid=1125877,unresearched,unverified_candidate,Ranked for research discovery; HPI is not evidence of early success.
1456,candidate-1456-vera-t-sós,Vera T. Sós,1930,MATHEMATICIAN,Hungary,F,21,56.38,https://en.wikipedia.org/?curid=24938673,unresearched,unverified_candidate,Ranked for research discovery; HPI is not evidence of early success.
1457,candidate-1457-bohdan-paczyński,Bohdan Paczyński,1940,ASTRONOMER,Lithuania,M,17,56.37,https://en.wikipedia.org/?curid=438412,unresearched,unverified_candidate,Ranked for research discovery; HPI is not evidence of early success.
1458,candidate-1458-aurelio-galfetti,Aurelio Galfetti,1936,ARCHITECT,Switzerland,M,15,56.37,https://en.wikipedia.org/?curid=36937668,unresearched,unverified_candidate,Ranked for research discovery; HPI is not evidence of early success.
1459,candidate-1459-léon-krier,Léon Krier,1946,ARCHITECT,Luxembourg,M,15,56.36,https://en.wikipedia.org/?curid=1371541,unresearched,unverified_candidate,Ranked for research discovery; HPI is not evidence of early success.
1460,candidate-1460-vaughan-jones,Vaughan Jones,1952,MATHEMATICIAN,New Zealand,M,33,56.36,https://en.wikipedia.org/?curid=1227628,unresearched,unverified_candidate,Ranked for research discovery; HPI is not evidence of early success.
1461,candidate-1461-johny-schleck,Johny Schleck,1942,CYCLIST,Luxembourg,M,15,56.34,https://en.wikipedia.org/?curid=24232784,unresearched,unverified_candidate,Ranked for research discovery; HPI is not evidence of early success.
1462,candidate-1462-harm-ottenbros,Harm Ottenbros,1943,CYCLIST,Netherlands,M,18,56.34,https://en.wikipedia.org/?curid=7330023,unresearched,unverified_candidate,Ranked for research discovery; HPI is not evidence of early success.
1463,candidate-1463-jef-planckaert,Jef Planckaert,1934,CYCLIST,Belgium,M,16,56.32,https://en.wikipedia.org/?curid=10871313,unresearched,unverified_candidate,Ranked for research discovery; HPI is not evidence of early success.
1464,candidate-1464-alejandro-valverde,Alejandro Valverde,1980,CYCLIST,Spain,M,37,56.29,https://en.wikipedia.org/?curid=2219614,unresearched,unverified_candidate,Ranked for research discovery; HPI is not evidence of early success.
1465,candidate-1465-john-devitt,John Devitt,1937,SWIMMER,Australia,M,24,56.26,https://en.wikipedia.org/?curid=4899114,unresearched,unverified_candidate,Ranked for research discovery; HPI is not evidence of early success.
1466,candidate-1466-willy-planckaert,Willy Planckaert,1944,CYCLIST,Belgium,M,18,56.23,https://en.wikipedia.org/?curid=13821578,unresearched,unverified_candidate,Ranked for research discovery; HPI is not evidence of early success.
1467,candidate-1467-abraham-lempel,Abraham Lempel,1936,COMPUTER SCIENTIST,Ukraine,M,20,56.15,https://en.wikipedia.org/?curid=1924307,unresearched,unverified_candidate,Ranked for research discovery; HPI is not evidence of early success.
1468,candidate-1468-oksana-chusovitina,Oksana Chusovitina,1975,GYMNAST,Uzbekistan,F,31,56.14,https://en.wikipedia.org/?curid=3385343,unresearched,unverified_candidate,Ranked for research discovery; HPI is not evidence of early success.
1469,candidate-1469-tetsuo-okamoto,Tetsuo Okamoto,1932,SWIMMER,Brazil,M,18,56.13,https://en.wikipedia.org/?curid=5895500,unresearched,unverified_candidate,Ranked for research discovery; HPI is not evidence of early success.
1470,candidate-1470-anna-muzychuk,Anna Muzychuk,1990,CHESS PLAYER,Ukraine,F,45,56.13,https://en.wikipedia.org/?curid=1076780,unresearched,unverified_candidate,Ranked for research discovery; HPI is not evidence of early success.
1471,candidate-1471-mauro-gianetti,Mauro Gianetti,1964,CYCLIST,Switzerland,M,18,56.12,https://en.wikipedia.org/?curid=6904122,unresearched,unverified_candidate,Ranked for research discovery; HPI is not evidence of early success.
1472,candidate-1472-ryszard-szurkowski,Ryszard Szurkowski,1946,CYCLIST,Poland,M,25,56.09,https://en.wikipedia.org/?curid=25775752,unresearched,unverified_candidate,Ranked for research discovery; HPI is not evidence of early success.
1473,candidate-1473-lin-chi-ling,Lin Chi-ling,1974,MODEL,Taiwan,F,24,56.09,https://en.wikipedia.org/?curid=30862582,unresearched,unverified_candidate,Ranked for research discovery; HPI is not evidence of early success.
1474,candidate-1474-vitaly-scherbo,Vitaly Scherbo,1972,GYMNAST,Belarus,M,41,56.08,https://en.wikipedia.org/?curid=944837,unresearched,unverified_candidate,Ranked for research discovery; HPI is not evidence of early success.
1475,candidate-1475-saharon-shelah,Saharon Shelah,1945,MATHEMATICIAN,Israel,M,23,56.05,https://en.wikipedia.org/?curid=331211,unresearched,unverified_candidate,Ranked for research discovery; HPI is not evidence of early success.
1476,candidate-1476-henrique-mecking,Henrique Mecking,1952,CHESS PLAYER,Brazil,M,18,56.04,https://en.wikipedia.org/?curid=501988,unresearched,unverified_candidate,Ranked for research discovery; HPI is not evidence of early success.
1477,candidate-1477-eri-klas,Eri Klas,1939,CONDUCTOR,Estonia,M,19,56.04,https://en.wikipedia.org/?curid=19924856,unresearched,unverified_candidate,Ranked for research discovery; HPI is not evidence of early success.
1478,candidate-1478-bruno-habārovs,Bruno Habārovs,1939,FENCER,Latvia,M,17,55.99,https://en.wikipedia.org/?curid=29498549,unresearched,unverified_candidate,Ranked for research discovery; HPI is not evidence of early success.
1479,candidate-1479-sergei-adian,Sergei Adian,1931,MATHEMATICIAN,Azerbaijan,M,17,55.99,https://en.wikipedia.org/?curid=5028401,unresearched,unverified_candidate,Ranked for research discovery; HPI is not evidence of early success.
1480,candidate-1480-boško-abramović,Boško Abramović,1951,CHESS PLAYER,Serbia,M,18,55.99,https://en.wikipedia.org/?curid=26880937,unresearched,unverified_candidate,Ranked for research discovery; HPI is not evidence of early success.
1481,candidate-1481-yoram-globus,Yoram Globus,1943,PRODUCER,Israel,M,15,55.98,https://en.wikipedia.org/?curid=5801994,unresearched,unverified_candidate,Ranked for research discovery; HPI is not evidence of early success.
1482,candidate-1482-leif-mortensen,Leif Mortensen,1946,CYCLIST,Denmark,M,18,55.95,https://en.wikipedia.org/?curid=17709610,unresearched,unverified_candidate,Ranked for research discovery; HPI is not evidence of early success.
1483,candidate-1483-enric-miralles,Enric Miralles,1955,ARCHITECT,Spain,M,17,55.95,https://en.wikipedia.org/?curid=481592,unresearched,unverified_candidate,Ranked for research discovery; HPI is not evidence of early success.
1484,candidate-1484-emmanuel-lubezki,Emmanuel Lubezki,1964,PAINTER,Mexico,M,33,55.95,https://en.wikipedia.org/?curid=6928959,unresearched,unverified_candidate,Ranked for research discovery; HPI is not evidence of early success.
1485,candidate-1485-roland-moreno,Roland Moreno,1945,INVENTOR,Egypt,M,18,55.93,https://en.wikipedia.org/?curid=35669547,unresearched,unverified_candidate,Ranked for research discovery; HPI is not evidence of early success.
1486,candidate-1486-issake-dabore,Issake Dabore,1940,BOXER,Niger,M,18,55.92,https://en.wikipedia.org/?curid=13591337,unresearched,unverified_candidate,Ranked for research discovery; HPI is not evidence of early success.
1487,candidate-1487-valery-khalilov,Valery Khalilov,1952,CONDUCTOR,Uzbekistan,F,22,55.90,https://en.wikipedia.org/?curid=48706702,unresearched,unverified_candidate,Ranked for research discovery; HPI is not evidence of early success.
1488,candidate-1488-domingo-perurena,Domingo Perurena,1943,CYCLIST,Spain,M,15,55.87,https://en.wikipedia.org/?curid=13112684,unresearched,unverified_candidate,Ranked for research discovery; HPI is not evidence of early success.
1489,candidate-1489-vasyl-lomachenko,Vasyl Lomachenko,1988,BOXER,Ukraine,M,35,55.83,https://en.wikipedia.org/?curid=14538175,unresearched,unverified_candidate,Ranked for research discovery; HPI is not evidence of early success.
1490,candidate-1490-ian-thorpe,Ian Thorpe,1982,SWIMMER,Australia,M,55,55.83,https://en.wikipedia.org/?curid=147429,unresearched,unverified_candidate,Ranked for research discovery; HPI is not evidence of early success.
1491,candidate-1491-revaz-gabriadze,Revaz Gabriadze,1936,SCULPTOR,Georgia,M,16,55.81,https://en.wikipedia.org/?curid=44566717,unresearched,unverified_candidate,Ranked for research discovery; HPI is not evidence of early success.
1492,candidate-1492-orlando-martínez,Orlando Martínez,1944,BOXER,Cuba,M,17,55.81,https://en.wikipedia.org/?curid=6989598,unresearched,unverified_candidate,Ranked for research discovery; HPI is not evidence of early success.
1493,candidate-1493-christos-papadimitriou,Christos Papadimitriou,1949,COMPUTER SCIENTIST,Greece,M,20,55.80,https://en.wikipedia.org/?curid=3509428,unresearched,unverified_candidate,Ranked for research discovery; HPI is not evidence of early success.
1494,candidate-1494-david-ho,David Ho,1952,BIOLOGIST,Taiwan,M,22,55.80,https://en.wikipedia.org/?curid=149940,unresearched,unverified_candidate,Ranked for research discovery; HPI is not evidence of early success.
1495,candidate-1495-ann-sofi-pettersson,Ann-Sofi Pettersson,1932,GYMNAST,Sweden,F,16,55.80,https://en.wikipedia.org/?curid=19320589,unresearched,unverified_candidate,Ranked for research discovery; HPI is not evidence of early success.
1496,candidate-1496-george-chuvalo,George Chuvalo,1937,BOXER,Canada,M,15,55.80,https://en.wikipedia.org/?curid=290093,unresearched,unverified_candidate,Ranked for research discovery; HPI is not evidence of early success.
1497,candidate-1497-carlos-lucas,Carlos Lucas,1930,BOXER,Chile,M,16,55.79,https://en.wikipedia.org/?curid=3498402,unresearched,unverified_candidate,Ranked for research discovery; HPI is not evidence of early success.
1498,candidate-1498-imre-gedővári,Imre Gedővári,1951,FENCER,Hungary,M,18,55.79,https://en.wikipedia.org/?curid=5139655,unresearched,unverified_candidate,Ranked for research discovery; HPI is not evidence of early success.
1499,candidate-1499-gary-player,Gary Player,1935,GOLFER,South Africa,M,32,55.78,https://en.wikipedia.org/?curid=405860,unresearched,unverified_candidate,Ranked for research discovery; HPI is not evidence of early success.
1500,candidate-1500-franco-bitossi,Franco Bitossi,1940,CYCLIST,,M,17,55.78,https://en.wikipedia.org/?curid=8464489,unresearched,unverified_candidate,Ranked for research discovery; HPI is not evidence of early success.
1501,candidate-1501-adriana-hoffmann,Adriana Hoffmann,1940,BIOLOGIST,Chile,F,18,55.77,https://en.wikipedia.org/?curid=41609700,unresearched,unverified_candidate,Ranked for research discovery; HPI is not evidence of early success.
1502,candidate-1502-bang-si-hyuk,Bang Si-hyuk,1972,PRODUCER,South Korea,M,21,55.76,https://en.wikipedia.org/?curid=54718511,unresearched,unverified_candidate,Ranked for research discovery; HPI is not evidence of early success.
1503,candidate-1503-manuel-rivera-ortiz,Manuel Rivera-Ortiz,1968,PHOTOGRAPHER,Puerto Rico,M,37,55.73,https://en.wikipedia.org/?curid=25399198,unresearched,unverified_candidate,Ranked for research discovery; HPI is not evidence of early success.
1504,candidate-1504-pierfranco-vianelli,Pierfranco Vianelli,1946,CYCLIST,,M,17,55.70,https://en.wikipedia.org/?curid=15048243,unresearched,unverified_candidate,Ranked for research discovery; HPI is not evidence of early success.
1505,candidate-1505-tom-boonen,Tom Boonen,1980,CYCLIST,Belgium,M,37,55.70,https://en.wikipedia.org/?curid=1720974,unresearched,unverified_candidate,Ranked for research discovery; HPI is not evidence of early success.
1506,candidate-1506-erwin-wurm,Erwin Wurm,1954,SCULPTOR,Austria,M,22,55.69,https://en.wikipedia.org/?curid=7847379,unresearched,unverified_candidate,Ranked for research discovery; HPI is not evidence of early success.
1507,candidate-1507-omowunmi-sadik,Omowunmi Sadik,1964,CHEMIST,Nigeria,F,21,55.69,https://en.wikipedia.org/?curid=48543805,unresearched,unverified_candidate,Ranked for research discovery; HPI is not evidence of early success.
1508,candidate-1508-csaba-fenyvesi,Csaba Fenyvesi,1943,FENCER,Hungary,M,21,55.68,https://en.wikipedia.org/?curid=18232217,unresearched,unverified_candidate,Ranked for research discovery; HPI is not evidence of early success.
1509,candidate-1509-camila-alves,Camila Alves,1983,MODEL,Mali,F,17,55.68,https://en.wikipedia.org/?curid=27284118,unresearched,unverified_candidate,Ranked for research discovery; HPI is not evidence of early success.
1510,candidate-1510-pipilotti-rist,Pipilotti Rist,1962,PAINTER,Switzerland,F,24,55.66,https://en.wikipedia.org/?curid=4305690,unresearched,unverified_candidate,Ranked for research discovery; HPI is not evidence of early success.
1511,candidate-1511-doutzen-kroes,Doutzen Kroes,1985,MODEL,Netherlands,F,47,55.66,https://en.wikipedia.org/?curid=3760457,unresearched,unverified_candidate,Ranked for research discovery; HPI is not evidence of early success.
1512,candidate-1512-kiki-kogelnik,Kiki Kogelnik,1935,PAINTER,Austria,F,19,55.65,https://en.wikipedia.org/?curid=6124020,unresearched,unverified_candidate,Ranked for research discovery; HPI is not evidence of early success.
1513,candidate-1513-simen-agdestein,Simen Agdestein,1967,CHESS PLAYER,Norway,M,37,55.61,https://en.wikipedia.org/?curid=902541,unresearched,unverified_candidate,Ranked for research discovery; HPI is not evidence of early success.
1514,candidate-1514-brad-cooper,Brad Cooper,1954,SWIMMER,Singapore,M,16,55.60,https://en.wikipedia.org/?curid=4873012,unresearched,unverified_candidate,Ranked for research discovery; HPI is not evidence of early success.
1515,candidate-1515-zdeněk-mácal,Zdeněk Mácal,1936,CONDUCTOR,Czechia,M,15,55.58,https://en.wikipedia.org/?curid=3693833,unresearched,unverified_candidate,Ranked for research discovery; HPI is not evidence of early success.
1516,candidate-1516-ara-shiraz,Ara Shiraz,1941,SCULPTOR,Armenia,M,20,55.56,https://en.wikipedia.org/?curid=25027531,unresearched,unverified_candidate,Ranked for research discovery; HPI is not evidence of early success.
1517,candidate-1517-flossie-wong-staal,Flossie Wong-Staal,1946,BIOLOGIST,China,F,21,55.56,https://en.wikipedia.org/?curid=5660535,unresearched,unverified_candidate,Ranked for research discovery; HPI is not evidence of early success.
1518,candidate-1518-helena-almeida,Helena Almeida,1934,PAINTER,Portugal,F,16,55.54,https://en.wikipedia.org/?curid=42350752,unresearched,unverified_candidate,Ranked for research discovery; HPI is not evidence of early success.
1519,candidate-1519-emilio-correa,Emilio Correa,1953,BOXER,Cuba,M,18,55.54,https://en.wikipedia.org/?curid=14975898,unresearched,unverified_candidate,Ranked for research discovery; HPI is not evidence of early success.
1520,candidate-1520-eduard-gufeld,Eduard Gufeld,1936,CHESS PLAYER,Ukraine,M,16,55.51,https://en.wikipedia.org/?curid=2579483,unresearched,unverified_candidate,Ranked for research discovery; HPI is not evidence of early success.
1521,candidate-1521-graciela-iturbide,Graciela Iturbide,1942,PHOTOGRAPHER,Mexico,F,16,55.50,https://en.wikipedia.org/?curid=3783106,unresearched,unverified_candidate,Ranked for research discovery; HPI is not evidence of early success.
1522,candidate-1522-sofia-polgár,Sofia Polgár,1974,CHESS PLAYER,Hungary,F,28,55.46,https://en.wikipedia.org/?curid=1570693,unresearched,unverified_candidate,Ranked for research discovery; HPI is not evidence of early success.
1523,candidate-1523-robert-kalina,Robert Kalina,1955,DESIGNER,Austria,M,20,55.45,https://en.wikipedia.org/?curid=18034087,unresearched,unverified_candidate,Ranked for research discovery; HPI is not evidence of early success.
1524,candidate-1524-éva-novák-gerard,Éva Novák-Gerard,1930,SWIMMER,Hungary,F,18,55.40,https://en.wikipedia.org/?curid=2224771,unresearched,unverified_candidate,Ranked for research discovery; HPI is not evidence of early success.
1525,candidate-1525-rafael-vaganian,Rafael Vaganian,1951,CHESS PLAYER,Armenia,F,19,55.38,https://en.wikipedia.org/?curid=6730856,unresearched,unverified_candidate,Ranked for research discovery; HPI is not evidence of early success.
1526,candidate-1526-andris-nelsons,Andris Nelsons,1978,CONDUCTOR,Latvia,M,32,55.38,https://en.wikipedia.org/?curid=14514554,unresearched,unverified_candidate,Ranked for research discovery; HPI is not evidence of early success.
1527,candidate-1527-guity-novin,Guity Novin,1944,PAINTER,Iran,F,17,55.36,https://en.wikipedia.org/?curid=8241593,unresearched,unverified_candidate,Ranked for research discovery; HPI is not evidence of early success.
1528,candidate-1528-el-anatsui,El Anatsui,1944,SCULPTOR,Ghana,M,17,55.28,https://en.wikipedia.org/?curid=8165775,unresearched,unverified_candidate,Ranked for research discovery; HPI is not evidence of early success.
1529,candidate-1529-carlos-latuff,Carlos Latuff,1968,PAINTER,Brazil,M,27,55.27,https://en.wikipedia.org/?curid=685631,unresearched,unverified_candidate,Ranked for research discovery; HPI is not evidence of early success.
1530,candidate-1530-albín-brunovský,Albín Brunovský,1935,PAINTER,Slovakia,M,17,55.23,https://en.wikipedia.org/?curid=3202276,unresearched,unverified_candidate,Ranked for research discovery; HPI is not evidence of early success.
1531,candidate-1531-péter-bakonyi,Péter Bakonyi,1938,FENCER,Hungary,M,17,55.22,https://en.wikipedia.org/?curid=30093435,unresearched,unverified_candidate,Ranked for research discovery; HPI is not evidence of early success.
1532,candidate-1532-hesham-qandil,Hesham Qandil,1962,ENGINEER,Egypt,M,30,55.22,https://en.wikipedia.org/?curid=36531405,unresearched,unverified_candidate,Ranked for research discovery; HPI is not evidence of early success.
1533,candidate-1533-maryna-viazovska,Maryna Viazovska,1984,MATHEMATICIAN,Ukraine,F,49,55.21,https://en.wikipedia.org/?curid=50004967,unresearched,unverified_candidate,Ranked for research discovery; HPI is not evidence of early success.
1534,candidate-1534-demetrios-christodoulou,Demetrios Christodoulou,1951,MATHEMATICIAN,Greece,M,19,55.17,https://en.wikipedia.org/?curid=2407999,unresearched,unverified_candidate,Ranked for research discovery; HPI is not evidence of early success.
1535,candidate-1535-vija-celmins,Vija Celmins,1938,PAINTER,Latvia,F,19,55.15,https://en.wikipedia.org/?curid=1311870,unresearched,unverified_candidate,Ranked for research discovery; HPI is not evidence of early success.
1536,candidate-1536-claes-ingvar-lagerkvist,Claes-Ingvar Lagerkvist,1944,ASTRONOMER,Sweden,M,21,55.13,https://en.wikipedia.org/?curid=618202,unresearched,unverified_candidate,Ranked for research discovery; HPI is not evidence of early success.
1537,candidate-1537-rineke-dijkstra,Rineke Dijkstra,1959,PHOTOGRAPHER,Netherlands,F,20,55.07,https://en.wikipedia.org/?curid=8345786,unresearched,unverified_candidate,Ranked for research discovery; HPI is not evidence of early success.
1538,candidate-1538-javier-perez-capdevila,Javier Perez-Capdevila,1963,MATHEMATICIAN,Cuba,M,28,55.05,https://en.wikipedia.org/?curid=50487390,unresearched,unverified_candidate,Ranked for research discovery; HPI is not evidence of early success.
1539,candidate-1539-john-h-coates,John H. Coates,1945,MATHEMATICIAN,Australia,M,17,55.04,https://en.wikipedia.org/?curid=230705,unresearched,unverified_candidate,Ranked for research discovery; HPI is not evidence of early success.
1540,candidate-1540-jaap-van-zweden,Jaap van Zweden,1960,CONDUCTOR,Netherlands,M,17,55.04,https://en.wikipedia.org/?curid=9257855,unresearched,unverified_candidate,Ranked for research discovery; HPI is not evidence of early success.
1541,candidate-1541-istván-bilek,István Bilek,1932,CHESS PLAYER,Hungary,M,19,55.00,https://en.wikipedia.org/?curid=4571087,unresearched,unverified_candidate,Ranked for research discovery; HPI is not evidence of early success.
1542,candidate-1542-wilhelmina-cooper,Wilhelmina Cooper,1939,MODEL,Netherlands,F,16,54.99,https://en.wikipedia.org/?curid=1813200,unresearched,unverified_candidate,Ranked for research discovery; HPI is not evidence of early success.
1543,candidate-1543-milunka-lazarević,Milunka Lazarević,1932,CHESS PLAYER,Serbia,F,16,54.99,https://en.wikipedia.org/?curid=21434689,unresearched,unverified_candidate,Ranked for research discovery; HPI is not evidence of early success.
1544,candidate-1544-john-broughton,John Broughton,1952,ASTRONOMER,Australia,M,20,54.98,https://en.wikipedia.org/?curid=758950,unresearched,unverified_candidate,Ranked for research discovery; HPI is not evidence of early success.
1545,candidate-1545-marina-ovsyannikova,Marina Ovsyannikova,1978,JOURNALIST,,F,42,54.98,https://en.wikipedia.org/?curid=70311104,unresearched,unverified_candidate,Ranked for research discovery; HPI is not evidence of early success.
1546,candidate-1546-zhang-zhilei,Zhang Zhilei,1983,BOXER,China,M,20,54.95,https://en.wikipedia.org/?curid=14069821,unresearched,unverified_candidate,Ranked for research discovery; HPI is not evidence of early success.
1547,candidate-1547-adam-osborne,Adam Osborne,1939,COMPUTER SCIENTIST,Thailand,M,19,54.92,https://en.wikipedia.org/?curid=201373,unresearched,unverified_candidate,Ranked for research discovery; HPI is not evidence of early success.
1548,candidate-1548-malick-sidibé,Malick Sidibé,1935,PHOTOGRAPHER,Mali,M,19,54.91,https://en.wikipedia.org/?curid=4008642,unresearched,unverified_candidate,Ranked for research discovery; HPI is not evidence of early success.
1549,candidate-1549-catherine-martin,Catherine Martin,1965,DESIGNER,Australia,F,17,54.90,https://en.wikipedia.org/?curid=7134804,unresearched,unverified_candidate,Ranked for research discovery; HPI is not evidence of early success.
1550,candidate-1550-william-kentridge,William Kentridge,1955,PAINTER,South Africa,F,20,54.89,https://en.wikipedia.org/?curid=2713864,unresearched,unverified_candidate,Ranked for research discovery; HPI is not evidence of early success.
1551,candidate-1551-vladimir-tukmakov,Vladimir Tukmakov,1946,CHESS PLAYER,,M,16,54.88,https://en.wikipedia.org/?curid=6082639,unresearched,unverified_candidate,Ranked for research discovery; HPI is not evidence of early success.
1552,candidate-1552-florin-gheorghiu,Florin Gheorghiu,1944,CHESS PLAYER,Romania,M,16,54.87,https://en.wikipedia.org/?curid=3206464,unresearched,unverified_candidate,Ranked for research discovery; HPI is not evidence of early success.
1553,candidate-1553-george-lusztig,George Lusztig,1946,MATHEMATICIAN,Romania,M,20,54.87,https://en.wikipedia.org/?curid=2789856,unresearched,unverified_candidate,Ranked for research discovery; HPI is not evidence of early success.
1554,candidate-1554-joaquín-cortés,Joaquín Cortés,1969,DANCER,Spain,M,27,54.86,https://en.wikipedia.org/?curid=984464,unresearched,unverified_candidate,Ranked for research discovery; HPI is not evidence of early success.
1555,candidate-1555-sergey-karjakin,Sergey Karjakin,1990,CHESS PLAYER,,M,56,54.82,https://en.wikipedia.org/?curid=1093577,unresearched,unverified_candidate,Ranked for research discovery; HPI is not evidence of early success.
1556,candidate-1556-nevin-çokay,Nevin Çokay,1930,PAINTER,Türkiye,F,16,54.76,https://en.wikipedia.org/?curid=5421002,unresearched,unverified_candidate,Ranked for research discovery; HPI is not evidence of early success.
1557,candidate-1557-hjördis-nordin,Hjördis Nordin,1932,GYMNAST,Sweden,F,16,54.76,https://en.wikipedia.org/?curid=19320330,unresearched,unverified_candidate,Ranked for research discovery; HPI is not evidence of early success.
1558,candidate-1558-gunnar-larsson,Gunnar Larsson,1951,SWIMMER,Sweden,M,21,54.73,https://en.wikipedia.org/?curid=5436650,unresearched,unverified_candidate,Ranked for research discovery; HPI is not evidence of early success.
1559,candidate-1559-franz-west,Franz West,1947,SCULPTOR,Austria,M,17,54.73,https://en.wikipedia.org/?curid=21384506,unresearched,unverified_candidate,Ranked for research discovery; HPI is not evidence of early success.
1560,candidate-1560-ada-kok,Ada Kok,1947,SWIMMER,Netherlands,F,20,54.71,https://en.wikipedia.org/?curid=1788924,unresearched,unverified_candidate,Ranked for research discovery; HPI is not evidence of early success.
1561,candidate-1561-okko-kamu,Okko Kamu,1946,CONDUCTOR,Finland,M,15,54.70,https://en.wikipedia.org/?curid=4431024,unresearched,unverified_candidate,Ranked for research discovery; HPI is not evidence of early success.
1562,candidate-1562-tamás-gábor,Tamás Gábor,1932,FENCER,Hungary,M,17,54.68,https://en.wikipedia.org/?curid=9122392,unresearched,unverified_candidate,Ranked for research discovery; HPI is not evidence of early success.
1563,candidate-1563-peter-chen,Peter Chen,1947,ENGINEER,Taiwan,M,17,54.66,https://en.wikipedia.org/?curid=1041520,unresearched,unverified_candidate,Ranked for research discovery; HPI is not evidence of early success.
1564,candidate-1564-phil-ramone,Phil Ramone,1934,INVENTOR,South Africa,M,24,54.63,https://en.wikipedia.org/?curid=649883,unresearched,unverified_candidate,Ranked for research discovery; HPI is not evidence of early success.
1565,candidate-1565-birju-maharaj,Birju Maharaj,1937,DANCER,India,M,23,54.60,https://en.wikipedia.org/?curid=290890,unresearched,unverified_candidate,Ranked for research discovery; HPI is not evidence of early success.
1566,candidate-1566-antonio-roldán,Antonio Roldán,1946,BOXER,Mexico,M,16,54.58,https://en.wikipedia.org/?curid=14716847,unresearched,unverified_candidate,Ranked for research discovery; HPI is not evidence of early success.
1567,candidate-1567-alejandro-aravena,Alejandro Aravena,1967,ARCHITECT,Chile,M,24,54.57,https://en.wikipedia.org/?curid=39935926,unresearched,unverified_candidate,Ranked for research discovery; HPI is not evidence of early success.
1568,candidate-1568-ecaterina-stahl-iencic,Ecaterina Stahl-Iencic,1946,FENCER,Romania,F,17,54.56,https://en.wikipedia.org/?curid=26703368,unresearched,unverified_candidate,Ranked for research discovery; HPI is not evidence of early success.
1569,candidate-1569-ecaterina-szabo,Ecaterina Szabo,1967,GYMNAST,Romania,F,29,54.53,https://en.wikipedia.org/?curid=3733604,unresearched,unverified_candidate,Ranked for research discovery; HPI is not evidence of early success.
1570,candidate-1570-s-r-srinivasa-varadhan,S. R. Srinivasa Varadhan,1940,MATHEMATICIAN,India,M,33,54.53,https://en.wikipedia.org/?curid=9638038,unresearched,unverified_candidate,Ranked for research discovery; HPI is not evidence of early success.
1571,candidate-1571-howie-mandel,Howie Mandel,1955,COMEDIAN,Canada,M,24,54.52,https://en.wikipedia.org/?curid=653643,unresearched,unverified_candidate,Ranked for research discovery; HPI is not evidence of early success.
1572,candidate-1572-lorne-michaels,Lorne Michaels,1944,PRODUCER,Canada,M,24,54.51,https://en.wikipedia.org/?curid=102897,unresearched,unverified_candidate,Ranked for research discovery; HPI is not evidence of early success.
1573,candidate-1573-oleg-romanishin,Oleg Romanishin,1952,CHESS PLAYER,Ukraine,M,17,54.47,https://en.wikipedia.org/?curid=6206045,unresearched,unverified_candidate,Ranked for research discovery; HPI is not evidence of early success.
1574,candidate-1574-ewine-van-dishoeck,Ewine van Dishoeck,1955,ASTRONOMER,Netherlands,F,26,54.42,https://en.wikipedia.org/?curid=2427262,unresearched,unverified_candidate,Ranked for research discovery; HPI is not evidence of early success.
1575,candidate-1575-francisco-toledo,Francisco Toledo,1940,PAINTER,Mexico,M,17,54.41,https://en.wikipedia.org/?curid=4113418,unresearched,unverified_candidate,Ranked for research discovery; HPI is not evidence of early success.
1576,candidate-1576-ildikó-újlaky-rejtő,Ildikó Újlaky-Rejtő,1937,FENCER,Hungary,F,25,54.37,https://en.wikipedia.org/?curid=9122792,unresearched,unverified_candidate,Ranked for research discovery; HPI is not evidence of early success.
1577,candidate-1577-frank-shu,Frank Shu,1943,ASTRONOMER,China,M,15,54.36,https://en.wikipedia.org/?curid=3461484,unresearched,unverified_candidate,Ranked for research discovery; HPI is not evidence of early success.
1578,candidate-1578-lubomir-kavalek,Lubomir Kavalek,1943,CHESS PLAYER,Czechia,M,18,54.35,https://en.wikipedia.org/?curid=2144329,unresearched,unverified_candidate,Ranked for research discovery; HPI is not evidence of early success.
1579,candidate-1579-belle-delphine,Belle Delphine,1999,MODEL,South Africa,F,38,54.34,https://en.wikipedia.org/?curid=54576445,unresearched,unverified_candidate,Ranked for research discovery; HPI is not evidence of early success.
1580,candidate-1580-jan-kaplický,Jan Kaplický,1937,ARCHITECT,Czechia,M,15,54.29,https://en.wikipedia.org/?curid=3456749,unresearched,unverified_candidate,Ranked for research discovery; HPI is not evidence of early success.
1581,candidate-1581-josef-němec,Josef Němec,1933,BOXER,Czechia,M,15,54.28,https://en.wikipedia.org/?curid=21242607,unresearched,unverified_candidate,Ranked for research discovery; HPI is not evidence of early success.
1582,candidate-1582-albin-planinc,Albin Planinc,1944,CHESS PLAYER,Slovenia,M,15,54.26,https://en.wikipedia.org/?curid=15909697,unresearched,unverified_candidate,Ranked for research discovery; HPI is not evidence of early success.
1583,candidate-1583-oleksandr-sydorenko,Oleksandr Sydorenko,1960,SWIMMER,Ukraine,M,24,54.22,https://en.wikipedia.org/?curid=17020238,unresearched,unverified_candidate,Ranked for research discovery; HPI is not evidence of early success.
1584,candidate-1584-corrie-sanders,Corrie Sanders,1966,BOXER,South Africa,M,17,54.17,https://en.wikipedia.org/?curid=193919,unresearched,unverified_candidate,Ranked for research discovery; HPI is not evidence of early success.
1585,candidate-1585-rodrigo-valdez,Rodrigo Valdez,1946,BOXER,Colombia,M,14,54.15,https://en.wikipedia.org/?curid=484053,unresearched,unverified_candidate,Ranked for research discovery; HPI is not evidence of early success.
1586,candidate-1586-abel-laudonio,Abel Laudonio,1938,BOXER,Argentina,M,16,54.03,https://en.wikipedia.org/?curid=15093314,unresearched,unverified_candidate,Ranked for research discovery; HPI is not evidence of early success.
1587,candidate-1587-maría-teresa-ruiz,María Teresa Ruiz,1946,ASTRONOMER,Chile,F,23,54.00,https://en.wikipedia.org/?curid=37361886,unresearched,unverified_candidate,Ranked for research discovery; HPI is not evidence of early success.
1588,candidate-1588-ekta-kapoor,Ekta Kapoor,1975,PRODUCER,India,F,32,54.00,https://en.wikipedia.org/?curid=11783106,unresearched,unverified_candidate,Ranked for research discovery; HPI is not evidence of early success.
1589,candidate-1589-ivan-sokolov,Ivan Sokolov,1968,CHESS PLAYER,Bosnia and Herzegovina,M,21,53.99,https://en.wikipedia.org/?curid=3353360,unresearched,unverified_candidate,Ranked for research discovery; HPI is not evidence of early success.
1590,candidate-1590-horacio-accavallo,Horacio Accavallo,1934,BOXER,Argentina,M,15,53.95,https://en.wikipedia.org/?curid=1461356,unresearched,unverified_candidate,Ranked for research discovery; HPI is not evidence of early success.
1591,candidate-1591-osmo-vänskä,Osmo Vänskä,1953,CONDUCTOR,Finland,M,17,53.93,https://en.wikipedia.org/?curid=380231,unresearched,unverified_candidate,Ranked for research discovery; HPI is not evidence of early success.
1592,candidate-1592-maria-vicol,Maria Vicol,1935,FENCER,Romania,F,17,53.90,https://en.wikipedia.org/?curid=19512506,unresearched,unverified_candidate,Ranked for research discovery; HPI is not evidence of early success.
1593,candidate-1593-zoltán-ribli,Zoltán Ribli,1951,CHESS PLAYER,Hungary,M,19,53.87,https://en.wikipedia.org/?curid=6079961,unresearched,unverified_candidate,Ranked for research discovery; HPI is not evidence of early success.
1594,candidate-1594-leon-o-chua,Leon O. Chua,1936,ENGINEER,Philippines,M,16,53.82,https://en.wikipedia.org/?curid=17216551,unresearched,unverified_candidate,Ranked for research discovery; HPI is not evidence of early success.
1595,candidate-1595-washington-rodríguez,Washington Rodríguez,1944,BOXER,Uruguay,M,16,53.76,https://en.wikipedia.org/?curid=3459851,unresearched,unverified_candidate,Ranked for research discovery; HPI is not evidence of early success.
1596,candidate-1596-salvador-sánchez,Salvador Sánchez,1959,BOXER,Mexico,M,14,53.76,https://en.wikipedia.org/?curid=84284,unresearched,unverified_candidate,Ranked for research discovery; HPI is not evidence of early success.
1597,candidate-1597-lene-nystrøm,Lene Nystrøm,1973,MODEL,Norway,F,26,53.74,https://en.wikipedia.org/?curid=13443013,unresearched,unverified_candidate,Ranked for research discovery; HPI is not evidence of early success.
1598,candidate-1598-claudio-barrientos,Claudio Barrientos,1936,BOXER,Chile,M,15,53.74,https://en.wikipedia.org/?curid=3498319,unresearched,unverified_candidate,Ranked for research discovery; HPI is not evidence of early success.
1599,candidate-1599-hans-jacobson,Hans Jacobson,1947,FENCER,Sweden,M,15,53.67,https://en.wikipedia.org/?curid=27210628,unresearched,unverified_candidate,Ranked for research discovery; HPI is not evidence of early success.
1600,candidate-1600-georgina-rodríguez,Georgina Rodríguez,1994,MODEL,Argentina,F,22,53.63,https://en.wikipedia.org/?curid=63430019,unresearched,unverified_candidate,Ranked for research discovery; HPI is not evidence of early success.
1601,candidate-1601-hryhorii-chapkis,Hryhorii Chapkis,1930,DANCER,Moldova,M,16,53.62,https://en.wikipedia.org/?curid=67945498,unresearched,unverified_candidate,Ranked for research discovery; HPI is not evidence of early success.
1602,candidate-1602-erik-pevernagie,Erik Pevernagie,1939,PAINTER,,M,15,53.60,https://en.wikipedia.org/?curid=2600319,unresearched,unverified_candidate,Ranked for research discovery; HPI is not evidence of early success.
1603,candidate-1603-álex-pina,Álex Pina,1967,PRODUCER,Spain,M,19,53.59,https://en.wikipedia.org/?curid=60108466,unresearched,unverified_candidate,Ranked for research discovery; HPI is not evidence of early success.
1604,candidate-1604-rolf-edling,Rolf Edling,1943,FENCER,India,M,16,53.59,https://en.wikipedia.org/?curid=27210676,unresearched,unverified_candidate,Ranked for research discovery; HPI is not evidence of early success.
1605,candidate-1605-sanja-iveković,Sanja Iveković,1949,PHOTOGRAPHER,Croatia,F,17,53.54,https://en.wikipedia.org/?curid=31005169,unresearched,unverified_candidate,Ranked for research discovery; HPI is not evidence of early success.
1606,candidate-1606-karolína-kurková,Karolína Kurková,1984,MODEL,Czechia,F,40,53.53,https://en.wikipedia.org/?curid=1739066,unresearched,unverified_candidate,Ranked for research discovery; HPI is not evidence of early success.
1607,candidate-1607-abdelhak-achik,Abdelhak Achik,1959,BOXER,Morocco,M,18,53.48,https://en.wikipedia.org/?curid=14043612,unresearched,unverified_candidate,Ranked for research discovery; HPI is not evidence of early success.
1608,candidate-1608-evy-berggren,Evy Berggren,1934,GYMNAST,Sweden,F,15,53.41,https://en.wikipedia.org/?curid=19320451,unresearched,unverified_candidate,Ranked for research discovery; HPI is not evidence of early success.
1609,candidate-1609-jan-szczepański,Jan Szczepański,1939,BOXER,Poland,M,21,53.41,https://en.wikipedia.org/?curid=7998321,unresearched,unverified_candidate,Ranked for research discovery; HPI is not evidence of early success.
1610,candidate-1610-dušanka-sifnios,Dušanka Sifnios,1933,DANCER,North Macedonia,F,14,53.40,https://en.wikipedia.org/?curid=52856635,unresearched,unverified_candidate,Ranked for research discovery; HPI is not evidence of early success.
1611,candidate-1611-tibor-pézsa,Tibor Pézsa,1935,FENCER,Hungary,M,17,53.37,https://en.wikipedia.org/?curid=18234883,unresearched,unverified_candidate,Ranked for research discovery; HPI is not evidence of early success.
1612,candidate-1612-ngô-bảo-châu,Ngô Bảo Châu,1972,MATHEMATICIAN,Vietnam,M,40,53.35,https://en.wikipedia.org/?curid=11133659,unresearched,unverified_candidate,Ranked for research discovery; HPI is not evidence of early success.
1613,candidate-1613-györgy-mitró,György Mitró,1930,SWIMMER,Hungary,M,16,53.33,https://en.wikipedia.org/?curid=31226607,unresearched,unverified_candidate,Ranked for research discovery; HPI is not evidence of early success.
1614,candidate-1614-alfonso-zamora,Alfonso Zamora,1954,BOXER,Mexico,M,16,53.27,https://en.wikipedia.org/?curid=1380092,unresearched,unverified_candidate,Ranked for research discovery; HPI is not evidence of early success.
1615,candidate-1615-yannick-nézet-séguin,Yannick Nézet-Séguin,1975,CONDUCTOR,Canada,M,17,53.27,https://en.wikipedia.org/?curid=11945089,unresearched,unverified_candidate,Ranked for research discovery; HPI is not evidence of early success.
1616,candidate-1616-patricia-urquiola,Patricia Urquiola,1961,ARCHITECT,Spain,F,17,53.27,https://en.wikipedia.org/?curid=12057935,unresearched,unverified_candidate,Ranked for research discovery; HPI is not evidence of early success.
1617,candidate-1617-gyula-sax,Gyula Sax,1951,CHESS PLAYER,Hungary,M,17,53.26,https://en.wikipedia.org/?curid=2459180,unresearched,unverified_candidate,Ranked for research discovery; HPI is not evidence of early success.
1618,candidate-1618-enrique-rodríguez,Enrique Rodríguez,1951,BOXER,Spain,M,18,53.23,https://en.wikipedia.org/?curid=6806975,unresearched,unverified_candidate,Ranked for research discovery; HPI is not evidence of early success.
1619,candidate-1619-da-wen-sun,Da-Wen Sun,1960,ENGINEER,China,M,25,53.22,https://en.wikipedia.org/?curid=38365236,unresearched,unverified_candidate,Ranked for research discovery; HPI is not evidence of early success.
1620,candidate-1620-erwin-olaf,Erwin Olaf,1959,PHOTOGRAPHER,Netherlands,M,17,53.21,https://en.wikipedia.org/?curid=13627991,unresearched,unverified_candidate,Ranked for research discovery; HPI is not evidence of early success.
1621,candidate-1621-daniela-peštová,Daniela Peštová,1970,MODEL,Czechia,F,21,53.20,https://en.wikipedia.org/?curid=1497557,unresearched,unverified_candidate,Ranked for research discovery; HPI is not evidence of early success.
1622,candidate-1622-janusz-gortat,Janusz Gortat,1948,BOXER,Poland,M,18,53.16,https://en.wikipedia.org/?curid=6821371,unresearched,unverified_candidate,Ranked for research discovery; HPI is not evidence of early success.
1623,candidate-1623-suad-amiry,Suad Amiry,1951,ARCHITECT,,F,17,53.16,https://en.wikipedia.org/?curid=4307951,unresearched,unverified_candidate,Ranked for research discovery; HPI is not evidence of early success.
1624,candidate-1624-abdulaziz-al-omari,Abdulaziz al-Omari,1979,DESIGNER,Saudi Arabia,M,20,53.09,https://en.wikipedia.org/?curid=2198,unresearched,unverified_candidate,Ranked for research discovery; HPI is not evidence of early success.
1625,candidate-1625-benny-paret,Benny Paret,1937,BOXER,Cuba,M,16,53.07,https://en.wikipedia.org/?curid=223218,unresearched,unverified_candidate,Ranked for research discovery; HPI is not evidence of early success.
1626,candidate-1626-arturo-gatti,Arturo Gatti,1972,BOXER,Canada,M,20,52.98,https://en.wikipedia.org/?curid=204432,unresearched,unverified_candidate,Ranked for research discovery; HPI is not evidence of early success.
1627,candidate-1627-zdeňka-podkapová,Zdeňka Podkapová,1977,MODEL,Czechia,F,19,52.97,https://en.wikipedia.org/?curid=2166876,unresearched,unverified_candidate,Ranked for research discovery; HPI is not evidence of early success.
1628,candidate-1628-norm-macdonald,Norm Macdonald,1959,COMEDIAN,Canada,M,45,52.92,https://en.wikipedia.org/?curid=3120309,unresearched,unverified_candidate,Ranked for research discovery; HPI is not evidence of early success.
1629,candidate-1629-juan-manuel-márquez,Juan Manuel Márquez,1973,BOXER,Mexico,M,22,52.91,https://en.wikipedia.org/?curid=3811039,unresearched,unverified_candidate,Ranked for research discovery; HPI is not evidence of early success.
1630,candidate-1630-abbey-lee-kershaw,Abbey Lee Kershaw,1987,MODEL,Australia,F,26,52.91,https://en.wikipedia.org/?curid=20123537,unresearched,unverified_candidate,Ranked for research discovery; HPI is not evidence of early success.
1631,candidate-1631-robin-li,Robin Li,1968,INVENTOR,China,M,25,52.85,https://en.wikipedia.org/?curid=5190562,unresearched,unverified_candidate,Ranked for research discovery; HPI is not evidence of early success.
1632,candidate-1632-slobodan-kačar,Slobodan Kačar,1957,BOXER,Bosnia and Herzegovina,M,19,52.84,https://en.wikipedia.org/?curid=6459210,unresearched,unverified_candidate,Ranked for research discovery; HPI is not evidence of early success.
1633,candidate-1633-gun-röring,Gun Röring,1930,GYMNAST,Sweden,F,15,52.82,https://en.wikipedia.org/?curid=19320177,unresearched,unverified_candidate,Ranked for research discovery; HPI is not evidence of early success.
1634,candidate-1634-jemaine-clement,Jemaine Clement,1974,COMEDIAN,New Zealand,M,49,52.76,https://en.wikipedia.org/?curid=4062489,unresearched,unverified_candidate,Ranked for research discovery; HPI is not evidence of early success.
1635,candidate-1635-jin-xing,Jin Xing,1967,DANCER,China,F,25,52.76,https://en.wikipedia.org/?curid=30860332,unresearched,unverified_candidate,Ranked for research discovery; HPI is not evidence of early success.
1636,candidate-1636-alexei-shirov,Alexei Shirov,1972,CHESS PLAYER,Latvia,M,36,52.74,https://en.wikipedia.org/?curid=360922,unresearched,unverified_candidate,Ranked for research discovery; HPI is not evidence of early success.
1637,candidate-1637-krzysztof-matyjaszewski,Krzysztof Matyjaszewski,1950,CHEMIST,Poland,M,17,52.71,https://en.wikipedia.org/?curid=14709851,unresearched,unverified_candidate,Ranked for research discovery; HPI is not evidence of early success.
1638,candidate-1638-bjarke-ingels,Bjarke Ingels,1974,ARCHITECT,Denmark,M,26,52.70,https://en.wikipedia.org/?curid=17218808,unresearched,unverified_candidate,Ranked for research discovery; HPI is not evidence of early success.
1639,candidate-1639-korado-korlević,Korado Korlević,1958,ASTRONOMER,Croatia,M,25,52.67,https://en.wikipedia.org/?curid=758974,unresearched,unverified_candidate,Ranked for research discovery; HPI is not evidence of early success.
1640,candidate-1640-faith-leech,Faith Leech,1941,SWIMMER,Australia,F,18,52.61,https://en.wikipedia.org/?curid=3632031,unresearched,unverified_candidate,Ranked for research discovery; HPI is not evidence of early success.
1641,candidate-1641-heidi-schmid,Heidi Schmid,1938,FENCER,Austria,F,17,52.61,https://en.wikipedia.org/?curid=19498056,unresearched,unverified_candidate,Ranked for research discovery; HPI is not evidence of early success.
1642,candidate-1642-felipe-muñoz,Felipe Muñoz,1951,SWIMMER,Mexico,M,23,52.61,https://en.wikipedia.org/?curid=18699484,unresearched,unverified_candidate,Ranked for research discovery; HPI is not evidence of early success.
1643,candidate-1643-cícero-moraes,Cícero Moraes,1982,SCULPTOR,Brazil,M,42,52.61,https://en.wikipedia.org/?curid=46660511,unresearched,unverified_candidate,Ranked for research discovery; HPI is not evidence of early success.
1644,candidate-1644-pieter-van-den-hoogenband,Pieter van den Hoogenband,1978,SWIMMER,Netherlands,M,33,52.61,https://en.wikipedia.org/?curid=101200,unresearched,unverified_candidate,Ranked for research discovery; HPI is not evidence of early success.
1645,candidate-1645-nana-ioseliani,Nana Ioseliani,1962,CHESS PLAYER,Georgia,F,25,52.58,https://en.wikipedia.org/?curid=2684507,unresearched,unverified_candidate,Ranked for research discovery; HPI is not evidence of early success.
1646,candidate-1646-yamini-krishnamurthy,Yamini Krishnamurthy,1940,DANCER,India,F,20,52.56,https://en.wikipedia.org/?curid=3667835,unresearched,unverified_candidate,Ranked for research discovery; HPI is not evidence of early success.
1647,candidate-1647-levente-lengyel,Levente Lengyel,1933,CHESS PLAYER,Hungary,M,15,52.53,https://en.wikipedia.org/?curid=24668829,unresearched,unverified_candidate,Ranked for research discovery; HPI is not evidence of early success.
1648,candidate-1648-arati-saha,Arati Saha,1940,SWIMMER,India,F,16,52.52,https://en.wikipedia.org/?curid=2739064,unresearched,unverified_candidate,Ranked for research discovery; HPI is not evidence of early success.
1649,candidate-1649-svetlana-zakharova,Svetlana Zakharova,1979,DANCER,Ukraine,F,31,52.51,https://en.wikipedia.org/?curid=4872767,unresearched,unverified_candidate,Ranked for research discovery; HPI is not evidence of early success.
1650,candidate-1650-fernando-pereira,Fernando Pereira,1950,PHOTOGRAPHER,Portugal,M,19,52.49,https://en.wikipedia.org/?curid=269265,unresearched,unverified_candidate,Ranked for research discovery; HPI is not evidence of early success.
1651,candidate-1651-arbana-xharra,Arbana Xharra,1953,JOURNALIST,,F,20,52.49,https://en.wikipedia.org/?curid=45641807,unresearched,unverified_candidate,Ranked for research discovery; HPI is not evidence of early success.
1652,candidate-1652-agata-buzek,Agata Buzek,1976,MODEL,Poland,F,22,52.47,https://en.wikipedia.org/?curid=28237908,unresearched,unverified_candidate,Ranked for research discovery; HPI is not evidence of early success.
1653,candidate-1653-elizabeth-avellán,Elizabeth Avellán,1960,PRODUCER,Venezuela,F,15,52.45,https://en.wikipedia.org/?curid=1668536,unresearched,unverified_candidate,Ranked for research discovery; HPI is not evidence of early success.
1654,candidate-1654-tony-esposito,Tony Esposito,1943,DESIGNER,Canada,M,17,52.42,https://en.wikipedia.org/?curid=1236588,unresearched,unverified_candidate,Ranked for research discovery; HPI is not evidence of early success.
1655,candidate-1655-ľubomír-ftáčnik,Ľubomír Ftáčnik,1957,CHESS PLAYER,Slovakia,M,17,52.41,https://en.wikipedia.org/?curid=6739564,unresearched,unverified_candidate,Ranked for research discovery; HPI is not evidence of early success.
1656,candidate-1656-elías-querejeta,Elías Querejeta,1934,PRODUCER,Spain,M,15,52.35,https://en.wikipedia.org/?curid=14049965,unresearched,unverified_candidate,Ranked for research discovery; HPI is not evidence of early success.
1657,candidate-1657-valeria-mazza,Valeria Mazza,1972,MODEL,Argentina,F,22,52.26,https://en.wikipedia.org/?curid=1032027,unresearched,unverified_candidate,Ranked for research discovery; HPI is not evidence of early success.
1658,candidate-1658-faiza-al-kharafi,Faiza Al-Kharafi,1946,CHEMIST,Kuwait,F,15,52.24,https://en.wikipedia.org/?curid=39731386,unresearched,unverified_candidate,Ranked for research discovery; HPI is not evidence of early success.
1659,candidate-1659-ruslan-ponomariov,Ruslan Ponomariov,1983,CHESS PLAYER,Ukraine,M,50,52.23,https://en.wikipedia.org/?curid=307190,unresearched,unverified_candidate,Ranked for research discovery; HPI is not evidence of early success.
1660,candidate-1660-jan-de-weryha-wysoczański,Jan de Weryha-Wysoczański,1950,SCULPTOR,Poland,M,15,52.21,https://en.wikipedia.org/?curid=383539,unresearched,unverified_candidate,Ranked for research discovery; HPI is not evidence of early success.
1661,candidate-1661-carmen-kass,Carmen Kass,1978,MODEL,Estonia,F,39,52.19,https://en.wikipedia.org/?curid=425409,unresearched,unverified_candidate,Ranked for research discovery; HPI is not evidence of early success.
1662,candidate-1662-rameshbabu-praggnanandhaa,Rameshbabu Praggnanandhaa,2005,CHESS PLAYER,India,M,44,52.18,https://en.wikipedia.org/?curid=51204074,unresearched,unverified_candidate,Ranked for research discovery; HPI is not evidence of early success.
1663,candidate-1663-aleksandar-matanović,Aleksandar Matanović,1930,CHESS PLAYER,Serbia,M,16,52.10,https://en.wikipedia.org/?curid=10001965,unresearched,unverified_candidate,Ranked for research discovery; HPI is not evidence of early success.
1664,candidate-1664-alena-šeredová,Alena Šeredová,1978,MODEL,Czechia,F,16,52.02,https://en.wikipedia.org/?curid=8173136,unresearched,unverified_candidate,Ranked for research discovery; HPI is not evidence of early success.
1665,candidate-1665-gauri-khan,Gauri Khan,1970,PRODUCER,India,F,31,52.00,https://en.wikipedia.org/?curid=2458226,unresearched,unverified_candidate,Ranked for research discovery; HPI is not evidence of early success.
1666,candidate-1666-xie-jun,Xie Jun,1970,CHESS PLAYER,China,F,41,51.96,https://en.wikipedia.org/?curid=220780,unresearched,unverified_candidate,Ranked for research discovery; HPI is not evidence of early success.
1667,candidate-1667-rosaly-lopes,Rosaly Lopes,1957,ASTRONOMER,Brazil,F,24,51.93,https://en.wikipedia.org/?curid=5142206,unresearched,unverified_candidate,Ranked for research discovery; HPI is not evidence of early success.
1668,candidate-1668-viktor-kupreichik,Viktor Kupreichik,1949,CHESS PLAYER,Belarus,M,16,51.92,https://en.wikipedia.org/?curid=19356956,unresearched,unverified_candidate,Ranked for research discovery; HPI is not evidence of early success.
1669,candidate-1669-jens-galschiøt,Jens Galschiøt,1954,SCULPTOR,Denmark,M,18,51.88,https://en.wikipedia.org/?curid=23227513,unresearched,unverified_candidate,Ranked for research discovery; HPI is not evidence of early success.
1670,candidate-1670-peter-jennings,Peter Jennings,1938,JOURNALIST,Canada,M,25,51.87,https://en.wikipedia.org/?curid=336613,unresearched,unverified_candidate,Ranked for research discovery; HPI is not evidence of early success.
1671,candidate-1671-gülsün-sağlamer,Gülsün Sağlamer,1945,ARCHITECT,Türkiye,F,19,51.86,https://en.wikipedia.org/?curid=55563460,unresearched,unverified_candidate,Ranked for research discovery; HPI is not evidence of early success.
1672,candidate-1672-anna-ushenina,Anna Ushenina,1985,CHESS PLAYER,Ukraine,F,40,51.83,https://en.wikipedia.org/?curid=17635264,unresearched,unverified_candidate,Ranked for research discovery; HPI is not evidence of early success.
1673,candidate-1673-andreja-pejić,Andreja Pejić,1991,MODEL,Bosnia and Herzegovina,F,32,51.80,https://en.wikipedia.org/?curid=30995181,unresearched,unverified_candidate,Ranked for research discovery; HPI is not evidence of early success.
1674,candidate-1674-izabel-goulart,Izabel Goulart,1984,MODEL,Brazil,F,31,51.78,https://en.wikipedia.org/?curid=3587838,unresearched,unverified_candidate,Ranked for research discovery; HPI is not evidence of early success.
1675,candidate-1675-sara-carbonero,Sara Carbonero,1984,JOURNALIST,Spain,F,25,51.73,https://en.wikipedia.org/?curid=27742742,unresearched,unverified_candidate,Ranked for research discovery; HPI is not evidence of early success.
1676,candidate-1676-coxsone-dodd,Coxsone Dodd,1932,PRODUCER,Jamaica,M,16,51.69,https://en.wikipedia.org/?curid=179657,unresearched,unverified_candidate,Ranked for research discovery; HPI is not evidence of early success.
1677,candidate-1677-krisztina-egerszegi,Krisztina Egerszegi,1974,SWIMMER,Hungary,F,32,51.68,https://en.wikipedia.org/?curid=768969,unresearched,unverified_candidate,Ranked for research discovery; HPI is not evidence of early success.
1678,candidate-1678-john-konrads,John Konrads,1942,SWIMMER,Latvia,M,20,51.63,https://en.wikipedia.org/?curid=5150396,unresearched,unverified_candidate,Ranked for research discovery; HPI is not evidence of early success.
1679,candidate-1679-makio-akiyama,Makio Akiyama,1950,ASTRONOMER,,M,16,51.63,https://en.wikipedia.org/?curid=759394,unresearched,unverified_candidate,Ranked for research discovery; HPI is not evidence of early success.
1680,candidate-1680-pentala-harikrishna,Pentala Harikrishna,1986,CHESS PLAYER,India,M,32,51.60,https://en.wikipedia.org/?curid=1571848,unresearched,unverified_candidate,Ranked for research discovery; HPI is not evidence of early success.
1681,candidate-1681-zhu-chen,Zhu Chen,1976,CHESS PLAYER,China,F,42,51.56,https://en.wikipedia.org/?curid=966810,unresearched,unverified_candidate,Ranked for research discovery; HPI is not evidence of early success.
1682,candidate-1682-yoshisada-shimizu,Yoshisada Shimizu,1943,ASTRONOMER,,M,16,51.53,https://en.wikipedia.org/?curid=759282,unresearched,unverified_candidate,Ranked for research discovery; HPI is not evidence of early success.
1683,candidate-1683-anthony-nesty,Anthony Nesty,1967,SWIMMER,Trinidad and Tobago,M,28,51.44,https://en.wikipedia.org/?curid=879592,unresearched,unverified_candidate,Ranked for research discovery; HPI is not evidence of early success.
1684,candidate-1684-ding-liren,Ding Liren,1992,CHESS PLAYER,China,M,58,51.41,https://en.wikipedia.org/?curid=23287257,unresearched,unverified_candidate,Ranked for research discovery; HPI is not evidence of early success.
1685,candidate-1685-reita-faria,Reita Faria,1943,MODEL,India,F,30,51.40,https://en.wikipedia.org/?curid=1379681,unresearched,unverified_candidate,Ranked for research discovery; HPI is not evidence of early success.
1686,candidate-1686-yasser-seirawan,Yasser Seirawan,1960,CHESS PLAYER,Syria,M,30,51.37,https://en.wikipedia.org/?curid=161508,unresearched,unverified_candidate,Ranked for research discovery; HPI is not evidence of early success.
1687,candidate-1687-tamás-kovács,Tamás Kovács,1943,FENCER,Hungary,M,17,51.32,https://en.wikipedia.org/?curid=30239287,unresearched,unverified_candidate,Ranked for research discovery; HPI is not evidence of early success.
1688,candidate-1688-cristina-elena-grigoraș,Cristina Elena Grigoraș,1966,GYMNAST,Romania,F,18,51.30,https://en.wikipedia.org/?curid=19727807,unresearched,unverified_candidate,Ranked for research discovery; HPI is not evidence of early success.
1689,candidate-1689-inge-de-bruijn,Inge de Bruijn,1973,SWIMMER,Netherlands,F,29,51.29,https://en.wikipedia.org/?curid=64675,unresearched,unverified_candidate,Ranked for research discovery; HPI is not evidence of early success.
1690,candidate-1690-rustam-kasimdzhanov,Rustam Kasimdzhanov,1979,CHESS PLAYER,Uzbekistan,M,47,51.24,https://en.wikipedia.org/?curid=782972,unresearched,unverified_candidate,Ranked for research discovery; HPI is not evidence of early success.
1691,candidate-1691-pavel-pavel,Pavel Pavel,1957,ENGINEER,Czechia,M,16,51.23,https://en.wikipedia.org/?curid=4299686,unresearched,unverified_candidate,Ranked for research discovery; HPI is not evidence of early success.
1692,candidate-1692-osamu-muramatsu,Osamu Muramatsu,1949,ASTRONOMER,,M,16,51.15,https://en.wikipedia.org/?curid=759593,unresearched,unverified_candidate,Ranked for research discovery; HPI is not evidence of early success.
1693,candidate-1693-igors-rausis,Igors Rausis,1961,CHESS PLAYER,Ukraine,M,15,51.13,https://en.wikipedia.org/?curid=33312675,unresearched,unverified_candidate,Ranked for research discovery; HPI is not evidence of early success.
1694,candidate-1694-smbat-lputian,Smbat Lputian,1958,CHESS PLAYER,Armenia,M,19,51.12,https://en.wikipedia.org/?curid=8735461,unresearched,unverified_candidate,Ranked for research discovery; HPI is not evidence of early success.
1695,candidate-1695-mehdi-jomaa,Mehdi Jomaa,1962,ENGINEER,Tunisia,M,18,51.12,https://en.wikipedia.org/?curid=41369691,unresearched,unverified_candidate,Ranked for research discovery; HPI is not evidence of early success.
1696,candidate-1696-satoru-otomo,Satoru Otomo,1957,ASTRONOMER,,M,17,51.12,https://en.wikipedia.org/?curid=759224,unresearched,unverified_candidate,Ranked for research discovery; HPI is not evidence of early success.
1697,candidate-1697-muntadhar-al-zaidi,Muntadhar al-Zaidi,1979,JOURNALIST,Iraq,M,42,51.06,https://en.wikipedia.org/?curid=20700771,unresearched,unverified_candidate,Ranked for research discovery; HPI is not evidence of early success.
1698,candidate-1698-anna-falchi,Anna Falchi,1972,MODEL,Finland,F,27,51.04,https://en.wikipedia.org/?curid=2209383,unresearched,unverified_candidate,Ranked for research discovery; HPI is not evidence of early success.
1699,candidate-1699-shalom-harlow,Shalom Harlow,1973,MODEL,Canada,F,22,51.03,https://en.wikipedia.org/?curid=1421957,unresearched,unverified_candidate,Ranked for research discovery; HPI is not evidence of early success.
1700,candidate-1700-silvia-torres-peimbert,Silvia Torres-Peimbert,1940,ASTRONOMER,Mexico,F,15,50.87,https://en.wikipedia.org/?curid=42229638,unresearched,unverified_candidate,Ranked for research discovery; HPI is not evidence of early success.
1701,candidate-1701-albán-vermes,Albán Vermes,1957,SWIMMER,Hungary,M,16,50.86,https://en.wikipedia.org/?curid=31226650,unresearched,unverified_candidate,Ranked for research discovery; HPI is not evidence of early success.
1702,candidate-1702-elvira-saadi,Elvira Saadi,1952,GYMNAST,Uzbekistan,F,15,50.86,https://en.wikipedia.org/?curid=32057037,unresearched,unverified_candidate,Ranked for research discovery; HPI is not evidence of early success.
1703,candidate-1703-yael-abecassis,Yael Abecassis,1967,MODEL,Israel,F,18,50.82,https://en.wikipedia.org/?curid=1209032,unresearched,unverified_candidate,Ranked for research discovery; HPI is not evidence of early success.
1704,candidate-1704-ruslana-korshunova,Ruslana Korshunova,1987,MODEL,Kazakhstan,F,29,50.80,https://en.wikipedia.org/?curid=10443884,unresearched,unverified_candidate,Ranked for research discovery; HPI is not evidence of early success.
1705,candidate-1705-sandra-morgan,Sandra Morgan,1942,SWIMMER,Australia,F,18,50.71,https://en.wikipedia.org/?curid=3632008,unresearched,unverified_candidate,Ranked for research discovery; HPI is not evidence of early success.
1706,candidate-1706-linor-abargil,Linor Abargil,1980,MODEL,Israel,F,30,50.69,https://en.wikipedia.org/?curid=3377725,unresearched,unverified_candidate,Ranked for research discovery; HPI is not evidence of early success.
1707,candidate-1707-lavinia-miloșovici,Lavinia Miloșovici,1976,GYMNAST,Romania,F,22,50.68,https://en.wikipedia.org/?curid=1995991,unresearched,unverified_candidate,Ranked for research discovery; HPI is not evidence of early success.
1708,candidate-1708-sándor-erdős,Sándor Erdős,1947,FENCER,Hungary,M,16,50.67,https://en.wikipedia.org/?curid=9172785,unresearched,unverified_candidate,Ranked for research discovery; HPI is not evidence of early success.
1709,candidate-1709-ashot-anastasian,Ashot Anastasian,1964,CHESS PLAYER,Armenia,M,20,50.66,https://en.wikipedia.org/?curid=24460383,unresearched,unverified_candidate,Ranked for research discovery; HPI is not evidence of early success.
1710,candidate-1710-luc-luycx,Luc Luycx,1958,DESIGNER,Belgium,M,18,50.56,https://en.wikipedia.org/?curid=12183244,unresearched,unverified_candidate,Ranked for research discovery; HPI is not evidence of early success.
1711,candidate-1711-viktorija-čmilytė,Viktorija Čmilytė,1983,CHESS PLAYER,Lithuania,F,34,50.54,https://en.wikipedia.org/?curid=17647151,unresearched,unverified_candidate,Ranked for research discovery; HPI is not evidence of early success.
1712,candidate-1712-roland-schoeman,Roland Schoeman,1980,SWIMMER,South Africa,M,22,50.53,https://en.wikipedia.org/?curid=912118,unresearched,unverified_candidate,Ranked for research discovery; HPI is not evidence of early success.
1713,candidate-1713-carme-pigem,Carme Pigem,1962,ARCHITECT,,F,16,50.51,https://en.wikipedia.org/?curid=48361290,unresearched,unverified_candidate,Ranked for research discovery; HPI is not evidence of early success.
1714,candidate-1714-sonal-mansingh,Sonal Mansingh,1944,DANCER,India,F,21,50.50,https://en.wikipedia.org/?curid=3667589,unresearched,unverified_candidate,Ranked for research discovery; HPI is not evidence of early success.
1715,candidate-1715-ana-beatriz-barros,Ana Beatriz Barros,1982,MODEL,Brazil,F,33,50.50,https://en.wikipedia.org/?curid=1472229,unresearched,unverified_candidate,Ranked for research discovery; HPI is not evidence of early success.
1716,candidate-1716-zdenko-kožul,Zdenko Kožul,1966,CHESS PLAYER,Bosnia and Herzegovina,M,19,50.49,https://en.wikipedia.org/?curid=10581360,unresearched,unverified_candidate,Ranked for research discovery; HPI is not evidence of early success.
1717,candidate-1717-nicholas-tombazis,Nicholas Tombazis,1968,ENGINEER,Greece,M,17,50.42,https://en.wikipedia.org/?curid=7703010,unresearched,unverified_candidate,Ranked for research discovery; HPI is not evidence of early success.
1718,candidate-1718-enith-brigitha,Enith Brigitha,1955,SWIMMER,Curaçao,F,19,50.41,https://en.wikipedia.org/?curid=10233388,unresearched,unverified_candidate,Ranked for research discovery; HPI is not evidence of early success.
1719,candidate-1719-kiril-georgiev,Kiril Georgiev,1965,CHESS PLAYER,Bulgaria,M,17,50.30,https://en.wikipedia.org/?curid=8127413,unresearched,unverified_candidate,Ranked for research discovery; HPI is not evidence of early success.
1720,candidate-1720-jana-tichá,Jana Tichá,1965,ASTRONOMER,Czechia,F,22,50.27,https://en.wikipedia.org/?curid=760430,unresearched,unverified_candidate,Ranked for research discovery; HPI is not evidence of early success.
1721,candidate-1721-zurab-azmaiparashvili,Zurab Azmaiparashvili,1960,CHESS PLAYER,Georgia,M,22,50.19,https://en.wikipedia.org/?curid=1124002,unresearched,unverified_candidate,Ranked for research discovery; HPI is not evidence of early success.
1722,candidate-1722-harika-dronavalli,Harika Dronavalli,1991,CHESS PLAYER,India,F,35,50.13,https://en.wikipedia.org/?curid=18879927,unresearched,unverified_candidate,Ranked for research discovery; HPI is not evidence of early success.
1723,candidate-1723-otmar-szafnauer,Otmar Szafnauer,1964,ENGINEER,Romania,M,18,50.08,https://en.wikipedia.org/?curid=7098888,unresearched,unverified_candidate,Ranked for research discovery; HPI is not evidence of early success.
1724,candidate-1724-jon-henricks,Jon Henricks,1935,SWIMMER,Australia,M,16,50.07,https://en.wikipedia.org/?curid=4582430,unresearched,unverified_candidate,Ranked for research discovery; HPI is not evidence of early success.
1725,candidate-1725-princess-rajwa-al-hussein,Princess Rajwa Al Hussein,1994,ARCHITECT,Saudi Arabia,F,21,50.07,https://en.wikipedia.org/?curid=71639315,unresearched,unverified_candidate,Ranked for research discovery; HPI is not evidence of early success.
1726,candidate-1726-ian-o-brien,Ian O'Brien,1947,SWIMMER,Australia,M,16,50.01,https://en.wikipedia.org/?curid=5058442,unresearched,unverified_candidate,Ranked for research discovery; HPI is not evidence of early success.
1727,candidate-1727-stoyan-deltchev,Stoyan Deltchev,1959,GYMNAST,Bulgaria,M,16,50.00,https://en.wikipedia.org/?curid=16660099,unresearched,unverified_candidate,Ranked for research discovery; HPI is not evidence of early success.
1728,candidate-1728-wladimir-resnitschenko,Wladimir Resnitschenko,1965,FENCER,Kazakhstan,M,17,50.00,https://en.wikipedia.org/?curid=32553791,unresearched,unverified_candidate,Ranked for research discovery; HPI is not evidence of early success.
1729,candidate-1729-andrija-fuderer,Andrija Fuderer,1931,CHESS PLAYER,Serbia,M,15,49.97,https://en.wikipedia.org/?curid=17579722,unresearched,unverified_candidate,Ranked for research discovery; HPI is not evidence of early success.
1730,candidate-1730-eduard-azaryan,Eduard Azaryan,1958,GYMNAST,,M,15,49.95,https://en.wikipedia.org/?curid=37855088,unresearched,unverified_candidate,Ranked for research discovery; HPI is not evidence of early success.
1731,candidate-1731-marco-casagrande,Marco Casagrande,1971,ARCHITECT,Finland,M,23,49.94,https://en.wikipedia.org/?curid=11392932,unresearched,unverified_candidate,Ranked for research discovery; HPI is not evidence of early success.
1732,candidate-1732-cristina-adela-foișor,Cristina Adela Foișor,1967,CHESS PLAYER,Romania,F,18,49.93,https://en.wikipedia.org/?curid=42339491,unresearched,unverified_candidate,Ranked for research discovery; HPI is not evidence of early success.
1733,candidate-1733-gary-hug,Gary Hug,1950,ASTRONOMER,,M,17,49.93,https://en.wikipedia.org/?curid=760400,unresearched,unverified_candidate,Ranked for research discovery; HPI is not evidence of early success.
1734,candidate-1734-walter-browne,Walter Browne,1949,CHESS PLAYER,Australia,M,18,49.93,https://en.wikipedia.org/?curid=1250982,unresearched,unverified_candidate,Ranked for research discovery; HPI is not evidence of early success.
1735,candidate-1735-tatiana-gutsu,Tatiana Gutsu,1976,GYMNAST,Ukraine,F,24,49.91,https://en.wikipedia.org/?curid=75959,unresearched,unverified_candidate,Ranked for research discovery; HPI is not evidence of early success.
1736,candidate-1736-vicky-ntetema,Vicky Ntetema,1959,JOURNALIST,Tanzania,F,17,49.88,https://en.wikipedia.org/?curid=51042502,unresearched,unverified_candidate,Ranked for research discovery; HPI is not evidence of early success.
1737,candidate-1737-antoaneta-stefanova,Antoaneta Stefanova,1979,CHESS PLAYER,Bulgaria,F,44,49.78,https://en.wikipedia.org/?curid=706350,unresearched,unverified_candidate,Ranked for research discovery; HPI is not evidence of early success.
1738,candidate-1738-kevin-berry,Kevin Berry,1945,SWIMMER,Australia,M,16,49.72,https://en.wikipedia.org/?curid=5072510,unresearched,unverified_candidate,Ranked for research discovery; HPI is not evidence of early success.
1739,candidate-1739-valery-salov,Valery Salov,1964,CHESS PLAYER,Poland,M,21,49.69,https://en.wikipedia.org/?curid=1897398,unresearched,unverified_candidate,Ranked for research discovery; HPI is not evidence of early success.
1740,candidate-1740-greg-norman,Greg Norman,1955,GOLFER,Australia,M,22,49.62,https://en.wikipedia.org/?curid=157447,unresearched,unverified_candidate,Ranked for research discovery; HPI is not evidence of early success.
1741,candidate-1741-aloyzas-kveinys,Aloyzas Kveinys,1962,CHESS PLAYER,Lithuania,M,16,49.61,https://en.wikipedia.org/?curid=49541774,unresearched,unverified_candidate,Ranked for research discovery; HPI is not evidence of early success.
1742,candidate-1742-lech-koziejowski,Lech Koziejowski,1949,FENCER,Poland,M,16,49.49,https://en.wikipedia.org/?curid=30941268,unresearched,unverified_candidate,Ranked for research discovery; HPI is not evidence of early success.
1743,candidate-1743-svetlana-boginskaya,Svetlana Boginskaya,1973,GYMNAST,Belarus,F,25,49.43,https://en.wikipedia.org/?curid=770870,unresearched,unverified_candidate,Ranked for research discovery; HPI is not evidence of early success.
1744,candidate-1744-györgy-nébald,György Nébald,1956,FENCER,Hungary,M,17,49.28,https://en.wikipedia.org/?curid=5139565,unresearched,unverified_candidate,Ranked for research discovery; HPI is not evidence of early success.
1745,candidate-1745-imre-bujdosó,Imre Bujdosó,1959,FENCER,Hungary,M,17,49.28,https://en.wikipedia.org/?curid=5139557,unresearched,unverified_candidate,Ranked for research discovery; HPI is not evidence of early success.
1746,candidate-1746-tim-bevan,Tim Bevan,1957,PRODUCER,New Zealand,M,18,49.19,https://en.wikipedia.org/?curid=3809589,unresearched,unverified_candidate,Ranked for research discovery; HPI is not evidence of early success.
1747,candidate-1747-bill-burr,Bill Burr,1968,COMEDIAN,,M,30,49.17,https://en.wikipedia.org/?curid=2736982,unresearched,unverified_candidate,Ranked for research discovery; HPI is not evidence of early success.
1748,candidate-1748-peter-arnett,Peter Arnett,1934,JOURNALIST,New Zealand,M,18,49.14,https://en.wikipedia.org/?curid=204063,unresearched,unverified_candidate,Ranked for research discovery; HPI is not evidence of early success.
1749,candidate-1749-annika-sörenstam,Annika Sörenstam,1970,GOLFER,Sweden,F,38,49.11,https://en.wikipedia.org/?curid=102100,unresearched,unverified_candidate,Ranked for research discovery; HPI is not evidence of early success.
1750,candidate-1750-nina-garcía,Nina García,1965,JOURNALIST,Colombia,F,16,49.11,https://en.wikipedia.org/?curid=4885898,unresearched,unverified_candidate,Ranked for research discovery; HPI is not evidence of early success.
1751,candidate-1751-charles-correa,Charles Correa,1930,ARCHITECT,India,M,22,49.07,https://en.wikipedia.org/?curid=571705,unresearched,unverified_candidate,Ranked for research discovery; HPI is not evidence of early success.
1752,candidate-1752-arunachalam-muruganantham,Arunachalam Muruganantham,1961,INVENTOR,India,M,22,49.03,https://en.wikipedia.org/?curid=36761300,unresearched,unverified_candidate,Ranked for research discovery; HPI is not evidence of early success.
1753,candidate-1753-yasmeen-lari,Yasmeen Lari,1941,ARCHITECT,Pakistan,F,19,48.94,https://en.wikipedia.org/?curid=989035,unresearched,unverified_candidate,Ranked for research discovery; HPI is not evidence of early success.
1754,candidate-1754-padma-subrahmanyam,Padma Subrahmanyam,1943,DANCER,India,F,17,48.88,https://en.wikipedia.org/?curid=3647740,unresearched,unverified_candidate,Ranked for research discovery; HPI is not evidence of early success.
1755,candidate-1755-danish-siddiqui,Danish Siddiqui,1983,JOURNALIST,India,M,22,48.66,https://en.wikipedia.org/?curid=64623754,unresearched,unverified_candidate,Ranked for research discovery; HPI is not evidence of early success.
1756,candidate-1756-sergey-volkov,Sergey Volkov,1973,ENGINEER,Ukraine,M,28,48.52,https://en.wikipedia.org/?curid=8659609,unresearched,unverified_candidate,Ranked for research discovery; HPI is not evidence of early success.
1757,candidate-1757-pavel-sheremet,Pavel Sheremet,1971,JOURNALIST,Belarus,M,21,48.47,https://en.wikipedia.org/?curid=34524098,unresearched,unverified_candidate,Ranked for research discovery; HPI is not evidence of early success.
1758,candidate-1758-anna-bessonova,Anna Bessonova,1984,GYMNAST,Ukraine,F,25,48.22,https://en.wikipedia.org/?curid=2205150,unresearched,unverified_candidate,Ranked for research discovery; HPI is not evidence of early success.
1759,candidate-1759-mariana-constantin,Mariana Constantin,1960,GYMNAST,Romania,F,15,48.20,https://en.wikipedia.org/?curid=20242326,unresearched,unverified_candidate,Ranked for research discovery; HPI is not evidence of early success.
1760,candidate-1760-saroj-khan,Saroj Khan,1948,DANCER,India,F,27,48.19,https://en.wikipedia.org/?curid=5396845,unresearched,unverified_candidate,Ranked for research discovery; HPI is not evidence of early success.
1761,candidate-1761-gulshan-kumar,Gulshan Kumar,1956,PRODUCER,India,M,21,48.13,https://en.wikipedia.org/?curid=3581692,unresearched,unverified_candidate,Ranked for research discovery; HPI is not evidence of early success.
1762,candidate-1762-halyna-hutchins,Halyna Hutchins,1979,JOURNALIST,Ukraine,F,31,48.13,https://en.wikipedia.org/?curid=69085361,unresearched,unverified_candidate,Ranked for research discovery; HPI is not evidence of early success.
1763,candidate-1763-valeri-liukin,Valeri Liukin,1966,GYMNAST,Kazakhstan,M,25,48.10,https://en.wikipedia.org/?curid=6563346,unresearched,unverified_candidate,Ranked for research discovery; HPI is not evidence of early success.
1764,candidate-1764-pál-szekeres,Pál Szekeres,1964,FENCER,Hungary,M,19,48.10,https://en.wikipedia.org/?curid=19163207,unresearched,unverified_candidate,Ranked for research discovery; HPI is not evidence of early success.
1765,candidate-1765-lou-yun,Lou Yun,1964,GYMNAST,China,M,17,47.94,https://en.wikipedia.org/?curid=5028000,unresearched,unverified_candidate,Ranked for research discovery; HPI is not evidence of early success.
1766,candidate-1766-hu-shuli,Hu Shuli,1953,JOURNALIST,China,F,15,47.87,https://en.wikipedia.org/?curid=467216,unresearched,unverified_candidate,Ranked for research discovery; HPI is not evidence of early success.
1767,candidate-1767-nazlı-tolga,Nazlı Tolga,1979,JOURNALIST,Türkiye,F,47,47.74,https://en.wikipedia.org/?curid=53877762,unresearched,unverified_candidate,Ranked for research discovery; HPI is not evidence of early success.
1768,candidate-1768-lilya-budzhurova,Lilya Budzhurova,1958,JOURNALIST,Uzbekistan,F,20,47.72,https://en.wikipedia.org/?curid=70533791,unresearched,unverified_candidate,Ranked for research discovery; HPI is not evidence of early success.
1769,candidate-1769-laura-flessel-colovic,Laura Flessel-Colovic,1971,FENCER,Guadeloupe,F,29,47.61,https://en.wikipedia.org/?curid=1969649,unresearched,unverified_candidate,Ranked for research discovery; HPI is not evidence of early success.
1770,candidate-1770-simona-păucă,Simona Păucă,1969,GYMNAST,Romania,F,22,47.57,https://en.wikipedia.org/?curid=17911371,unresearched,unverified_candidate,Ranked for research discovery; HPI is not evidence of early success.
1771,candidate-1771-zanele-muholi,Zanele Muholi,1972,PHOTOGRAPHER,South Africa,F,20,47.56,https://en.wikipedia.org/?curid=27930084,unresearched,unverified_candidate,Ranked for research discovery; HPI is not evidence of early success.
1772,candidate-1772-chingiz-mustafayev,Chingiz Mustafayev,1960,JOURNALIST,Azerbaijan,M,16,47.52,https://en.wikipedia.org/?curid=5132207,unresearched,unverified_candidate,Ranked for research discovery; HPI is not evidence of early success.
1773,candidate-1773-henrietta-ónodi,Henrietta Ónodi,1974,GYMNAST,Hungary,F,23,47.48,https://en.wikipedia.org/?curid=4204671,unresearched,unverified_candidate,Ranked for research discovery; HPI is not evidence of early success.
1774,candidate-1774-laura-badea-cârlescu,Laura Badea-Cârlescu,1970,FENCER,Romania,F,18,47.25,https://en.wikipedia.org/?curid=17818670,unresearched,unverified_candidate,Ranked for research discovery; HPI is not evidence of early success.
1775,candidate-1775-cătălina-ponor,Cătălina Ponor,1987,GYMNAST,Romania,F,28,47.22,https://en.wikipedia.org/?curid=903225,unresearched,unverified_candidate,Ranked for research discovery; HPI is not evidence of early success.
1776,candidate-1776-claudia-presăcan,Claudia Presăcan,1979,GYMNAST,Romania,F,18,47.15,https://en.wikipedia.org/?curid=7135885,unresearched,unverified_candidate,Ranked for research discovery; HPI is not evidence of early success.
1777,candidate-1777-tessy-thomas,Tessy Thomas,1963,ENGINEER,India,F,26,46.98,https://en.wikipedia.org/?curid=35548338,unresearched,unverified_candidate,Ranked for research discovery; HPI is not evidence of early success.
1778,candidate-1778-elizabeth-diller,Elizabeth Diller,1958,ARCHITECT,Poland,F,17,46.92,https://en.wikipedia.org/?curid=59228547,unresearched,unverified_candidate,Ranked for research discovery; HPI is not evidence of early success.
1779,candidate-1779-mihaela-stănuleț,Mihaela Stănuleț,1967,GYMNAST,Romania,F,15,46.83,https://en.wikipedia.org/?curid=19192913,unresearched,unverified_candidate,Ranked for research discovery; HPI is not evidence of early success.
1780,candidate-1780-reka-zsofia-lazăr-szabo,Reka Zsofia Lazăr-Szabo,1967,FENCER,Romania,F,18,46.59,https://en.wikipedia.org/?curid=32519972,unresearched,unverified_candidate,Ranked for research discovery; HPI is not evidence of early success.
1781,candidate-1781-fatih-portakal,Fatih Portakal,1967,JOURNALIST,Türkiye,M,24,46.58,https://en.wikipedia.org/?curid=66549415,unresearched,unverified_candidate,Ranked for research discovery; HPI is not evidence of early success.
1782,candidate-1782-olha-kharlan,Olha Kharlan,1990,FENCER,Ukraine,F,36,46.58,https://en.wikipedia.org/?curid=18860978,unresearched,unverified_candidate,Ranked for research discovery; HPI is not evidence of early success.
1783,candidate-1783-marina-lobatch,Marina Lobatch,1970,GYMNAST,Belarus,F,17,46.52,https://en.wikipedia.org/?curid=2604469,unresearched,unverified_candidate,Ranked for research discovery; HPI is not evidence of early success.
1784,candidate-1784-simona-amânar,Simona Amânar,1979,GYMNAST,Romania,F,25,46.47,https://en.wikipedia.org/?curid=75970,unresearched,unverified_candidate,Ranked for research discovery; HPI is not evidence of early success.
1785,candidate-1785-bence-szabó,Bence Szabó,1962,FENCER,Hungary,M,21,46.38,https://en.wikipedia.org/?curid=5139575,unresearched,unverified_candidate,Ranked for research discovery; HPI is not evidence of early success.
1786,candidate-1786-chris-o-dowd,Chris O'Dowd,1979,COMEDIAN,Ireland,M,29,46.29,https://en.wikipedia.org/?curid=4218115,unresearched,unverified_candidate,Ranked for research discovery; HPI is not evidence of early success.
1787,candidate-1787-khaby-lame,Khaby Lame,2000,COMEDIAN,Senegal,M,44,46.20,https://en.wikipedia.org/?curid=67669828,unresearched,unverified_candidate,Ranked for research discovery; HPI is not evidence of early success.
1788,candidate-1788-natalie-morales,Natalie Morales,1972,JOURNALIST,Taiwan,F,15,46.19,https://en.wikipedia.org/?curid=2116609,unresearched,unverified_candidate,Ranked for research discovery; HPI is not evidence of early success.
1789,candidate-1789-nam-hyun-hee,Nam Hyun-hee,1981,FENCER,South Korea,F,20,46.15,https://en.wikipedia.org/?curid=7319113,unresearched,unverified_candidate,Ranked for research discovery; HPI is not evidence of early success.
1790,candidate-1790-vadym-gutzeit,Vadym Gutzeit,1971,FENCER,Ukraine,M,20,46.13,https://en.wikipedia.org/?curid=9853935,unresearched,unverified_candidate,Ranked for research discovery; HPI is not evidence of early success.
1791,candidate-1791-lavinia-agache,Lavinia Agache,1968,GYMNAST,Romania,F,18,45.98,https://en.wikipedia.org/?curid=18939841,unresearched,unverified_candidate,Ranked for research discovery; HPI is not evidence of early success.
1792,candidate-1792-szilveszter-csollány,Szilveszter Csollány,1970,GYMNAST,Hungary,M,22,45.97,https://en.wikipedia.org/?curid=8901505,unresearched,unverified_candidate,Ranked for research discovery; HPI is not evidence of early success.
1793,candidate-1793-sergei-polunin,Sergei Polunin,1989,DANCER,Ukraine,F,22,45.87,https://en.wikipedia.org/?curid=31057972,unresearched,unverified_candidate,Ranked for research discovery; HPI is not evidence of early success.
1794,candidate-1794-fabrice-jeannet,Fabrice Jeannet,1980,FENCER,Martinique,M,24,45.73,https://en.wikipedia.org/?curid=7315738,unresearched,unverified_candidate,Ranked for research discovery; HPI is not evidence of early success.
1795,candidate-1795-karina-aznavourian,Karina Aznavourian,1974,FENCER,Azerbaijan,F,21,45.65,https://en.wikipedia.org/?curid=22750230,unresearched,unverified_candidate,Ranked for research discovery; HPI is not evidence of early success.
1796,candidate-1796-tamara-rojo,Tamara Rojo,1974,DANCER,Canada,F,16,45.61,https://en.wikipedia.org/?curid=2877528,unresearched,unverified_candidate,Ranked for research discovery; HPI is not evidence of early success.
1797,candidate-1797-géza-imre,Géza Imre,1974,FENCER,Hungary,M,22,45.55,https://en.wikipedia.org/?curid=5139496,unresearched,unverified_candidate,Ranked for research discovery; HPI is not evidence of early success.
1798,candidate-1798-ri-se-gwang,Ri Se-gwang,1985,GYMNAST,North Korea,M,19,45.51,https://en.wikipedia.org/?curid=18587605,unresearched,unverified_candidate,Ranked for research discovery; HPI is not evidence of early success.
1799,candidate-1799-yang-wei,Yang Wei,1980,GYMNAST,China,M,24,45.43,https://en.wikipedia.org/?curid=935507,unresearched,unverified_candidate,Ranked for research discovery; HPI is not evidence of early success.
1800,candidate-1800-anastasia-baburova,Anastasia Baburova,1983,JOURNALIST,,F,27,45.40,https://en.wikipedia.org/?curid=21173360,unresearched,unverified_candidate,Ranked for research discovery; HPI is not evidence of early success.
1801,candidate-1801-vijay-singh,Vijay Singh,1963,GOLFER,Fiji,M,27,45.37,https://en.wikipedia.org/?curid=426484,unresearched,unverified_candidate,Ranked for research discovery; HPI is not evidence of early success.
1802,candidate-1802-pak-se-ri,Pak Se-ri,1977,GOLFER,South Korea,F,17,45.35,https://en.wikipedia.org/?curid=1171582,unresearched,unverified_candidate,Ranked for research discovery; HPI is not evidence of early success.
1803,candidate-1803-alan-johnston,Alan Johnston,1962,JOURNALIST,Tanzania,M,21,45.34,https://en.wikipedia.org/?curid=10081092,unresearched,unverified_candidate,Ranked for research discovery; HPI is not evidence of early success.
1804,candidate-1804-tatiana-lysenko,Tatiana Lysenko,1975,GYMNAST,Ukraine,F,21,45.33,https://en.wikipedia.org/?curid=3688794,unresearched,unverified_candidate,Ranked for research discovery; HPI is not evidence of early success.
1805,candidate-1805-ulyana-lopatkina,Ulyana Lopatkina,1973,DANCER,,F,15,45.31,https://en.wikipedia.org/?curid=5770541,unresearched,unverified_candidate,Ranked for research discovery; HPI is not evidence of early success.
1806,candidate-1806-aleksandr-beketov,Aleksandr Beketov,1970,FENCER,,M,20,45.27,https://en.wikipedia.org/?curid=19497664,unresearched,unverified_candidate,Ranked for research discovery; HPI is not evidence of early success.
1807,candidate-1807-nikolay-kovalev,Nikolay Kovalev,1986,FENCER,,F,23,45.26,https://en.wikipedia.org/?curid=7332367,unresearched,unverified_candidate,Ranked for research discovery; HPI is not evidence of early success.
1808,candidate-1808-iván-kovács,Iván Kovács,1970,FENCER,Hungary,M,17,45.09,https://en.wikipedia.org/?curid=5139488,unresearched,unverified_candidate,Ranked for research discovery; HPI is not evidence of early success.
1809,candidate-1809-gabriela-potorac,Gabriela Potorac,1973,GYMNAST,Romania,F,19,45.09,https://en.wikipedia.org/?curid=19945741,unresearched,unverified_candidate,Ranked for research discovery; HPI is not evidence of early success.
1810,candidate-1810-dimosthenis-tampakos,Dimosthenis Tampakos,1976,GYMNAST,Greece,M,19,45.01,https://en.wikipedia.org/?curid=921516,unresearched,unverified_candidate,Ranked for research discovery; HPI is not evidence of early success.
1811,candidate-1811-claudia-bokel,Claudia Bokel,1973,FENCER,Netherlands,F,18,44.95,https://en.wikipedia.org/?curid=7332274,unresearched,unverified_candidate,Ranked for research discovery; HPI is not evidence of early success.
1812,candidate-1812-ana-maria-popescu,Ana Maria Popescu,1984,FENCER,Romania,F,27,44.91,https://en.wikipedia.org/?curid=18843733,unresearched,unverified_candidate,Ranked for research discovery; HPI is not evidence of early success.
1813,candidate-1813-cristina-bontaș,Cristina Bontaș,1973,GYMNAST,Romania,F,15,44.89,https://en.wikipedia.org/?curid=18311734,unresearched,unverified_candidate,Ranked for research discovery; HPI is not evidence of early success.
1814,candidate-1814-sandra-izbașa,Sandra Izbașa,1990,GYMNAST,Romania,F,30,44.86,https://en.wikipedia.org/?curid=5017681,unresearched,unverified_candidate,Ranked for research discovery; HPI is not evidence of early success.
1815,candidate-1815-epke-zonderland,Epke Zonderland,1986,GYMNAST,Netherlands,M,29,44.80,https://en.wikipedia.org/?curid=18700760,unresearched,unverified_candidate,Ranked for research discovery; HPI is not evidence of early success.
1816,candidate-1816-jason-day,Jason Day,1987,GOLFER,Australia,M,15,44.79,https://en.wikipedia.org/?curid=7018441,unresearched,unverified_candidate,Ranked for research discovery; HPI is not evidence of early success.
1817,candidate-1817-kateryna-serebrianska,Kateryna Serebrianska,1977,GYMNAST,,F,17,44.73,https://en.wikipedia.org/?curid=2604595,unresearched,unverified_candidate,Ranked for research discovery; HPI is not evidence of early success.
1818,candidate-1818-jung-gil-ok,Jung Gil-ok,1980,FENCER,South Korea,F,19,44.71,https://en.wikipedia.org/?curid=7319134,unresearched,unverified_candidate,Ranked for research discovery; HPI is not evidence of early success.
1819,candidate-1819-rebeca-andrade,Rebeca Andrade,1999,GYMNAST,Brazil,F,35,44.70,https://en.wikipedia.org/?curid=43413034,unresearched,unverified_candidate,Ranked for research discovery; HPI is not evidence of early success.
1820,candidate-1820-lu-li,Lu Li,1976,GYMNAST,China,F,22,44.64,https://en.wikipedia.org/?curid=4265331,unresearched,unverified_candidate,Ranked for research discovery; HPI is not evidence of early success.
1821,candidate-1821-li-xiaoshuang,Li Xiaoshuang,1973,GYMNAST,China,M,18,44.59,https://en.wikipedia.org/?curid=16665892,unresearched,unverified_candidate,Ranked for research discovery; HPI is not evidence of early success.
1822,candidate-1822-nick-price,Nick Price,1957,GOLFER,South Africa,M,17,44.59,https://en.wikipedia.org/?curid=1132021,unresearched,unverified_candidate,Ranked for research discovery; HPI is not evidence of early success.
1823,candidate-1823-sunay-erdem,Sunay Erdem,1971,ARCHITECT,Bulgaria,M,18,44.45,https://en.wikipedia.org/?curid=44246985,unresearched,unverified_candidate,Ranked for research discovery; HPI is not evidence of early success.
1824,candidate-1824-marius-urzică,Marius Urzică,1975,GYMNAST,Romania,M,20,44.25,https://en.wikipedia.org/?curid=897988,unresearched,unverified_candidate,Ranked for research discovery; HPI is not evidence of early success.
1825,candidate-1825-elim-chan,Elim Chan,1986,CONDUCTOR,Hong Kong,F,25,44.15,https://en.wikipedia.org/?curid=51107686,unresearched,unverified_candidate,Ranked for research discovery; HPI is not evidence of early success.
1826,candidate-1826-hong-un-jong,Hong Un-jong,1989,GYMNAST,,F,21,44.14,https://en.wikipedia.org/?curid=18740421,unresearched,unverified_candidate,Ranked for research discovery; HPI is not evidence of early success.
1827,candidate-1827-jung-jin-sun,Jung Jin-sun,1984,FENCER,South Korea,M,19,44.09,https://en.wikipedia.org/?curid=19375757,unresearched,unverified_candidate,Ranked for research discovery; HPI is not evidence of early success.
1828,candidate-1828-timur-miroshnychenko,Timur Miroshnychenko,1986,JOURNALIST,Ukraine,M,20,44.06,https://en.wikipedia.org/?curid=39719155,unresearched,unverified_candidate,Ranked for research discovery; HPI is not evidence of early success.
1829,candidate-1829-ulrich-robeiri,Ulrich Robeiri,1982,FENCER,French Guiana,F,20,44.03,https://en.wikipedia.org/?curid=7315644,unresearched,unverified_candidate,Ranked for research discovery; HPI is not evidence of early success.
1830,candidate-1830-kim-ji-yeon,Kim Ji-yeon,1988,FENCER,South Korea,F,24,44.02,https://en.wikipedia.org/?curid=36609432,unresearched,unverified_candidate,Ranked for research discovery; HPI is not evidence of early success.
1831,candidate-1831-iván-trevejo,Iván Trevejo,1971,FENCER,Cuba,M,16,44.01,https://en.wikipedia.org/?curid=34672231,unresearched,unverified_candidate,Ranked for research discovery; HPI is not evidence of early success.
1832,candidate-1832-rustam-sharipov,Rustam Sharipov,1971,GYMNAST,Tajikistan,M,16,43.94,https://en.wikipedia.org/?curid=15813965,unresearched,unverified_candidate,Ranked for research discovery; HPI is not evidence of early success.
1833,candidate-1833-li-xiaopeng,Li Xiaopeng,1981,GYMNAST,China,M,24,43.90,https://en.wikipedia.org/?curid=1825293,unresearched,unverified_candidate,Ranked for research discovery; HPI is not evidence of early success.
1834,candidate-1834-sam-michael,Sam Michael,1971,ENGINEER,Australia,M,19,43.86,https://en.wikipedia.org/?curid=695708,unresearched,unverified_candidate,Ranked for research discovery; HPI is not evidence of early success.
1835,candidate-1835-hrihoriy-misyutin,Hrihoriy Misyutin,1970,GYMNAST,Ukraine,M,15,43.77,https://en.wikipedia.org/?curid=19048753,unresearched,unverified_candidate,Ranked for research discovery; HPI is not evidence of early success.
1836,candidate-1836-jarkko-oikarinen,Jarkko Oikarinen,1967,INVENTOR,Finland,M,17,43.73,https://en.wikipedia.org/?curid=170573,unresearched,unverified_candidate,Ranked for research discovery; HPI is not evidence of early success.
1837,candidate-1837-igors-vihrovs,Igors Vihrovs,1978,GYMNAST,Latvia,M,20,43.72,https://en.wikipedia.org/?curid=871002,unresearched,unverified_candidate,Ranked for research discovery; HPI is not evidence of early success.
1838,candidate-1838-justin-rose,Justin Rose,1980,GOLFER,South Africa,M,27,43.71,https://en.wikipedia.org/?curid=1323399,unresearched,unverified_candidate,Ranked for research discovery; HPI is not evidence of early success.
1839,candidate-1839-lise-rønne,Lise Rønne,1978,JOURNALIST,Denmark,F,21,43.64,https://en.wikipedia.org/?curid=41838737,unresearched,unverified_candidate,Ranked for research discovery; HPI is not evidence of early success.
1840,candidate-1840-aida-mohamed,Aida Mohamed,1976,FENCER,Hungary,F,17,43.62,https://en.wikipedia.org/?curid=7297947,unresearched,unverified_candidate,Ranked for research discovery; HPI is not evidence of early success.
1841,candidate-1841-gina-gogean,Gina Gogean,1978,GYMNAST,Romania,F,20,43.50,https://en.wikipedia.org/?curid=3678133,unresearched,unverified_candidate,Ranked for research discovery; HPI is not evidence of early success.
1842,candidate-1842-lorena-ochoa,Lorena Ochoa,1981,GOLFER,Mexico,F,21,43.48,https://en.wikipedia.org/?curid=2126052,unresearched,unverified_candidate,Ranked for research discovery; HPI is not evidence of early success.
1843,candidate-1843-áron-szilágyi,Áron Szilágyi,1990,FENCER,Hungary,M,28,43.45,https://en.wikipedia.org/?curid=36577375,unresearched,unverified_candidate,Ranked for research discovery; HPI is not evidence of early success.
1844,candidate-1844-eleftherios-petrounias,Eleftherios Petrounias,1990,GYMNAST,Greece,F,27,43.44,https://en.wikipedia.org/?curid=47656582,unresearched,unverified_candidate,Ranked for research discovery; HPI is not evidence of early success.
1845,candidate-1845-ernie-els,Ernie Els,1969,GOLFER,South Africa,M,23,43.23,https://en.wikipedia.org/?curid=230467,unresearched,unverified_candidate,Ranked for research discovery; HPI is not evidence of early success.
1846,candidate-1846-anna-dogonadze,Anna Dogonadze,1973,GYMNAST,Georgia,F,16,43.21,https://en.wikipedia.org/?curid=5586200,unresearched,unverified_candidate,Ranked for research discovery; HPI is not evidence of early success.
1847,candidate-1847-henrik-stenson,Henrik Stenson,1976,GOLFER,Sweden,M,22,42.87,https://en.wikipedia.org/?curid=3884507,unresearched,unverified_candidate,Ranked for research discovery; HPI is not evidence of early success.
1848,candidate-1848-ángel-cabrera,Ángel Cabrera,1969,GOLFER,Argentina,M,18,42.85,https://en.wikipedia.org/?curid=1961587,unresearched,unverified_candidate,Ranked for research discovery; HPI is not evidence of early success.
1849,candidate-1849-laura-cutina,Laura Cutina,1968,GYMNAST,Romania,F,16,42.73,https://en.wikipedia.org/?curid=20170990,unresearched,unverified_candidate,Ranked for research discovery; HPI is not evidence of early success.
1850,candidate-1850-marian-drăgulescu,Marian Drăgulescu,1980,GYMNAST,Romania,M,18,42.61,https://en.wikipedia.org/?curid=897981,unresearched,unverified_candidate,Ranked for research discovery; HPI is not evidence of early success.
1851,candidate-1851-yang-hak-seon,Yang Hak-seon,1992,GYMNAST,South Korea,M,18,42.53,https://en.wikipedia.org/?curid=36648306,unresearched,unverified_candidate,Ranked for research discovery; HPI is not evidence of early success.
1852,candidate-1852-elián-gonzález,Elián González,1993,ENGINEER,Cuba,M,18,42.10,https://en.wikipedia.org/?curid=45154,unresearched,unverified_candidate,Ranked for research discovery; HPI is not evidence of early success.
1853,candidate-1853-david-adjaye,David Adjaye,1966,ARCHITECT,Tanzania,M,18,41.63,https://en.wikipedia.org/?curid=3975088,unresearched,unverified_candidate,Ranked for research discovery; HPI is not evidence of early success.
1854,candidate-1854-inbee-park,Inbee Park,1988,GOLFER,South Korea,F,19,41.62,https://en.wikipedia.org/?curid=18198579,unresearched,unverified_candidate,Ranked for research discovery; HPI is not evidence of early success.
1855,candidate-1855-eric-adjetey-anang,Eric Adjetey Anang,1985,SCULPTOR,Ghana,F,19,41.55,https://en.wikipedia.org/?curid=26828418,unresearched,unverified_candidate,Ranked for research discovery; HPI is not evidence of early success.
1856,candidate-1856-geeta-kapur,Geeta Kapur,1973,DANCER,India,F,16,41.21,https://en.wikipedia.org/?curid=25874318,unresearched,unverified_candidate,Ranked for research discovery; HPI is not evidence of early success.
1857,candidate-1857-nikocado-avocado,Nikocado Avocado,1992,COMEDIAN,Ukraine,M,22,41.20,https://en.wikipedia.org/?curid=66827824,unresearched,unverified_candidate,Ranked for research discovery; HPI is not evidence of early success.
1858,candidate-1858-wade-robson,Wade Robson,1982,DANCER,Australia,M,16,40.68,https://en.wikipedia.org/?curid=654142,unresearched,unverified_candidate,Ranked for research discovery; HPI is not evidence of early success.
1859,candidate-1859-j-p-dutta,J. P. Dutta,1949,PRODUCER,India,M,17,40.48,https://en.wikipedia.org/?curid=8365268,unresearched,unverified_candidate,Ranked for research discovery; HPI is not evidence of early success.
1860,candidate-1860-jaspal-bhatti,Jaspal Bhatti,1955,COMEDIAN,India,M,16,40.14,https://en.wikipedia.org/?curid=2401870,unresearched,unverified_candidate,Ranked for research discovery; HPI is not evidence of early success.
1861,candidate-1861-hema-upadhyay,Hema Upadhyay,1972,SCULPTOR,India,F,20,39.95,https://en.wikipedia.org/?curid=29645720,unresearched,unverified_candidate,Ranked for research discovery; HPI is not evidence of early success.
1862,candidate-1862-adam-scott,Adam Scott,1980,GOLFER,Australia,M,21,39.84,https://en.wikipedia.org/?curid=1080294,unresearched,unverified_candidate,Ranked for research discovery; HPI is not evidence of early success.
1863,candidate-1863-elena-andreicheva,Elena Andreicheva,2000,PRODUCER,Ukraine,F,23,39.61,https://en.wikipedia.org/?curid=63074549,unresearched,unverified_candidate,Ranked for research discovery; HPI is not evidence of early success.
1864,candidate-1864-jeremy-kleiner,Jeremy Kleiner,1976,PRODUCER,,M,16,38.96,https://en.wikipedia.org/?curid=41830509,unresearched,unverified_candidate,Ranked for research discovery; HPI is not evidence of early success.
1865,candidate-1865-mihran-hakobyan,Mihran Hakobyan,1984,SCULPTOR,,M,19,38.79,https://en.wikipedia.org/?curid=44327007,unresearched,unverified_candidate,Ranked for research discovery; HPI is not evidence of early success.
1866,candidate-1866-pádraig-harrington,Pádraig Harrington,1971,GOLFER,Ireland,M,20,37.56,https://en.wikipedia.org/?curid=1157761,unresearched,unverified_candidate,Ranked for research discovery; HPI is not evidence of early success.
1867,candidate-1867-hana-elhebshi,Hana Elhebshi,1985,ARCHITECT,Libya,F,17,36.83,https://en.wikipedia.org/?curid=43750264,unresearched,unverified_candidate,Ranked for research discovery; HPI is not evidence of early success.
1868,candidate-1868-karrie-webb,Karrie Webb,1974,GOLFER,Australia,F,16,36.45,https://en.wikipedia.org/?curid=1036386,unresearched,unverified_candidate,Ranked for research discovery; HPI is not evidence of early success.
1869,candidate-1869-enrique-cabrera,Enrique Cabrera,1974,SCULPTOR,Mexico,M,15,36.44,https://en.wikipedia.org/?curid=70803440,unresearched,unverified_candidate,Ranked for research discovery; HPI is not evidence of early success.
1870,candidate-1870-lydia-ko,Lydia Ko,1997,GOLFER,South Korea,F,22,35.22,https://en.wikipedia.org/?curid=34536091,unresearched,unverified_candidate,Ranked for research discovery; HPI is not evidence of early success.
1871,candidate-1871-dmytro-dikusar,Dmytro Dikusar,1985,DANCER,,M,15,32.58,https://en.wikipedia.org/?curid=73187220,unresearched,unverified_candidate,Ranked for research discovery; HPI is not evidence of early success.
1872,candidate-1872-masha-dashkina-maddux,Masha Dashkina Maddux,1986,DANCER,Ukraine,F,15,32.23,https://en.wikipedia.org/?curid=60618641,unresearched,unverified_candidate,Ranked for research discovery; HPI is not evidence of early success.
1873,candidate-1873-louis-oosthuizen,Louis Oosthuizen,1982,GOLFER,South Africa,M,16,31.29,https://en.wikipedia.org/?curid=9529084,unresearched,unverified_candidate,Ranked for research discovery; HPI is not evidence of early success.
1874,candidate-1874-robert-cochran,Robert Cochran,2000,PRODUCER,,M,15,31.25,https://en.wikipedia.org/?curid=1760187,unresearched,unverified_candidate,Ranked for research discovery; HPI is not evidence of early success.
1875,candidate-1875-charl-schwartzel,Charl Schwartzel,1984,GOLFER,South Africa,M,18,31.20,https://en.wikipedia.org/?curid=1598164,unresearched,unverified_candidate,Ranked for research discovery; HPI is not evidence of early success.
1876,candidate-1876-trevor-immelman,Trevor Immelman,1979,GOLFER,South Africa,M,15,30.46,https://en.wikipedia.org/?curid=4108736,unresearched,unverified_candidate,Ranked for research discovery; HPI is not evidence of early success.
1877,candidate-1877-emiliano-grillo,Emiliano Grillo,1992,GOLFER,Argentina,M,8,27.77,https://en.wikipedia.org/?curid=37796908,unresearched,unverified_candidate,Ranked for research discovery; HPI is not evidence of early success.
1878,candidate-1878-joaquín-niemann,Joaquín Niemann,1998,GOLFER,Chile,M,6,27.36,https://en.wikipedia.org/?curid=54731249,unresearched,unverified_candidate,Ranked for research discovery; HPI is not evidence of early success.
1879,candidate-1879-sepp-straka,Sepp Straka,1993,GOLFER,Austria,M,7,27.24,https://en.wikipedia.org/?curid=61462577,unresearched,unverified_candidate,Ranked for research discovery; HPI is not evidence of early success.
1880,candidate-1880-thorbjørn-olesen,Thorbjørn Olesen,1989,GOLFER,Denmark,M,9,25.96,https://en.wikipedia.org/?curid=28023225,unresearched,unverified_candidate,Ranked for research discovery; HPI is not evidence of early success.
1881,candidate-1881-viktor-hovland,Viktor Hovland,1997,GOLFER,Norway,M,13,25.16,https://en.wikipedia.org/?curid=58206793,unresearched,unverified_candidate,Ranked for research discovery; HPI is not evidence of early success.
1882,candidate-1882-emily-kristine-pedersen,Emily Kristine Pedersen,1996,GOLFER,Denmark,F,5,19.20,https://en.wikipedia.org/?curid=54812494,unresearched,unverified_candidate,Ranked for research discovery; HPI is not evidence of early success.
1883,candidate-1883-yuri-gagarin,Yuri Gagarin,1934,ASTRONAUT,Russia,M,171,87.19,https://en.wikipedia.org/?curid=34226,unresearched,unverified_candidate,Ranked for research discovery; HPI is not evidence of early success.
1884,candidate-1884-neil-armstrong,Neil Armstrong,1930,ASTRONAUT,United States,M,170,85.96,https://en.wikipedia.org/?curid=21247,unresearched,unverified_candidate,Ranked for research discovery; HPI is not evidence of early success.
1885,candidate-1885-pablo-escobar,Pablo Escobar,1949,MAFIOSO,Colombia,M,99,84.96,https://en.wikipedia.org/?curid=161570,unresearched,unverified_candidate,Ranked for research discovery; HPI is not evidence of early success.
1886,candidate-1886-caitlyn-jenner,Caitlyn Jenner,1949,CELEBRITY,United States,F,53,81.36,https://en.wikipedia.org/?curid=773158,unresearched,unverified_candidate,Ranked for research discovery; HPI is not evidence of early success.
1887,candidate-1887-marina-abramović,Marina Abramović,1946,ARTIST,Serbia,F,56,81.24,https://en.wikipedia.org/?curid=467626,unresearched,unverified_candidate,Ranked for research discovery; HPI is not evidence of early success.
1888,candidate-1888-michael-collins,Michael Collins,1930,ASTRONAUT,Italy,M,80,81.19,https://en.wikipedia.org/?curid=97666,unresearched,unverified_candidate,Ranked for research discovery; HPI is not evidence of early success.
1889,candidate-1889-aung-san-suu-kyi,Aung San Suu Kyi,1945,SOCIAL ACTIVIST,Myanmar (Burma),F,131,80.96,https://en.wikipedia.org/?curid=2847,unresearched,unverified_candidate,Ranked for research discovery; HPI is not evidence of early success.
1890,candidate-1890-valentina-tereshkova,Valentina Tereshkova,1937,ASTRONAUT,Russia,F,112,80.96,https://en.wikipedia.org/?curid=192196,unresearched,unverified_candidate,Ranked for research discovery; HPI is not evidence of early success.
1891,candidate-1891-karl-lagerfeld,Karl Lagerfeld,1933,FASHION DESIGNER,Germany,M,68,80.92,https://en.wikipedia.org/?curid=175855,unresearched,unverified_candidate,Ranked for research discovery; HPI is not evidence of early success.
1892,candidate-1892-anthony-fauci,Anthony Fauci,1940,PHYSICIAN,United States,M,54,80.91,https://en.wikipedia.org/?curid=1227250,unresearched,unverified_candidate,Ranked for research discovery; HPI is not evidence of early success.
1893,candidate-1893-calvin-klein,Calvin Klein,1942,FASHION DESIGNER,United States,M,53,80.51,https://en.wikipedia.org/?curid=430391,unresearched,unverified_candidate,Ranked for research discovery; HPI is not evidence of early success.
1894,candidate-1894-ratko-mladić,Ratko Mladić,1942,MILITARY PERSONNEL,Bosnia and Herzegovina,M,64,79.73,https://en.wikipedia.org/?curid=22742941,unresearched,unverified_candidate,Ranked for research discovery; HPI is not evidence of early success.
1895,candidate-1895-anton-lavey,Anton LaVey,1930,OCCULTIST,United States,M,50,79.08,https://en.wikipedia.org/?curid=238765,unresearched,unverified_candidate,Ranked for research discovery; HPI is not evidence of early success.
1896,candidate-1896-pierre-bourdieu,Pierre Bourdieu,1930,SOCIOLOGIST,France,M,68,78.90,https://en.wikipedia.org/?curid=109275,unresearched,unverified_candidate,Ranked for research discovery; HPI is not evidence of early success.
1897,candidate-1897-yves-saint-laurent,Yves Saint Laurent,1936,FASHION DESIGNER,Algeria,M,61,78.79,https://en.wikipedia.org/?curid=145236,unresearched,unverified_candidate,Ranked for research discovery; HPI is not evidence of early success.
1898,candidate-1898-betty-williams,Betty Williams,1943,SOCIAL ACTIVIST,United Kingdom,F,70,78.16,https://en.wikipedia.org/?curid=296524,unresearched,unverified_candidate,Ranked for research discovery; HPI is not evidence of early success.
1899,candidate-1899-gene-cernan,Gene Cernan,1934,ASTRONAUT,United States,M,55,78.05,https://en.wikipedia.org/?curid=300531,unresearched,unverified_candidate,Ranked for research discovery; HPI is not evidence of early success.
1900,candidate-1900-yoko-ono,Yoko Ono,1933,ARTIST,Japan,F,79,77.77,https://en.wikipedia.org/?curid=34350,unresearched,unverified_candidate,Ranked for research discovery; HPI is not evidence of early success.
1901,candidate-1901-anthony-giddens,Anthony Giddens,1938,SOCIOLOGIST,United Kingdom,M,50,77.29,https://en.wikipedia.org/?curid=332306,unresearched,unverified_candidate,Ranked for research discovery; HPI is not evidence of early success.
1902,candidate-1902-lina-medina,Lina Medina,1933,CELEBRITY,Peru,F,57,77.29,https://en.wikipedia.org/?curid=363601,unresearched,unverified_candidate,Ranked for research discovery; HPI is not evidence of early success.
1903,candidate-1903-stanislav-petrov,Stanislav Petrov,1939,MILITARY PERSONNEL,Russia,M,51,76.92,https://en.wikipedia.org/?curid=32813994,unresearched,unverified_candidate,Ranked for research discovery; HPI is not evidence of early success.
1904,candidate-1904-o-j-simpson,O. J. Simpson,1947,AMERICAN FOOTBALL PLAYER,United States,M,56,76.56,https://en.wikipedia.org/?curid=8955445,unresearched,unverified_candidate,Ranked for research discovery; HPI is not evidence of early success.
1905,candidate-1905-shirin-ebadi,Shirin Ebadi,1947,SOCIAL ACTIVIST,Iran,F,92,76.17,https://en.wikipedia.org/?curid=337976,unresearched,unverified_candidate,Ranked for research discovery; HPI is not evidence of early success.
1906,candidate-1906-norman-schwarzkopf-jr,Norman Schwarzkopf Jr.,1934,MILITARY PERSONNEL,United States,M,37,76.12,https://en.wikipedia.org/?curid=443561,unresearched,unverified_candidate,Ranked for research discovery; HPI is not evidence of early success.
1907,candidate-1907-pete-conrad,Pete Conrad,1930,ASTRONAUT,United States,M,54,76.08,https://en.wikipedia.org/?curid=185062,unresearched,unverified_candidate,Ranked for research discovery; HPI is not evidence of early success.
1908,candidate-1908-ilona-staller,Ilona Staller,1951,PORNOGRAPHIC ACTOR,Hungary,F,45,75.95,https://en.wikipedia.org/?curid=36762,unresearched,unverified_candidate,Ranked for research discovery; HPI is not evidence of early success.
1909,candidate-1909-john-young,John Young,1930,ASTRONAUT,United States,M,53,75.84,https://en.wikipedia.org/?curid=303563,unresearched,unverified_candidate,Ranked for research discovery; HPI is not evidence of early success.
1910,candidate-1910-joaquín-el-chapo-guzmán,"Joaquín ""El Chapo"" Guzmán",1957,MAFIOSO,Mexico,M,49,75.83,https://en.wikipedia.org/?curid=4176378,unresearched,unverified_candidate,Ranked for research discovery; HPI is not evidence of early success.
1911,candidate-1911-william-anders,William Anders,1933,ASTRONAUT,Hong Kong,M,51,75.54,https://en.wikipedia.org/?curid=82925,unresearched,unverified_candidate,Ranked for research discovery; HPI is not evidence of early success.
1912,candidate-1912-jay-leno,Jay Leno,1950,PRESENTER,United States,M,60,75.44,https://en.wikipedia.org/?curid=16506,unresearched,unverified_candidate,Ranked for research discovery; HPI is not evidence of early success.
1913,candidate-1913-buzz-aldrin,Buzz Aldrin,1930,ASTRONAUT,United States,M,101,75.43,https://en.wikipedia.org/?curid=65777,unresearched,unverified_candidate,Ranked for research discovery; HPI is not evidence of early success.
1914,candidate-1914-john-f-kennedy-jr,John F. Kennedy Jr.,1960,LAWYER,United States,M,41,75.32,https://en.wikipedia.org/?curid=159362,unresearched,unverified_candidate,Ranked for research discovery; HPI is not evidence of early success.
1915,candidate-1915-ed-white,Ed White,1930,ASTRONAUT,United States,M,47,75.22,https://en.wikipedia.org/?curid=36594,unresearched,unverified_candidate,Ranked for research discovery; HPI is not evidence of early success.
1916,candidate-1916-reinhold-messner,Reinhold Messner,1944,MOUNTAINEER,Italy,M,56,75.14,https://en.wikipedia.org/?curid=255486,unresearched,unverified_candidate,Ranked for research discovery; HPI is not evidence of early success.
1917,candidate-1917-maurizio-gucci,Maurizio Gucci,1948,FASHION DESIGNER,Italy,M,30,75.14,https://en.wikipedia.org/?curid=2084316,unresearched,unverified_candidate,Ranked for research discovery; HPI is not evidence of early success.
1918,candidate-1918-jan-palach,Jan Palach,1948,SOCIAL ACTIVIST,Czechia,M,59,75.04,https://en.wikipedia.org/?curid=620359,unresearched,unverified_candidate,Ranked for research discovery; HPI is not evidence of early success.
1919,candidate-1919-yonatan-netanyahu,Yonatan Netanyahu,1946,MILITARY PERSONNEL,United States,M,34,75.02,https://en.wikipedia.org/?curid=473647,unresearched,unverified_candidate,Ranked for research discovery; HPI is not evidence of early success.
1920,candidate-1920-chesley-sullenberger,Chesley Sullenberger,1951,PILOT,United States,M,32,74.99,https://en.wikipedia.org/?curid=21143211,unresearched,unverified_candidate,Ranked for research discovery; HPI is not evidence of early success.
1921,candidate-1921-jean-paul-gaultier,Jean-Paul Gaultier,1952,FASHION DESIGNER,France,M,50,74.85,https://en.wikipedia.org/?curid=506080,unresearched,unverified_candidate,Ranked for research discovery; HPI is not evidence of early success.
1922,candidate-1922-yevgeny-prigozhin,Yevgeny Prigozhin,1961,MILITARY PERSONNEL,Russia,M,78,74.76,https://en.wikipedia.org/?curid=53406808,unresearched,unverified_candidate,Ranked for research discovery; HPI is not evidence of early success.
1923,candidate-1923-sadako-sasaki,Sadako Sasaki,1943,SOCIAL ACTIVIST,Japan,F,49,74.55,https://en.wikipedia.org/?curid=602445,unresearched,unverified_candidate,Ranked for research discovery; HPI is not evidence of early success.
1924,candidate-1924-mahsa-amini,Mahsa Amini,1999,INSPIRATION,Iran,F,41,74.53,https://en.wikipedia.org/?curid=75111108,unresearched,unverified_candidate,Ranked for research discovery; HPI is not evidence of early success.
1925,candidate-1925-vivienne-westwood,Vivienne Westwood,1941,FASHION DESIGNER,United Kingdom,F,53,74.52,https://en.wikipedia.org/?curid=149006,unresearched,unverified_candidate,Ranked for research discovery; HPI is not evidence of early success.
1926,candidate-1926-salvatore-riina,Salvatore Riina,1930,MAFIOSO,Italy,M,40,74.49,https://en.wikipedia.org/?curid=24995583,unresearched,unverified_candidate,Ranked for research discovery; HPI is not evidence of early success.
1927,candidate-1927-giovanni-falcone,Giovanni Falcone,1939,JUDGE,Italy,M,43,74.41,https://en.wikipedia.org/?curid=44796,unresearched,unverified_candidate,Ranked for research discovery; HPI is not evidence of early success.
1928,candidate-1928-peter-c-doherty,Peter C. Doherty,1940,PHYSICIAN,Australia,M,48,74.16,https://en.wikipedia.org/?curid=1157592,unresearched,unverified_candidate,Ranked for research discovery; HPI is not evidence of early success.
1929,candidate-1929-akira-toriyama,Akira Toriyama,1955,COMIC ARTIST,Japan,M,66,73.99,https://en.wikipedia.org/?curid=3092,unresearched,unverified_candidate,Ranked for research discovery; HPI is not evidence of early success.
1930,candidate-1930-gabor-maté,Gabor Maté,1944,PHYSICIAN,Hungary,M,19,73.99,https://en.wikipedia.org/?curid=16880262,unresearched,unverified_candidate,Ranked for research discovery; HPI is not evidence of early success.
1931,candidate-1931-david-harvey,David Harvey,1935,GEOGRAPHER,United Kingdom,M,37,73.17,https://en.wikipedia.org/?curid=1417002,unresearched,unverified_candidate,Ranked for research discovery; HPI is not evidence of early success.
1932,candidate-1932-khalifa-haftar,Khalifa Haftar,1943,MILITARY PERSONNEL,Libya,M,42,72.98,https://en.wikipedia.org/?curid=31227894,unresearched,unverified_candidate,Ranked for research discovery; HPI is not evidence of early success.
1933,candidate-1933-pierluigi-collina,Pierluigi Collina,1960,REFEREE,Italy,M,50,72.79,https://en.wikipedia.org/?curid=715818,unresearched,unverified_candidate,Ranked for research discovery; HPI is not evidence of early success.
1934,candidate-1934-adly-mansour,Adly Mansour,1945,JUDGE,Egypt,M,46,72.73,https://en.wikipedia.org/?curid=39851806,unresearched,unverified_candidate,Ranked for research discovery; HPI is not evidence of early success.
1935,candidate-1935-donatella-versace,Donatella Versace,1955,FASHION DESIGNER,Italy,F,47,72.27,https://en.wikipedia.org/?curid=489914,unresearched,unverified_candidate,Ranked for research discovery; HPI is not evidence of early success.
1936,candidate-1936-jacques-rogge,Jacques Rogge,1942,PHYSICIAN,Belgium,M,56,72.15,https://en.wikipedia.org/?curid=92886,unresearched,unverified_candidate,Ranked for research discovery; HPI is not evidence of early success.
1937,candidate-1937-ulrich-beck,Ulrich Beck,1944,SOCIOLOGIST,Poland,M,48,71.87,https://en.wikipedia.org/?curid=273869,unresearched,unverified_candidate,Ranked for research discovery; HPI is not evidence of early success.
1938,candidate-1938-griselda-blanco,Griselda Blanco,1943,MAFIOSO,Colombia,F,27,71.71,https://en.wikipedia.org/?curid=7838987,unresearched,unverified_candidate,Ranked for research discovery; HPI is not evidence of early success.
1939,candidate-1939-camilo-cienfuegos,Camilo Cienfuegos,1932,SOCIAL ACTIVIST,Cuba,M,47,71.23,https://en.wikipedia.org/?curid=285012,unresearched,unverified_candidate,Ranked for research discovery; HPI is not evidence of early success.
1940,candidate-1940-empress-michiko,Empress Michiko,1934,CELEBRITY,Japan,F,47,71.22,https://en.wikipedia.org/?curid=273646,unresearched,unverified_candidate,Ranked for research discovery; HPI is not evidence of early success.
1941,candidate-1941-slobodan-praljak,Slobodan Praljak,1945,MILITARY PERSONNEL,Bosnia and Herzegovina,M,43,71.22,https://en.wikipedia.org/?curid=5714927,unresearched,unverified_candidate,Ranked for research discovery; HPI is not evidence of early success.
1942,candidate-1942-alexei-leonov,Alexei Leonov,1934,ASTRONAUT,Russia,M,76,71.15,https://en.wikipedia.org/?curid=195645,unresearched,unverified_candidate,Ranked for research discovery; HPI is not evidence of early success.
1943,candidate-1943-anneliese-michel,Anneliese Michel,1952,SOCIAL ACTIVIST,Germany,F,40,71.08,https://en.wikipedia.org/?curid=2458960,unresearched,unverified_candidate,Ranked for research discovery; HPI is not evidence of early success.
1944,candidate-1944-adolfo-pérez-esquivel,Adolfo Pérez Esquivel,1931,SOCIAL ACTIVIST,Argentina,M,53,71.01,https://en.wikipedia.org/?curid=195152,unresearched,unverified_candidate,Ranked for research discovery; HPI is not evidence of early success.
1945,candidate-1945-junko-tabei,Junko Tabei,1939,MOUNTAINEER,Japan,F,56,70.97,https://en.wikipedia.org/?curid=451996,unresearched,unverified_candidate,Ranked for research discovery; HPI is not evidence of early success.
1946,candidate-1946-liu-xiaobo,Liu Xiaobo,1955,SOCIAL ACTIVIST,China,M,104,70.93,https://en.wikipedia.org/?curid=11786379,unresearched,unverified_candidate,Ranked for research discovery; HPI is not evidence of early success.
1947,candidate-1947-colin-renfrew,Colin Renfrew,1937,ARCHAEOLOGIST,United Kingdom,M,34,70.91,https://en.wikipedia.org/?curid=39773,unresearched,unverified_candidate,Ranked for research discovery; HPI is not evidence of early success.
1948,candidate-1948-miguel-ángel-félix-gallardo,Miguel Ángel Félix Gallardo,1946,MAFIOSO,Mexico,M,30,70.86,https://en.wikipedia.org/?curid=6523580,unresearched,unverified_candidate,Ranked for research discovery; HPI is not evidence of early success.
1949,candidate-1949-rocco-siffredi,Rocco Siffredi,1964,PORNOGRAPHIC ACTOR,Italy,M,45,70.85,https://en.wikipedia.org/?curid=355853,unresearched,unverified_candidate,Ranked for research discovery; HPI is not evidence of early success.
1950,candidate-1950-ali-hassan-al-majid,Ali Hassan al-Majid,1941,PUBLIC WORKER,Iraq,M,39,70.70,https://en.wikipedia.org/?curid=207041,unresearched,unverified_candidate,Ranked for research discovery; HPI is not evidence of early success.
1951,candidate-1951-alexei-navalny,Alexei Navalny,1976,SOCIAL ACTIVIST,Russia,M,108,70.52,https://en.wikipedia.org/?curid=29174356,unresearched,unverified_candidate,Ranked for research discovery; HPI is not evidence of early success.
1952,candidate-1952-paolo-borsellino,Paolo Borsellino,1940,JUDGE,Italy,M,37,70.49,https://en.wikipedia.org/?curid=628364,unresearched,unverified_candidate,Ranked for research discovery; HPI is not evidence of early success.
1953,candidate-1953-gherman-titov,Gherman Titov,1935,ASTRONAUT,Russia,M,56,70.40,https://en.wikipedia.org/?curid=192935,unresearched,unverified_candidate,Ranked for research discovery; HPI is not evidence of early success.
1954,candidate-1954-david-hockney,David Hockney,1937,ARTIST,United Kingdom,M,42,70.35,https://en.wikipedia.org/?curid=238341,unresearched,unverified_candidate,Ranked for research discovery; HPI is not evidence of early success.
1955,candidate-1955-roberto-cavalli,Roberto Cavalli,1940,FASHION DESIGNER,Italy,M,36,70.27,https://en.wikipedia.org/?curid=2437077,unresearched,unverified_candidate,Ranked for research discovery; HPI is not evidence of early success.
1956,candidate-1956-aleksandr-dugin,Aleksandr Dugin,1962,POLITICAL SCIENTIST,Russia,M,57,70.18,https://en.wikipedia.org/?curid=929468,unresearched,unverified_candidate,Ranked for research discovery; HPI is not evidence of early success.
1957,candidate-1957-manuel-castells,Manuel Castells,1942,SOCIOLOGIST,Spain,M,42,70.08,https://en.wikipedia.org/?curid=64644,unresearched,unverified_candidate,Ranked for research discovery; HPI is not evidence of early success.
1958,candidate-1958-denis-mukwege,Denis Mukwege,1955,SOCIAL ACTIVIST,Democratic Republic of the Congo,M,71,70.06,https://en.wikipedia.org/?curid=19914976,unresearched,unverified_candidate,Ranked for research discovery; HPI is not evidence of early success.
1959,candidate-1959-mairead-maguire,Mairead Maguire,1944,SOCIAL ACTIVIST,United Kingdom,F,69,69.94,https://en.wikipedia.org/?curid=318280,unresearched,unverified_candidate,Ranked for research discovery; HPI is not evidence of early success.
1960,candidate-1960-benedict-anderson,Benedict Anderson,1936,POLITICAL SCIENTIST,China,M,50,69.90,https://en.wikipedia.org/?curid=730760,unresearched,unverified_candidate,Ranked for research discovery; HPI is not evidence of early success.
1961,candidate-1961-robin-warren,Robin Warren,1937,PHYSICIAN,Australia,M,55,69.85,https://en.wikipedia.org/?curid=1012234,unresearched,unverified_candidate,Ranked for research discovery; HPI is not evidence of early success.
1962,candidate-1962-bernardo-provenzano,Bernardo Provenzano,1933,MAFIOSO,Italy,M,35,69.85,https://en.wikipedia.org/?curid=1490293,unresearched,unverified_candidate,Ranked for research discovery; HPI is not evidence of early success.
1963,candidate-1963-christoph-schönborn,Christoph Schönborn,1945,,Czechia,F,35,69.76,https://en.wikipedia.org/?curid=1547179,unresearched,unverified_candidate,Ranked for research discovery; HPI is not evidence of early success.
1964,candidate-1964-timothy-laurence,Timothy Laurence,1955,MILITARY PERSONNEL,United Kingdom,M,25,69.52,https://en.wikipedia.org/?curid=582211,unresearched,unverified_candidate,Ranked for research discovery; HPI is not evidence of early success.
1965,candidate-1965-shigeru-miyamoto,Shigeru Miyamoto,1952,GAME DESIGNER,Japan,M,58,69.47,https://en.wikipedia.org/?curid=79982,unresearched,unverified_candidate,Ranked for research discovery; HPI is not evidence of early success.
1966,candidate-1966-velupillai-prabhakaran,Velupillai Prabhakaran,1954,MAFIOSO,Sri Lanka,M,43,69.46,https://en.wikipedia.org/?curid=445658,unresearched,unverified_candidate,Ranked for research discovery; HPI is not evidence of early success.
1967,candidate-1967-ingemar-stenmark,Ingemar Stenmark,1956,SKIER,Sweden,M,48,69.45,https://en.wikipedia.org/?curid=895968,unresearched,unverified_candidate,Ranked for research discovery; HPI is not evidence of early success.
1968,candidate-1968-valery-gerasimov,Valery Gerasimov,1955,MILITARY PERSONNEL,Russia,M,48,69.33,https://en.wikipedia.org/?curid=37587470,unresearched,unverified_candidate,Ranked for research discovery; HPI is not evidence of early success.
1969,candidate-1969-dodi-fayed,Dodi Fayed,1955,CELEBRITY,Egypt,M,32,69.28,https://en.wikipedia.org/?curid=148804,unresearched,unverified_candidate,Ranked for research discovery; HPI is not evidence of early success.
1970,candidate-1970-ryke-geerd-hamer,Ryke Geerd Hamer,1935,PHYSICIAN,Germany,M,21,69.27,https://en.wikipedia.org/?curid=1203248,unresearched,unverified_candidate,Ranked for research discovery; HPI is not evidence of early success.
1971,candidate-1971-johan-galtung,Johan Galtung,1930,POLITICAL SCIENTIST,Norway,M,41,69.27,https://en.wikipedia.org/?curid=396339,unresearched,unverified_candidate,Ranked for research discovery; HPI is not evidence of early success.
1972,candidate-1972-rolf-m-zinkernagel,Rolf M. Zinkernagel,1944,PHYSICIAN,Switzerland,M,48,69.17,https://en.wikipedia.org/?curid=1702186,unresearched,unverified_candidate,Ranked for research discovery; HPI is not evidence of early success.
1973,candidate-1973-qasem-soleimani,Qasem Soleimani,1957,MILITARY PERSONNEL,Iran,M,82,69.10,https://en.wikipedia.org/?curid=16805217,unresearched,unverified_candidate,Ranked for research discovery; HPI is not evidence of early success.
1974,candidate-1974-jonas-savimbi,Jonas Savimbi,1934,MILITARY PERSONNEL,Angola,M,50,69.06,https://en.wikipedia.org/?curid=264097,unresearched,unverified_candidate,Ranked for research discovery; HPI is not evidence of early success.
1975,candidate-1975-vesna-vulović,Vesna Vulović,1950,SOCIAL ACTIVIST,Serbia,F,40,68.85,https://en.wikipedia.org/?curid=531287,unresearched,unverified_candidate,Ranked for research discovery; HPI is not evidence of early success.
1976,candidate-1976-mary-quant,Mary Quant,1930,FASHION DESIGNER,United Kingdom,F,40,68.80,https://en.wikipedia.org/?curid=201482,unresearched,unverified_candidate,Ranked for research discovery; HPI is not evidence of early success.
1977,candidate-1977-jean-giraud,Jean Giraud,1938,COMIC ARTIST,France,M,43,68.78,https://en.wikipedia.org/?curid=164087,unresearched,unverified_candidate,Ranked for research discovery; HPI is not evidence of early success.
1978,candidate-1978-wayne-gretzky,Wayne Gretzky,1961,HOCKEY PLAYER,Canada,M,60,68.72,https://en.wikipedia.org/?curid=33422,unresearched,unverified_candidate,Ranked for research discovery; HPI is not evidence of early success.
1979,candidate-1979-isdal-woman,Isdal Woman,1940,ARCHAEOLOGIST,Germany,F,22,68.64,https://en.wikipedia.org/?curid=37396824,unresearched,unverified_candidate,Ranked for research discovery; HPI is not evidence of early success.
1980,candidate-1980-sigmund-jähn,Sigmund Jähn,1937,ASTRONAUT,Germany,M,45,68.36,https://en.wikipedia.org/?curid=181221,unresearched,unverified_candidate,Ranked for research discovery; HPI is not evidence of early success.
1981,candidate-1981-steve-irwin,Steve Irwin,1962,PRESENTER,Australia,M,77,68.36,https://en.wikipedia.org/?curid=6873934,unresearched,unverified_candidate,Ranked for research discovery; HPI is not evidence of early success.
1982,candidate-1982-banksy,Banksy,1970,ARTIST,United Kingdom,M,63,68.32,https://en.wikipedia.org/?curid=396241,unresearched,unverified_candidate,Ranked for research discovery; HPI is not evidence of early success.
1983,candidate-1983-steve-biko,Steve Biko,1946,SOCIAL ACTIVIST,South Africa,M,72,68.30,https://en.wikipedia.org/?curid=28320,unresearched,unverified_candidate,Ranked for research discovery; HPI is not evidence of early success.
1984,candidate-1984-navi-pillay,Navi Pillay,1941,LAWYER,South Africa,F,32,68.25,https://en.wikipedia.org/?curid=6041935,unresearched,unverified_candidate,Ranked for research discovery; HPI is not evidence of early success.
1985,candidate-1985-carla-del-ponte,Carla Del Ponte,1947,LAWYER,Switzerland,F,38,68.24,https://en.wikipedia.org/?curid=1381178,unresearched,unverified_candidate,Ranked for research discovery; HPI is not evidence of early success.
1986,candidate-1986-stokely-carmichael,Stokely Carmichael,1941,SOCIAL ACTIVIST,Trinidad and Tobago,M,30,68.23,https://en.wikipedia.org/?curid=259349,unresearched,unverified_candidate,Ranked for research discovery; HPI is not evidence of early success.
1987,candidate-1987-marianne-bachmeier,Marianne Bachmeier,1950,SOCIAL ACTIVIST,Germany,F,27,67.91,https://en.wikipedia.org/?curid=41861762,unresearched,unverified_candidate,Ranked for research discovery; HPI is not evidence of early success.
1988,candidate-1988-peter-north,Peter North,1957,PORNOGRAPHIC ACTOR,Canada,M,28,67.77,https://en.wikipedia.org/?curid=18707111,unresearched,unverified_candidate,Ranked for research discovery; HPI is not evidence of early success.
1989,candidate-1989-yohji-yamamoto,Yohji Yamamoto,1943,FASHION DESIGNER,Japan,M,24,67.71,https://en.wikipedia.org/?curid=2847726,unresearched,unverified_candidate,Ranked for research discovery; HPI is not evidence of early success.
1990,candidate-1990-terry-wogan,Terry Wogan,1938,PRESENTER,Ireland,M,26,67.71,https://en.wikipedia.org/?curid=233249,unresearched,unverified_candidate,Ranked for research discovery; HPI is not evidence of early success.
1991,candidate-1991-conor-mcgregor,Conor McGregor,1988,MARTIAL ARTS,Ireland,M,64,67.67,https://en.wikipedia.org/?curid=38738224,unresearched,unverified_candidate,Ranked for research discovery; HPI is not evidence of early success.
1992,candidate-1992-zahi-hawass,Zahi Hawass,1947,ARCHAEOLOGIST,Egypt,M,43,67.62,https://en.wikipedia.org/?curid=251567,unresearched,unverified_candidate,Ranked for research discovery; HPI is not evidence of early success.
1993,candidate-1993-markus-persson,Markus Persson,1979,GAME DESIGNER,Sweden,M,52,67.57,https://en.wikipedia.org/?curid=28089486,unresearched,unverified_candidate,Ranked for research discovery; HPI is not evidence of early success.
1994,candidate-1994-svetlana-savitskaya,Svetlana Savitskaya,1948,ASTRONAUT,Russia,F,65,67.55,https://en.wikipedia.org/?curid=192137,unresearched,unverified_candidate,Ranked for research discovery; HPI is not evidence of early success.
1995,candidate-1995-semion-mogilevich,Semion Mogilevich,1946,MAFIOSO,Ukraine,M,26,67.54,https://en.wikipedia.org/?curid=5206163,unresearched,unverified_candidate,Ranked for research discovery; HPI is not evidence of early success.
1996,candidate-1996-joël-robuchon,Joël Robuchon,1945,CHEF,France,M,24,67.49,https://en.wikipedia.org/?curid=988918,unresearched,unverified_candidate,Ranked for research discovery; HPI is not evidence of early success.
1997,candidate-1997-mehran-karimi-nasseri,Mehran Karimi Nasseri,1942,CELEBRITY,Iran,M,33,67.49,https://en.wikipedia.org/?curid=715857,unresearched,unverified_candidate,Ranked for research discovery; HPI is not evidence of early success.
1998,candidate-1998-chandra-bahadur-dangi,Chandra Bahadur Dangi,1939,CELEBRITY,Nepal,M,34,67.39,https://en.wikipedia.org/?curid=34898606,unresearched,unverified_candidate,Ranked for research discovery; HPI is not evidence of early success.
1999,candidate-1999-sergei-skripal,Sergei Skripal,1951,MILITARY PERSONNEL,Russia,M,35,67.38,https://en.wikipedia.org/?curid=6364868,unresearched,unverified_candidate,Ranked for research discovery; HPI is not evidence of early success.
2000,candidate-2000-beppe-grillo,Beppe Grillo,1948,SOCIAL ACTIVIST,Italy,M,50,67.38,https://en.wikipedia.org/?curid=1904353,unresearched,unverified_candidate,Ranked for research discovery; HPI is not evidence of early success.
2001,candidate-2001-rumiko-takahashi,Rumiko Takahashi,1957,COMIC ARTIST,Japan,F,46,67.23,https://en.wikipedia.org/?curid=26502,unresearched,unverified_candidate,Ranked for research discovery; HPI is not evidence of early success.
2002,candidate-2002-jean-jacques-sempé,Jean-Jacques Sempé,1932,COMIC ARTIST,France,M,29,67.22,https://en.wikipedia.org/?curid=593232,unresearched,unverified_candidate,Ranked for research discovery; HPI is not evidence of early success.
2003,candidate-2003-wanda-rutkiewicz,Wanda Rutkiewicz,1943,MOUNTAINEER,Lithuania,F,32,67.19,https://en.wikipedia.org/?curid=908927,unresearched,unverified_candidate,Ranked for research discovery; HPI is not evidence of early success.
2004,candidate-2004-maher-al-assad,Maher al-Assad,1967,MILITARY PERSONNEL,Syria,M,31,67.15,https://en.wikipedia.org/?curid=3139640,unresearched,unverified_candidate,Ranked for research discovery; HPI is not evidence of early success.
2005,candidate-2005-abimael-guzmán,Abimael Guzmán,1934,SOCIAL ACTIVIST,Peru,M,34,67.08,https://en.wikipedia.org/?curid=481609,unresearched,unverified_candidate,Ranked for research discovery; HPI is not evidence of early success.
2006,candidate-2006-tsugumi-ohba,Tsugumi Ohba,1950,COMIC ARTIST,Japan,M,33,67.06,https://en.wikipedia.org/?curid=2197566,unresearched,unverified_candidate,Ranked for research discovery; HPI is not evidence of early success.
2007,candidate-2007-jean-claude-killy,Jean-Claude Killy,1943,SKIER,France,M,42,67.03,https://en.wikipedia.org/?curid=40298,unresearched,unverified_candidate,Ranked for research discovery; HPI is not evidence of early success.
2008,candidate-2008-jerzy-kukuczka,Jerzy Kukuczka,1948,MOUNTAINEER,Poland,M,34,66.89,https://en.wikipedia.org/?curid=905394,unresearched,unverified_candidate,Ranked for research discovery; HPI is not evidence of early success.
2009,candidate-2009-amal-clooney,Amal Clooney,1978,SOCIAL ACTIVIST,Lebanon,F,43,66.87,https://en.wikipedia.org/?curid=42612117,unresearched,unverified_candidate,Ranked for research discovery; HPI is not evidence of early success.
2010,candidate-2010-go-nagai,Go Nagai,1945,COMIC ARTIST,Japan,M,22,66.79,https://en.wikipedia.org/?curid=47818643,unresearched,unverified_candidate,Ranked for research discovery; HPI is not evidence of early success.
2011,candidate-2011-ai-weiwei,Ai Weiwei,1957,ARTIST,China,M,54,66.63,https://en.wikipedia.org/?curid=8572928,unresearched,unverified_candidate,Ranked for research discovery; HPI is not evidence of early success.
2012,candidate-2012-gangubai-kothewali,Gangubai Kothewali,1939,SOCIAL ACTIVIST,India,F,19,66.57,https://en.wikipedia.org/?curid=62885027,unresearched,unverified_candidate,Ranked for research discovery; HPI is not evidence of early success.
2013,candidate-2013-leiji-matsumoto,Leiji Matsumoto,1938,COMIC ARTIST,Japan,M,30,66.55,https://en.wikipedia.org/?curid=208421,unresearched,unverified_candidate,Ranked for research discovery; HPI is not evidence of early success.
2014,candidate-2014-malala-yousafzai,Malala Yousafzai,1997,SOCIAL ACTIVIST,Pakistan,F,126,66.51,https://en.wikipedia.org/?curid=33983258,unresearched,unverified_candidate,Ranked for research discovery; HPI is not evidence of early success.
2015,candidate-2015-rigoberta-menchú,Rigoberta Menchú,1959,SOCIAL ACTIVIST,Guatemala,F,77,66.47,https://en.wikipedia.org/?curid=191208,unresearched,unverified_candidate,Ranked for research discovery; HPI is not evidence of early success.
2016,candidate-2016-leila-khaled,Leila Khaled,1944,SOCIAL ACTIVIST,Israel,F,41,66.45,https://en.wikipedia.org/?curid=661497,unresearched,unverified_candidate,Ranked for research discovery; HPI is not evidence of early success.
2017,candidate-2017-hideo-kojima,Hideo Kojima,1963,GAME DESIGNER,Japan,M,44,66.39,https://en.wikipedia.org/?curid=337150,unresearched,unverified_candidate,Ranked for research discovery; HPI is not evidence of early success.
2018,candidate-2018-pavel-popovich,Pavel Popovich,1930,ASTRONAUT,Ukraine,M,39,66.31,https://en.wikipedia.org/?curid=194636,unresearched,unverified_candidate,Ranked for research discovery; HPI is not evidence of early success.
2019,candidate-2019-leonid-rogozov,Leonid Rogozov,1934,PHYSICIAN,Russia,M,26,66.29,https://en.wikipedia.org/?curid=24229938,unresearched,unverified_candidate,Ranked for research discovery; HPI is not evidence of early success.
2020,candidate-2020-georges-wolinski,Georges Wolinski,1934,COMIC ARTIST,Tunisia,M,47,66.28,https://en.wikipedia.org/?curid=13340909,unresearched,unverified_candidate,Ranked for research discovery; HPI is not evidence of early success.
2021,candidate-2021-ante-gotovina,Ante Gotovina,1955,MILITARY PERSONNEL,Croatia,M,34,66.26,https://en.wikipedia.org/?curid=406500,unresearched,unverified_candidate,Ranked for research discovery; HPI is not evidence of early success.
2022,candidate-2022-otoya-yamaguchi,Otoya Yamaguchi,1943,SOCIAL ACTIVIST,Japan,M,30,66.10,https://en.wikipedia.org/?curid=2835898,unresearched,unverified_candidate,Ranked for research discovery; HPI is not evidence of early success.
2023,candidate-2023-kentaro-miura,Kentaro Miura,1966,COMIC ARTIST,Japan,M,32,66.02,https://en.wikipedia.org/?curid=1331732,unresearched,unverified_candidate,Ranked for research discovery; HPI is not evidence of early success.
2024,candidate-2024-milo-manara,Milo Manara,1945,COMIC ARTIST,Italy,M,24,66.02,https://en.wikipedia.org/?curid=314051,unresearched,unverified_candidate,Ranked for research discovery; HPI is not evidence of early success.
2025,candidate-2025-paul-watson,Paul Watson,1950,SOCIAL ACTIVIST,Canada,M,28,65.94,https://en.wikipedia.org/?curid=311003,unresearched,unverified_candidate,Ranked for research discovery; HPI is not evidence of early success.
2026,candidate-2026-hossein-salami,Hossein Salami,1960,MILITARY PERSONNEL,Iran,M,25,65.92,https://en.wikipedia.org/?curid=48800567,unresearched,unverified_candidate,Ranked for research discovery; HPI is not evidence of early success.
2027,candidate-2027-lolo-ferrari,Lolo Ferrari,1963,PORNOGRAPHIC ACTOR,France,F,38,65.91,https://en.wikipedia.org/?curid=1302779,unresearched,unverified_candidate,Ranked for research discovery; HPI is not evidence of early success.
2028,candidate-2028-mehriban-aliyeva,Mehriban Aliyeva,1964,PHYSICIAN,Azerbaijan,F,47,65.88,https://en.wikipedia.org/?curid=5204649,unresearched,unverified_candidate,Ranked for research discovery; HPI is not evidence of early success.
2029,candidate-2029-saskia-sassen,Saskia Sassen,1947,SOCIOLOGIST,Netherlands,F,34,65.88,https://en.wikipedia.org/?curid=1784700,unresearched,unverified_candidate,Ranked for research discovery; HPI is not evidence of early success.
2030,candidate-2030-valery-bykovsky,Valery Bykovsky,1934,ASTRONAUT,Russia,M,41,65.88,https://en.wikipedia.org/?curid=194640,unresearched,unverified_candidate,Ranked for research discovery; HPI is not evidence of early success.
2031,candidate-2031-chico-mendes,Chico Mendes,1944,SOCIAL ACTIVIST,Brazil,M,25,65.85,https://en.wikipedia.org/?curid=441303,unresearched,unverified_candidate,Ranked for research discovery; HPI is not evidence of early success.
2032,candidate-2032-ismael-el-mayo-zambada,"Ismael ""El Mayo"" Zambada",1948,MAFIOSO,Mexico,M,19,65.83,https://en.wikipedia.org/?curid=290253,unresearched,unverified_candidate,Ranked for research discovery; HPI is not evidence of early success.
2033,candidate-2033-tamara-bunke,Tamara Bunke,1937,MILITARY PERSONNEL,Argentina,F,27,65.81,https://en.wikipedia.org/?curid=875005,unresearched,unverified_candidate,Ranked for research discovery; HPI is not evidence of early success.
2034,candidate-2034-ibrahim-traoré,Ibrahim Traoré,1988,MILITARY PERSONNEL,Burkina Faso,M,48,65.80,https://en.wikipedia.org/?curid=71882148,unresearched,unverified_candidate,Ranked for research discovery; HPI is not evidence of early success.
2035,candidate-2035-antonio-tejero,Antonio Tejero,1932,MILITARY PERSONNEL,Spain,M,27,65.79,https://en.wikipedia.org/?curid=546269,unresearched,unverified_candidate,Ranked for research discovery; HPI is not evidence of early success.
2036,candidate-2036-ilan-ramon,Ilan Ramon,1954,ASTRONAUT,Israel,M,49,65.75,https://en.wikipedia.org/?curid=177534,unresearched,unverified_candidate,Ranked for research discovery; HPI is not evidence of early success.
2037,candidate-2037-barry-marshall,Barry Marshall,1951,PHYSICIAN,Australia,M,64,65.72,https://en.wikipedia.org/?curid=397110,unresearched,unverified_candidate,Ranked for research discovery; HPI is not evidence of early success.
2038,candidate-2038-matti-nykänen,Matti Nykänen,1963,SKIER,Finland,M,49,65.70,https://en.wikipedia.org/?curid=484742,unresearched,unverified_candidate,Ranked for research discovery; HPI is not evidence of early success.
2039,candidate-2039-armi-kuusela,Armi Kuusela,1934,CELEBRITY,Finland,F,34,65.60,https://en.wikipedia.org/?curid=994927,unresearched,unverified_candidate,Ranked for research discovery; HPI is not evidence of early success.
2040,candidate-2040-pewdiepie,PewDiePie,1989,YOUTUBER,Sweden,M,80,65.59,https://en.wikipedia.org/?curid=37259045,unresearched,unverified_candidate,Ranked for research discovery; HPI is not evidence of early success.
2041,candidate-2041-toni-sailer,Toni Sailer,1935,SKIER,Austria,M,33,65.55,https://en.wikipedia.org/?curid=206426,unresearched,unverified_candidate,Ranked for research discovery; HPI is not evidence of early success.
2042,candidate-2042-kiki-camarena,Kiki Camarena,1947,LAWYER,Mexico,M,18,65.48,https://en.wikipedia.org/?curid=34005378,unresearched,unverified_candidate,Ranked for research discovery; HPI is not evidence of early success.
2043,candidate-2043-mia-khalifa,Mia Khalifa,1993,PORNOGRAPHIC ACTOR,Lebanon,F,76,65.39,https://en.wikipedia.org/?curid=44972049,unresearched,unverified_candidate,Ranked for research discovery; HPI is not evidence of early success.
2044,candidate-2044-kailash-satyarthi,Kailash Satyarthi,1954,SOCIAL ACTIVIST,India,M,72,65.39,https://en.wikipedia.org/?curid=7682739,unresearched,unverified_candidate,Ranked for research discovery; HPI is not evidence of early success.
2045,candidate-2045-shannon-lucid,Shannon Lucid,1943,ASTRONAUT,China,F,41,65.38,https://en.wikipedia.org/?curid=501402,unresearched,unverified_candidate,Ranked for research discovery; HPI is not evidence of early success.
2046,candidate-2046-quino,Quino,1932,COMIC ARTIST,Argentina,M,33,65.37,https://en.wikipedia.org/?curid=322934,unresearched,unverified_candidate,Ranked for research discovery; HPI is not evidence of early success.
2047,candidate-2047-tasuku-honjo,Tasuku Honjo,1942,PHYSICIAN,Japan,M,52,65.35,https://en.wikipedia.org/?curid=42015125,unresearched,unverified_candidate,Ranked for research discovery; HPI is not evidence of early success.
2048,candidate-2048-john-galliano,John Galliano,1960,FASHION DESIGNER,Gibraltar,M,36,65.35,https://en.wikipedia.org/?curid=506101,unresearched,unverified_candidate,Ranked for research discovery; HPI is not evidence of early success.
2049,candidate-2049-adem-jashari,Adem Jashari,1955,MILITARY PERSONNEL,,M,28,65.29,https://en.wikipedia.org/?curid=2966032,unresearched,unverified_candidate,Ranked for research discovery; HPI is not evidence of early success.
2050,candidate-2050-rudi-dutschke,Rudi Dutschke,1940,SOCIAL ACTIVIST,Germany,M,32,65.28,https://en.wikipedia.org/?curid=306345,unresearched,unverified_candidate,Ranked for research discovery; HPI is not evidence of early success.
2051,candidate-2051-nguyễn-ngọc-loan,Nguyễn Ngọc Loan,1930,MILITARY PERSONNEL,Vietnam,M,22,65.21,https://en.wikipedia.org/?curid=450695,unresearched,unverified_candidate,Ranked for research discovery; HPI is not evidence of early success.
2052,candidate-2052-salvador-puig-antich,Salvador Puig Antich,1948,SOCIAL ACTIVIST,Spain,M,27,65.17,https://en.wikipedia.org/?curid=2857798,unresearched,unverified_candidate,Ranked for research discovery; HPI is not evidence of early success.
2053,candidate-2053-valeri-polyakov,Valeri Polyakov,1942,ASTRONAUT,Russia,M,46,65.13,https://en.wikipedia.org/?curid=873641,unresearched,unverified_candidate,Ranked for research discovery; HPI is not evidence of early success.
2054,candidate-2054-ales-bialiatski,Ales Bialiatski,1962,SOCIAL ACTIVIST,Russia,M,53,65.11,https://en.wikipedia.org/?curid=31971174,unresearched,unverified_candidate,Ranked for research discovery; HPI is not evidence of early success.
2055,candidate-2055-sultan-kösen,Sultan Kösen,1982,CELEBRITY,Türkiye,M,48,65.05,https://en.wikipedia.org/?curid=8445237,unresearched,unverified_candidate,Ranked for research discovery; HPI is not evidence of early success.
2056,candidate-2056-vladimir-bukovsky,Vladimir Bukovsky,1942,SOCIAL ACTIVIST,Russia,M,33,65.03,https://en.wikipedia.org/?curid=583964,unresearched,unverified_candidate,Ranked for research discovery; HPI is not evidence of early success.
2057,candidate-2057-kenzō-takada,Kenzō Takada,1939,FASHION DESIGNER,Japan,M,34,65.02,https://en.wikipedia.org/?curid=5780087,unresearched,unverified_candidate,Ranked for research discovery; HPI is not evidence of early success.
2058,candidate-2058-sergei-krikalev,Sergei Krikalev,1958,ASTRONAUT,Russia,M,37,65.00,https://en.wikipedia.org/?curid=614929,unresearched,unverified_candidate,Ranked for research discovery; HPI is not evidence of early success.
2059,candidate-2059-khun-sa,Khun Sa,1934,MAFIOSO,,M,20,64.97,https://en.wikipedia.org/?curid=1211535,unresearched,unverified_candidate,Ranked for research discovery; HPI is not evidence of early success.
2060,candidate-2060-subcomandante-marcos,Subcomandante Marcos,1957,SOCIAL ACTIVIST,Mexico,M,37,64.94,https://en.wikipedia.org/?curid=23733653,unresearched,unverified_candidate,Ranked for research discovery; HPI is not evidence of early success.
2061,candidate-2061-walter-bonatti,Walter Bonatti,1930,MOUNTAINEER,Italy,M,24,64.93,https://en.wikipedia.org/?curid=2211537,unresearched,unverified_candidate,Ranked for research discovery; HPI is not evidence of early success.
2062,candidate-2062-tawakkol-karman,Tawakkol Karman,1979,SOCIAL ACTIVIST,Yemen,F,83,64.92,https://en.wikipedia.org/?curid=30688714,unresearched,unverified_candidate,Ranked for research discovery; HPI is not evidence of early success.
2063,candidate-2063-ashraf-marwan,Ashraf Marwan,1944,MILITARY PERSONNEL,Egypt,M,18,64.91,https://en.wikipedia.org/?curid=12006975,unresearched,unverified_candidate,Ranked for research discovery; HPI is not evidence of early success.
2064,candidate-2064-oscar-de-la-renta,Oscar de la Renta,1932,FASHION DESIGNER,Dominican Republic,M,33,64.83,https://en.wikipedia.org/?curid=127317,unresearched,unverified_candidate,Ranked for research discovery; HPI is not evidence of early success.
2065,candidate-2065-hans-rosling,Hans Rosling,1948,PHYSICIAN,Sweden,M,32,64.81,https://en.wikipedia.org/?curid=6116152,unresearched,unverified_candidate,Ranked for research discovery; HPI is not evidence of early success.
2066,candidate-2066-ulay,Ulay,1943,ARTIST,Germany,M,20,64.75,https://en.wikipedia.org/?curid=8634223,unresearched,unverified_candidate,Ranked for research discovery; HPI is not evidence of early success.
2067,candidate-2067-amado-carrillo-fuentes,Amado Carrillo Fuentes,1956,MAFIOSO,Mexico,M,25,64.73,https://en.wikipedia.org/?curid=1874354,unresearched,unverified_candidate,Ranked for research discovery; HPI is not evidence of early success.
2068,candidate-2068-hrant-dink,Hrant Dink,1954,SOCIAL ACTIVIST,Türkiye,M,47,64.72,https://en.wikipedia.org/?curid=8418557,unresearched,unverified_candidate,Ranked for research discovery; HPI is not evidence of early success.
2069,candidate-2069-stuart-hall,Stuart Hall,1932,SOCIOLOGIST,Jamaica,M,39,64.71,https://en.wikipedia.org/?curid=481122,unresearched,unverified_candidate,Ranked for research discovery; HPI is not evidence of early success.
2070,candidate-2070-kathrine-switzer,Kathrine Switzer,1947,,Germany,F,32,64.69,https://en.wikipedia.org/?curid=13687702,unresearched,unverified_candidate,Ranked for research discovery; HPI is not evidence of early success.
2071,candidate-2071-eiichiro-oda,Eiichiro Oda,1975,COMIC ARTIST,Japan,M,54,64.67,https://en.wikipedia.org/?curid=360756,unresearched,unverified_candidate,Ranked for research discovery; HPI is not evidence of early success.
2072,candidate-2072-naoki-urasawa,Naoki Urasawa,1960,COMIC ARTIST,Japan,M,30,64.64,https://en.wikipedia.org/?curid=1067338,unresearched,unverified_candidate,Ranked for research discovery; HPI is not evidence of early success.
2073,candidate-2073-wim-eijk,Wim Eijk,1953,PHYSICIAN,Netherlands,M,30,64.63,https://en.wikipedia.org/?curid=14658786,unresearched,unverified_candidate,Ranked for research discovery; HPI is not evidence of early success.
2074,candidate-2074-hirohiko-araki,Hirohiko Araki,1960,COMIC ARTIST,Japan,M,31,64.63,https://en.wikipedia.org/?curid=1791248,unresearched,unverified_candidate,Ranked for research discovery; HPI is not evidence of early success.
2075,candidate-2075-isabel-preysler,Isabel Preysler,1951,CELEBRITY,Philippines,F,20,64.61,https://en.wikipedia.org/?curid=216291,unresearched,unverified_candidate,Ranked for research discovery; HPI is not evidence of early success.
2076,candidate-2076-oleksandr-syrskyi,Oleksandr Syrskyi,1965,MILITARY PERSONNEL,,M,38,64.58,https://en.wikipedia.org/?curid=69446333,unresearched,unverified_candidate,Ranked for research discovery; HPI is not evidence of early success.
2077,candidate-2077-may-britt-moser,May-Britt Moser,1963,PHYSICIAN,Norway,F,68,64.56,https://en.wikipedia.org/?curid=23040662,unresearched,unverified_candidate,Ranked for research discovery; HPI is not evidence of early success.
2078,candidate-2078-mario-terán,Mario Terán,1942,MILITARY PERSONNEL,Bolivia,M,18,64.53,https://en.wikipedia.org/?curid=7509792,unresearched,unverified_candidate,Ranked for research discovery; HPI is not evidence of early success.
2079,candidate-2079-valeri-kubasov,Valeri Kubasov,1935,ASTRONAUT,Russia,M,35,64.50,https://en.wikipedia.org/?curid=197200,unresearched,unverified_candidate,Ranked for research discovery; HPI is not evidence of early success.
2080,candidate-2080-bernard-kouchner,Bernard Kouchner,1939,PHYSICIAN,France,M,41,64.39,https://en.wikipedia.org/?curid=1027393,unresearched,unverified_candidate,Ranked for research discovery; HPI is not evidence of early success.
2081,candidate-2081-alexey-pajitnov,Alexey Pajitnov,1956,GAME DESIGNER,Russia,M,41,64.38,https://en.wikipedia.org/?curid=3017,unresearched,unverified_candidate,Ranked for research discovery; HPI is not evidence of early success.
2082,candidate-2082-thierry-mugler,Thierry Mugler,1948,FASHION DESIGNER,France,M,23,64.37,https://en.wikipedia.org/?curid=2685005,unresearched,unverified_candidate,Ranked for research discovery; HPI is not evidence of early success.
2083,candidate-2083-cabu,Cabu,1938,COMIC ARTIST,France,M,42,64.30,https://en.wikipedia.org/?curid=3352825,unresearched,unverified_candidate,Ranked for research discovery; HPI is not evidence of early success.
2084,candidate-2084-lei-feng,Lei Feng,1940,MILITARY PERSONNEL,China,M,28,64.23,https://en.wikipedia.org/?curid=297225,unresearched,unverified_candidate,Ranked for research discovery; HPI is not evidence of early success.
2085,candidate-2085-katsuhiro-otomo,Katsuhiro Otomo,1954,COMIC ARTIST,Japan,M,30,64.22,https://en.wikipedia.org/?curid=17442,unresearched,unverified_candidate,Ranked for research discovery; HPI is not evidence of early success.
2086,candidate-2086-vladislav-tretiak,Vladislav Tretiak,1952,HOCKEY PLAYER,Russia,M,43,64.13,https://en.wikipedia.org/?curid=886693,unresearched,unverified_candidate,Ranked for research discovery; HPI is not evidence of early success.
2087,candidate-2087-czesława-kwoka,Czesława Kwoka,1943,SOCIAL ACTIVIST,Poland,F,17,64.07,https://en.wikipedia.org/?curid=4705864,unresearched,unverified_candidate,Ranked for research discovery; HPI is not evidence of early success.
2088,candidate-2088-satoru-iwata,Satoru Iwata,1959,GAME DESIGNER,Japan,M,41,64.03,https://en.wikipedia.org/?curid=712369,unresearched,unverified_candidate,Ranked for research discovery; HPI is not evidence of early success.
2089,candidate-2089-gianfranco-ferré,Gianfranco Ferré,1944,FASHION DESIGNER,Italy,M,21,64.03,https://en.wikipedia.org/?curid=5967865,unresearched,unverified_candidate,Ranked for research discovery; HPI is not evidence of early success.
2090,candidate-2090-george-w-casey-jr,George W. Casey Jr.,1948,MILITARY PERSONNEL,Japan,M,21,63.97,https://en.wikipedia.org/?curid=1145996,unresearched,unverified_candidate,Ranked for research discovery; HPI is not evidence of early success.
2091,candidate-2091-vladislav-volkov,Vladislav Volkov,1935,ASTRONAUT,Russia,M,34,63.95,https://en.wikipedia.org/?curid=197551,unresearched,unverified_candidate,Ranked for research discovery; HPI is not evidence of early success.
2092,candidate-2092-sadaharu-oh,Sadaharu Oh,1940,BASEBALL PLAYER,Japan,M,20,63.94,https://en.wikipedia.org/?curid=220635,unresearched,unverified_candidate,Ranked for research discovery; HPI is not evidence of early success.
2093,candidate-2093-jan-ove-waldner,Jan-Ove Waldner,1965,TABLE TENNIS PLAYER,Sweden,M,37,63.92,https://en.wikipedia.org/?curid=752494,unresearched,unverified_candidate,Ranked for research discovery; HPI is not evidence of early success.
2094,candidate-2094-valerii-zaluzhnyi,Valerii Zaluzhnyi,1973,MILITARY PERSONNEL,Ukraine,M,50,63.85,https://en.wikipedia.org/?curid=69821475,unresearched,unverified_candidate,Ranked for research discovery; HPI is not evidence of early success.
2095,candidate-2095-philippe-petit,Philippe Petit,1949,CELEBRITY,France,M,28,63.84,https://en.wikipedia.org/?curid=1718352,unresearched,unverified_candidate,Ranked for research discovery; HPI is not evidence of early success.
2096,candidate-2096-dmitry-muratov,Dmitry Muratov,1961,SOCIAL ACTIVIST,Russia,M,60,63.75,https://en.wikipedia.org/?curid=25544417,unresearched,unverified_candidate,Ranked for research discovery; HPI is not evidence of early success.
2097,candidate-2097-shotaro-ishinomori,Shotaro Ishinomori,1938,COMIC ARTIST,Japan,M,23,63.74,https://en.wikipedia.org/?curid=908739,unresearched,unverified_candidate,Ranked for research discovery; HPI is not evidence of early success.
2098,candidate-2098-enki-bilal,Enki Bilal,1951,COMIC ARTIST,Serbia,M,33,63.68,https://en.wikipedia.org/?curid=93072,unresearched,unverified_candidate,Ranked for research discovery; HPI is not evidence of early success.
2099,candidate-2099-gunpei-yokoi,Gunpei Yokoi,1941,GAME DESIGNER,Japan,M,24,63.64,https://en.wikipedia.org/?curid=240845,unresearched,unverified_candidate,Ranked for research discovery; HPI is not evidence of early success.
2100,candidate-2100-mirosław-hermaszewski,Mirosław Hermaszewski,1941,ASTRONAUT,Ukraine,M,40,63.61,https://en.wikipedia.org/?curid=435773,unresearched,unverified_candidate,Ranked for research discovery; HPI is not evidence of early success.
2101,candidate-2101-mordechai-vanunu,Mordechai Vanunu,1954,SOCIAL ACTIVIST,Morocco,M,38,63.57,https://en.wikipedia.org/?curid=5410023,unresearched,unverified_candidate,Ranked for research discovery; HPI is not evidence of early success.
2102,candidate-2102-silvia-saint,Silvia Saint,1976,PORNOGRAPHIC ACTOR,Czechia,F,49,63.56,https://en.wikipedia.org/?curid=216668,unresearched,unverified_candidate,Ranked for research discovery; HPI is not evidence of early success.
2103,candidate-2103-philippe-honoré,Philippe Honoré,1941,COMIC ARTIST,France,M,32,63.56,https://en.wikipedia.org/?curid=44971907,unresearched,unverified_candidate,Ranked for research discovery; HPI is not evidence of early success.
2104,candidate-2104-nimr-al-nimr,Nimr al-Nimr,1959,SOCIAL ACTIVIST,Saudi Arabia,M,53,63.51,https://en.wikipedia.org/?curid=34850319,unresearched,unverified_candidate,Ranked for research discovery; HPI is not evidence of early success.
2105,candidate-2105-guillermo-mordillo,Guillermo Mordillo,1932,COMIC ARTIST,Argentina,F,23,63.51,https://en.wikipedia.org/?curid=8091498,unresearched,unverified_candidate,Ranked for research discovery; HPI is not evidence of early success.
2106,candidate-2106-valeri-kharlamov,Valeri Kharlamov,1948,HOCKEY PLAYER,Russia,M,41,63.50,https://en.wikipedia.org/?curid=935448,unresearched,unverified_candidate,Ranked for research discovery; HPI is not evidence of early success.
2107,candidate-2107-michel-lotito,Michel Lotito,1950,CELEBRITY,France,M,24,63.49,https://en.wikipedia.org/?curid=353084,unresearched,unverified_candidate,Ranked for research discovery; HPI is not evidence of early success.
2108,candidate-2108-vandana-shiva,Vandana Shiva,1952,SOCIAL ACTIVIST,India,F,59,63.47,https://en.wikipedia.org/?curid=80072,unresearched,unverified_candidate,Ranked for research discovery; HPI is not evidence of early success.
2109,candidate-2109-viktor-patsayev,Viktor Patsayev,1933,ASTRONAUT,Kazakhstan,M,33,63.39,https://en.wikipedia.org/?curid=199496,unresearched,unverified_candidate,Ranked for research discovery; HPI is not evidence of early success.
2110,candidate-2110-masashi-kishimoto,Masashi Kishimoto,1974,COMIC ARTIST,Japan,M,55,63.36,https://en.wikipedia.org/?curid=1044848,unresearched,unverified_candidate,Ranked for research discovery; HPI is not evidence of early success.
2111,candidate-2111-mathias-rust,Mathias Rust,1968,PILOT,Germany,M,44,63.34,https://en.wikipedia.org/?curid=20900,unresearched,unverified_candidate,Ranked for research discovery; HPI is not evidence of early success.
2112,candidate-2112-alberto-tomba,Alberto Tomba,1966,SKIER,Italy,M,37,63.33,https://en.wikipedia.org/?curid=1161075,unresearched,unverified_candidate,Ranked for research discovery; HPI is not evidence of early success.
2113,candidate-2113-diane-von-fürstenberg,Diane von Fürstenberg,1946,FASHION DESIGNER,Belgium,F,34,63.31,https://en.wikipedia.org/?curid=1423846,unresearched,unverified_candidate,Ranked for research discovery; HPI is not evidence of early success.
2114,candidate-2114-ennio-antonelli,Ennio Antonelli,1936,PHYSICIAN,Italy,M,26,63.27,https://en.wikipedia.org/?curid=1457804,unresearched,unverified_candidate,Ranked for research discovery; HPI is not evidence of early success.
2115,candidate-2115-katarina-witt,Katarina Witt,1965,SKATER,Germany,F,39,63.16,https://en.wikipedia.org/?curid=258685,unresearched,unverified_candidate,Ranked for research discovery; HPI is not evidence of early success.
2116,candidate-2116-narges-mohammadi,Narges Mohammadi,1972,SOCIAL ACTIVIST,Iran,F,75,63.13,https://en.wikipedia.org/?curid=36888767,unresearched,unverified_candidate,Ranked for research discovery; HPI is not evidence of early success.
2117,candidate-2117-yoshitaka-amano,Yoshitaka Amano,1952,ARTIST,Japan,M,27,63.13,https://en.wikipedia.org/?curid=377194,unresearched,unverified_candidate,Ranked for research discovery; HPI is not evidence of early success.
2118,candidate-2118-alain-ducasse,Alain Ducasse,1956,CHEF,France,M,23,63.08,https://en.wikipedia.org/?curid=1977267,unresearched,unverified_candidate,Ranked for research discovery; HPI is not evidence of early success.
2119,candidate-2119-mirko-cro-cop,Mirko Cro Cop,1974,MARTIAL ARTS,Croatia,M,31,63.08,https://en.wikipedia.org/?curid=314828,unresearched,unverified_candidate,Ranked for research discovery; HPI is not evidence of early success.
2120,candidate-2120-christian-lacroix,Christian Lacroix,1951,FASHION DESIGNER,France,M,28,63.06,https://en.wikipedia.org/?curid=734118,unresearched,unverified_candidate,Ranked for research discovery; HPI is not evidence of early success.
2121,candidate-2121-jean-ziegler,Jean Ziegler,1934,SOCIAL ACTIVIST,Switzerland,M,22,63.05,https://en.wikipedia.org/?curid=730556,unresearched,unverified_candidate,Ranked for research discovery; HPI is not evidence of early success.
2122,candidate-2122-jean-loup-chrétien,Jean-Loup Chrétien,1938,ASTRONAUT,France,M,31,63.04,https://en.wikipedia.org/?curid=30876459,unresearched,unverified_candidate,Ranked for research discovery; HPI is not evidence of early success.
2123,candidate-2123-yoshihiro-togashi,Yoshihiro Togashi,1966,COMIC ARTIST,Japan,M,32,63.04,https://en.wikipedia.org/?curid=760042,unresearched,unverified_candidate,Ranked for research discovery; HPI is not evidence of early success.
2124,candidate-2124-kim-ung-yong,Kim Ung-yong,1963,CELEBRITY,South Korea,M,31,63.01,https://en.wikipedia.org/?curid=3703669,unresearched,unverified_candidate,Ranked for research discovery; HPI is not evidence of early success.
2125,candidate-2125-peter-nguyen-van-hung,Peter Nguyen Van Hung,1958,SOCIAL ACTIVIST,Vietnam,M,37,63.01,https://en.wikipedia.org/?curid=44980188,unresearched,unverified_candidate,Ranked for research discovery; HPI is not evidence of early success.
2126,candidate-2126-angela-white,Angela White,1985,PORNOGRAPHIC ACTOR,Australia,F,34,63.00,https://en.wikipedia.org/?curid=26122795,unresearched,unverified_candidate,Ranked for research discovery; HPI is not evidence of early success.
2127,candidate-2127-leymah-gbowee,Leymah Gbowee,1972,SOCIAL ACTIVIST,Liberia,F,78,62.98,https://en.wikipedia.org/?curid=28418433,unresearched,unverified_candidate,Ranked for research discovery; HPI is not evidence of early success.
2128,candidate-2128-bjørn-dæhlie,Bjørn Dæhlie,1967,SKIER,Norway,M,47,62.94,https://en.wikipedia.org/?curid=806164,unresearched,unverified_candidate,Ranked for research discovery; HPI is not evidence of early success.
2129,candidate-2129-adrian-năstase,Adrian Năstase,1950,LAWYER,Romania,M,39,62.91,https://en.wikipedia.org/?curid=395061,unresearched,unverified_candidate,Ranked for research discovery; HPI is not evidence of early success.
2130,candidate-2130-toru-iwatani,Toru Iwatani,1955,GAME DESIGNER,Japan,M,24,62.91,https://en.wikipedia.org/?curid=320844,unresearched,unverified_candidate,Ranked for research discovery; HPI is not evidence of early success.
2131,candidate-2131-jil-sander,Jil Sander,1943,FASHION DESIGNER,Germany,F,16,62.90,https://en.wikipedia.org/?curid=1083366,unresearched,unverified_candidate,Ranked for research discovery; HPI is not evidence of early success.
2132,candidate-2132-djamila-bouhired,Djamila Bouhired,1935,SOCIAL ACTIVIST,Algeria,F,18,62.88,https://en.wikipedia.org/?curid=2903002,unresearched,unverified_candidate,Ranked for research discovery; HPI is not evidence of early success.
2133,candidate-2133-claude-nicollier,Claude Nicollier,1944,ASTRONAUT,Switzerland,M,31,62.88,https://en.wikipedia.org/?curid=521409,unresearched,unverified_candidate,Ranked for research discovery; HPI is not evidence of early success.
2134,candidate-2134-toyohiro-akiyama,Toyohiro Akiyama,1942,ASTRONAUT,Japan,M,37,62.85,https://en.wikipedia.org/?curid=873731,unresearched,unverified_candidate,Ranked for research discovery; HPI is not evidence of early success.
2135,candidate-2135-moana-pozzi,Moana Pozzi,1961,PORNOGRAPHIC ACTOR,Italy,F,25,62.78,https://en.wikipedia.org/?curid=74435,unresearched,unverified_candidate,Ranked for research discovery; HPI is not evidence of early success.
2136,candidate-2136-teresa-orlowski,Teresa Orlowski,1953,PORNOGRAPHIC ACTOR,Poland,F,17,62.75,https://en.wikipedia.org/?curid=5269231,unresearched,unverified_candidate,Ranked for research discovery; HPI is not evidence of early success.
2137,candidate-2137-hermann-nitsch,Hermann Nitsch,1938,ARTIST,Austria,M,20,62.69,https://en.wikipedia.org/?curid=718281,unresearched,unverified_candidate,Ranked for research discovery; HPI is not evidence of early success.
2138,candidate-2138-esmail-ghaani,Esmail Ghaani,1957,MILITARY PERSONNEL,Iran,M,27,62.68,https://en.wikipedia.org/?curid=62727035,unresearched,unverified_candidate,Ranked for research discovery; HPI is not evidence of early success.
2139,candidate-2139-shinya-yamanaka,Shinya Yamanaka,1962,PHYSICIAN,Japan,M,59,62.66,https://en.wikipedia.org/?curid=14373561,unresearched,unverified_candidate,Ranked for research discovery; HPI is not evidence of early success.
2140,candidate-2140-khalil-al-wazir,Khalil al-Wazir,1935,MILITARY PERSONNEL,Israel,F,20,62.63,https://en.wikipedia.org/?curid=1008879,unresearched,unverified_candidate,Ranked for research discovery; HPI is not evidence of early success.
2141,candidate-2141-nando-parrado,Nando Parrado,1949,PRESENTER,Uruguay,M,15,62.62,https://en.wikipedia.org/?curid=5675048,unresearched,unverified_candidate,Ranked for research discovery; HPI is not evidence of early success.
2142,candidate-2142-boris-gromov,Boris Gromov,1943,MILITARY PERSONNEL,Russia,M,28,62.59,https://en.wikipedia.org/?curid=3337131,unresearched,unverified_candidate,Ranked for research discovery; HPI is not evidence of early success.
2143,candidate-2143-franz-klammer,Franz Klammer,1953,SKIER,Austria,M,27,62.59,https://en.wikipedia.org/?curid=457394,unresearched,unverified_candidate,Ranked for research discovery; HPI is not evidence of early success.
2144,candidate-2144-nikolay-shmatko,Nikolay Shmatko,1943,ARTIST,Ukraine,M,24,62.56,https://en.wikipedia.org/?curid=20849403,unresearched,unverified_candidate,Ranked for research discovery; HPI is not evidence of early success.
2145,candidate-2145-satoshi-tajiri,Satoshi Tajiri,1965,GAME DESIGNER,Japan,M,40,62.51,https://en.wikipedia.org/?curid=467668,unresearched,unverified_candidate,Ranked for research discovery; HPI is not evidence of early success.
2146,candidate-2146-toktar-aubakirov,Toktar Aubakirov,1946,ASTRONAUT,Kazakhstan,M,32,62.46,https://en.wikipedia.org/?curid=39163,unresearched,unverified_candidate,Ranked for research discovery; HPI is not evidence of early success.
2147,candidate-2147-arnaldo-tamayo-méndez,Arnaldo Tamayo Méndez,1942,ASTRONAUT,Cuba,M,35,62.43,https://en.wikipedia.org/?curid=786732,unresearched,unverified_candidate,Ranked for research discovery; HPI is not evidence of early success.
2148,candidate-2148-steve-holmes,Steve Holmes,1961,PORNOGRAPHIC ACTOR,Romania,M,18,62.43,https://en.wikipedia.org/?curid=3524582,unresearched,unverified_candidate,Ranked for research discovery; HPI is not evidence of early success.
2149,candidate-2149-viktor-gorbatko,Viktor Gorbatko,1934,ASTRONAUT,Russia,M,35,62.36,https://en.wikipedia.org/?curid=197531,unresearched,unverified_candidate,Ranked for research discovery; HPI is not evidence of early success.
2150,candidate-2150-muhammed-faris,Muhammed Faris,1951,ASTRONAUT,Syria,M,29,62.34,https://en.wikipedia.org/?curid=873854,unresearched,unverified_candidate,Ranked for research discovery; HPI is not evidence of early success.
2151,candidate-2151-riyoko-ikeda,Riyoko Ikeda,1947,COMIC ARTIST,Japan,F,20,62.31,https://en.wikipedia.org/?curid=147731,unresearched,unverified_candidate,Ranked for research discovery; HPI is not evidence of early success.
2152,candidate-2152-anatoly-berezovoy,Anatoly Berezovoy,1942,ASTRONAUT,Russia,M,31,62.27,https://en.wikipedia.org/?curid=873940,unresearched,unverified_candidate,Ranked for research discovery; HPI is not evidence of early success.
2153,candidate-2153-pascal-lamy,Pascal Lamy,1947,PUBLIC WORKER,France,M,36,62.20,https://en.wikipedia.org/?curid=1841761,unresearched,unverified_candidate,Ranked for research discovery; HPI is not evidence of early success.
2154,candidate-2154-igor-volk,Igor Volk,1937,PILOT,Ukraine,M,34,62.19,https://en.wikipedia.org/?curid=873888,unresearched,unverified_candidate,Ranked for research discovery; HPI is not evidence of early success.
2155,candidate-2155-kurt-diemberger,Kurt Diemberger,1932,MOUNTAINEER,Austria,M,21,62.18,https://en.wikipedia.org/?curid=378495,unresearched,unverified_candidate,Ranked for research discovery; HPI is not evidence of early success.
2156,candidate-2156-jügderdemidiin-gürragchaa,Jügderdemidiin Gürragchaa,1947,ASTRONAUT,Mongolia,M,32,62.18,https://en.wikipedia.org/?curid=782594,unresearched,unverified_candidate,Ranked for research discovery; HPI is not evidence of early success.
2157,candidate-2157-vladimir-aksyonov,Vladimir Aksyonov,1935,ASTRONAUT,Russia,M,34,62.17,https://en.wikipedia.org/?curid=873965,unresearched,unverified_candidate,Ranked for research discovery; HPI is not evidence of early success.
2158,candidate-2158-vyacheslav-zudov,Vyacheslav Zudov,1942,ASTRONAUT,Russia,M,31,62.16,https://en.wikipedia.org/?curid=873990,unresearched,unverified_candidate,Ranked for research discovery; HPI is not evidence of early success.
2159,candidate-2159-leonid-popov,Leonid Popov,1945,ASTRONAUT,Ukraine,M,28,62.15,https://en.wikipedia.org/?curid=873934,unresearched,unverified_candidate,Ranked for research discovery; HPI is not evidence of early success.
2160,candidate-2160-gosho-aoyama,Gosho Aoyama,1963,COMIC ARTIST,Japan,M,37,62.07,https://en.wikipedia.org/?curid=553716,unresearched,unverified_candidate,Ranked for research discovery; HPI is not evidence of early success.
2161,candidate-2161-fedor-emelianenko,Fedor Emelianenko,1976,MARTIAL ARTS,Ukraine,M,44,62.04,https://en.wikipedia.org/?curid=26182584,unresearched,unverified_candidate,Ranked for research discovery; HPI is not evidence of early success.
2162,candidate-2162-aleksandr-dvornikov,Aleksandr Dvornikov,1961,MILITARY PERSONNEL,Russia,M,33,62.00,https://en.wikipedia.org/?curid=51838443,unresearched,unverified_candidate,Ranked for research discovery; HPI is not evidence of early success.
2163,candidate-2163-ondrej-nepela,Ondrej Nepela,1951,SKATER,Slovakia,M,30,62.00,https://en.wikipedia.org/?curid=3416698,unresearched,unverified_candidate,Ranked for research discovery; HPI is not evidence of early success.
2164,candidate-2164-kalpana-chawla,Kalpana Chawla,1961,ASTRONAUT,India,F,64,61.98,https://en.wikipedia.org/?curid=177537,unresearched,unverified_candidate,Ranked for research discovery; HPI is not evidence of early success.
2165,candidate-2165-alfonso-lópez-trujillo,Alfonso López Trujillo,1935,PHYSICIAN,Colombia,M,21,61.96,https://en.wikipedia.org/?curid=1687710,unresearched,unverified_candidate,Ranked for research discovery; HPI is not evidence of early success.
2166,candidate-2166-vassiliki-thanou-christophilou,Vassiliki Thanou-Christophilou,1950,JUDGE,Greece,F,35,61.93,https://en.wikipedia.org/?curid=47636701,unresearched,unverified_candidate,Ranked for research discovery; HPI is not evidence of early success.
2167,candidate-2167-serge-klarsfeld,Serge Klarsfeld,1935,SOCIAL ACTIVIST,Romania,M,22,61.89,https://en.wikipedia.org/?curid=561223,unresearched,unverified_candidate,Ranked for research discovery; HPI is not evidence of early success.
2168,candidate-2168-emanuel-ungaro,Emanuel Ungaro,1933,FASHION DESIGNER,France,M,17,61.88,https://en.wikipedia.org/?curid=3125223,unresearched,unverified_candidate,Ranked for research discovery; HPI is not evidence of early success.
2169,candidate-2169-monkey-punch,Monkey Punch,1937,COMIC ARTIST,Japan,M,20,61.85,https://en.wikipedia.org/?curid=1007217,unresearched,unverified_candidate,Ranked for research discovery; HPI is not evidence of early success.
2170,candidate-2170-yi-fu-tuan,Yi-Fu Tuan,1930,GEOGRAPHER,China,M,24,61.78,https://en.wikipedia.org/?curid=1665598,unresearched,unverified_candidate,Ranked for research discovery; HPI is not evidence of early success.
2171,candidate-2171-li-hongzhi,Li Hongzhi,1951,SOCIAL ACTIVIST,China,M,27,61.78,https://en.wikipedia.org/?curid=471442,unresearched,unverified_candidate,Ranked for research discovery; HPI is not evidence of early success.
2172,candidate-2172-theo-jansen,Theo Jansen,1948,ARTIST,Netherlands,M,25,61.78,https://en.wikipedia.org/?curid=1819917,unresearched,unverified_candidate,Ranked for research discovery; HPI is not evidence of early success.
2173,candidate-2173-nick-vujicic,Nick Vujicic,1982,PRESENTER,Australia,M,49,61.78,https://en.wikipedia.org/?curid=8096489,unresearched,unverified_candidate,Ranked for research discovery; HPI is not evidence of early success.
2174,candidate-2174-sjoukje-dijkstra,Sjoukje Dijkstra,1942,SKATER,Netherlands,F,24,61.77,https://en.wikipedia.org/?curid=3271834,unresearched,unverified_candidate,Ranked for research discovery; HPI is not evidence of early success.
2175,candidate-2175-aleksei-gubarev,Aleksei Gubarev,1931,ASTRONAUT,Russia,M,29,61.77,https://en.wikipedia.org/?curid=351889,unresearched,unverified_candidate,Ranked for research discovery; HPI is not evidence of early success.
2176,candidate-2176-aruna-shanbaug-case,Aruna Shanbaug case,1948,SOCIAL ACTIVIST,India,F,20,61.75,https://en.wikipedia.org/?curid=24816842,unresearched,unverified_candidate,Ranked for research discovery; HPI is not evidence of early success.
2177,candidate-2177-marjane-satrapi,Marjane Satrapi,1969,COMIC ARTIST,Iran,F,43,61.73,https://en.wikipedia.org/?curid=482729,unresearched,unverified_candidate,Ranked for research discovery; HPI is not evidence of early success.
2178,candidate-2178-abdul-fatah-younis,Abdul Fatah Younis,1944,MILITARY PERSONNEL,Libya,M,23,61.73,https://en.wikipedia.org/?curid=30994895,unresearched,unverified_candidate,Ranked for research discovery; HPI is not evidence of early success.
2179,candidate-2179-naoko-takeuchi,Naoko Takeuchi,1967,COMIC ARTIST,Japan,F,37,61.73,https://en.wikipedia.org/?curid=21745,unresearched,unverified_candidate,Ranked for research discovery; HPI is not evidence of early success.
2180,candidate-2180-masami-kurumada,Masami Kurumada,1953,COMIC ARTIST,Japan,M,17,61.70,https://en.wikipedia.org/?curid=1051911,unresearched,unverified_candidate,Ranked for research discovery; HPI is not evidence of early success.
2181,candidate-2181-otelo-saraiva-de-carvalho,Otelo Saraiva de Carvalho,1936,MILITARY PERSONNEL,Mozambique,M,22,61.67,https://en.wikipedia.org/?curid=3356547,unresearched,unverified_candidate,Ranked for research discovery; HPI is not evidence of early success.
2182,candidate-2182-andy-hug,Andy Hug,1964,MARTIAL ARTS,Switzerland,M,25,61.66,https://en.wikipedia.org/?curid=2157422,unresearched,unverified_candidate,Ranked for research discovery; HPI is not evidence of early success.
2183,candidate-2183-alain-robert,Alain Robert,1962,MOUNTAINEER,France,M,36,61.64,https://en.wikipedia.org/?curid=384286,unresearched,unverified_candidate,Ranked for research discovery; HPI is not evidence of early success.
2184,candidate-2184-vladimir-dzhanibekov,Vladimir Dzhanibekov,1942,ASTRONAUT,Uzbekistan,M,32,61.64,https://en.wikipedia.org/?curid=405074,unresearched,unverified_candidate,Ranked for research discovery; HPI is not evidence of early success.
2185,candidate-2185-sid-meier,Sid Meier,1954,GAME DESIGNER,Canada,M,38,61.62,https://en.wikipedia.org/?curid=147546,unresearched,unverified_candidate,Ranked for research discovery; HPI is not evidence of early success.
2186,candidate-2186-rasim-delić,Rasim Delić,1949,MILITARY PERSONNEL,Bosnia and Herzegovina,M,22,61.61,https://en.wikipedia.org/?curid=13668047,unresearched,unverified_candidate,Ranked for research discovery; HPI is not evidence of early success.
2187,candidate-2187-panagiotis-pikrammenos,Panagiotis Pikrammenos,1945,JUDGE,Greece,M,33,61.61,https://en.wikipedia.org/?curid=35838212,unresearched,unverified_candidate,Ranked for research discovery; HPI is not evidence of early success.
2188,candidate-2188-václav-nedomanský,Václav Nedomanský,1944,HOCKEY PLAYER,Czechia,M,15,61.55,https://en.wikipedia.org/?curid=6586100,unresearched,unverified_candidate,Ranked for research discovery; HPI is not evidence of early success.
2189,candidate-2189-vladimir-lyakhov,Vladimir Lyakhov,1941,ASTRONAUT,Ukraine,M,29,61.53,https://en.wikipedia.org/?curid=873833,unresearched,unverified_candidate,Ranked for research discovery; HPI is not evidence of early success.
2190,candidate-2190-art-spiegelman,Art Spiegelman,1948,COMIC ARTIST,Sweden,M,29,61.52,https://en.wikipedia.org/?curid=252999,unresearched,unverified_candidate,Ranked for research discovery; HPI is not evidence of early success.
2191,candidate-2191-ron-wyatt,Ron Wyatt,1933,PHYSICIAN,,M,19,61.51,https://en.wikipedia.org/?curid=2225216,unresearched,unverified_candidate,Ranked for research discovery; HPI is not evidence of early success.
2192,candidate-2192-viktor-tikhonov,Viktor Tikhonov,1930,HOCKEY PLAYER,Russia,M,29,61.49,https://en.wikipedia.org/?curid=3078473,unresearched,unverified_candidate,Ranked for research discovery; HPI is not evidence of early success.
2193,candidate-2193-yury-romanenko,Yury Romanenko,1944,ASTRONAUT,Russia,M,31,61.43,https://en.wikipedia.org/?curid=3544361,unresearched,unverified_candidate,Ranked for research discovery; HPI is not evidence of early success.
2194,candidate-2194-christian-louboutin,Christian Louboutin,1964,FASHION DESIGNER,France,M,36,61.42,https://en.wikipedia.org/?curid=2522643,unresearched,unverified_candidate,Ranked for research discovery; HPI is not evidence of early success.
2195,candidate-2195-dan-halutz,Dan Halutz,1948,MILITARY PERSONNEL,Israel,M,23,61.41,https://en.wikipedia.org/?curid=1539719,unresearched,unverified_candidate,Ranked for research discovery; HPI is not evidence of early success.
2196,candidate-2196-zdravko-tolimir,Zdravko Tolimir,1948,MILITARY PERSONNEL,Bosnia and Herzegovina,M,18,61.39,https://en.wikipedia.org/?curid=5617543,unresearched,unverified_candidate,Ranked for research discovery; HPI is not evidence of early success.
2197,candidate-2197-yuri-artyukhin,Yuri Artyukhin,1930,ASTRONAUT,Russia,M,28,61.37,https://en.wikipedia.org/?curid=350770,unresearched,unverified_candidate,Ranked for research discovery; HPI is not evidence of early success.
2198,candidate-2198-annemarie-moser-pröll,Annemarie Moser-Pröll,1953,SKIER,Austria,F,38,61.35,https://en.wikipedia.org/?curid=2444723,unresearched,unverified_candidate,Ranked for research discovery; HPI is not evidence of early success.
2199,candidate-2199-riad-al-asaad,Riad al-Asaad,1961,MILITARY PERSONNEL,Syria,M,20,61.32,https://en.wikipedia.org/?curid=33319476,unresearched,unverified_candidate,Ranked for research discovery; HPI is not evidence of early success.
2200,candidate-2200-gottfried-helnwein,Gottfried Helnwein,1948,ARTIST,Austria,M,27,61.31,https://en.wikipedia.org/?curid=544685,unresearched,unverified_candidate,Ranked for research discovery; HPI is not evidence of early success.
2201,candidate-2201-vyacheslav-ivankov,Vyacheslav Ivankov,1940,MAFIOSO,Georgia,M,17,61.29,https://en.wikipedia.org/?curid=11475108,unresearched,unverified_candidate,Ranked for research discovery; HPI is not evidence of early success.
2202,candidate-2202-ang-rita,Ang Rita,1948,MOUNTAINEER,Nepal,M,22,61.28,https://en.wikipedia.org/?curid=205144,unresearched,unverified_candidate,Ranked for research discovery; HPI is not evidence of early success.
2203,candidate-2203-andy-thomas,Andy Thomas,1951,ASTRONAUT,Australia,M,23,61.27,https://en.wikipedia.org/?curid=369716,unresearched,unverified_candidate,Ranked for research discovery; HPI is not evidence of early success.
2204,candidate-2204-valentin-bondarenko,Valentin Bondarenko,1937,ASTRONAUT,Ukraine,M,23,61.24,https://en.wikipedia.org/?curid=1365748,unresearched,unverified_candidate,Ranked for research discovery; HPI is not evidence of early success.
2205,candidate-2205-efua-dorkenoo,Efua Dorkenoo,1949,SOCIAL ACTIVIST,Ghana,F,22,61.24,https://en.wikipedia.org/?curid=2687794,unresearched,unverified_candidate,Ranked for research discovery; HPI is not evidence of early success.
2206,candidate-2206-dmitry-utkin,Dmitry Utkin,1970,MILITARY PERSONNEL,Russia,M,35,61.18,https://en.wikipedia.org/?curid=57478606,unresearched,unverified_candidate,Ranked for research discovery; HPI is not evidence of early success.
2207,candidate-2207-lucio-urtubia,Lucio Urtubia,1931,SOCIAL ACTIVIST,Spain,M,15,61.16,https://en.wikipedia.org/?curid=17901160,unresearched,unverified_candidate,Ranked for research discovery; HPI is not evidence of early success.
2208,candidate-2208-karine-jean-pierre,Karine Jean-Pierre,1974,POLITICAL SCIENTIST,Martinique,F,32,61.10,https://en.wikipedia.org/?curid=53508194,unresearched,unverified_candidate,Ranked for research discovery; HPI is not evidence of early success.
2209,candidate-2209-anna-hazare,Anna Hazare,1937,SOCIAL ACTIVIST,India,M,51,61.09,https://en.wikipedia.org/?curid=4119832,unresearched,unverified_candidate,Ranked for research discovery; HPI is not evidence of early success.
2210,candidate-2210-jiří-raška,Jiří Raška,1941,SKIER,Czechia,M,23,61.09,https://en.wikipedia.org/?curid=3784500,unresearched,unverified_candidate,Ranked for research discovery; HPI is not evidence of early success.
2211,candidate-2211-kazuki-takahashi,Kazuki Takahashi,1961,COMIC ARTIST,Japan,M,33,61.06,https://en.wikipedia.org/?curid=655115,unresearched,unverified_candidate,Ranked for research discovery; HPI is not evidence of early success.
2212,candidate-2212-krzysztof-wielicki,Krzysztof Wielicki,1950,MOUNTAINEER,Poland,M,28,61.00,https://en.wikipedia.org/?curid=907630,unresearched,unverified_candidate,Ranked for research discovery; HPI is not evidence of early success.
2213,candidate-2213-ken-saro-wiwa,Ken Saro-Wiwa,1941,SOCIAL ACTIVIST,Nigeria,M,42,61.00,https://en.wikipedia.org/?curid=330970,unresearched,unverified_candidate,Ranked for research discovery; HPI is not evidence of early success.
2214,candidate-2214-mohamed-bouazizi,Mohamed Bouazizi,1984,SOCIAL ACTIVIST,Tunisia,M,45,60.94,https://en.wikipedia.org/?curid=30472177,unresearched,unverified_candidate,Ranked for research discovery; HPI is not evidence of early success.
2215,candidate-2215-ilan-pappé,Ilan Pappé,1954,POLITICAL SCIENTIST,Israel,M,26,60.94,https://en.wikipedia.org/?curid=3014514,unresearched,unverified_candidate,Ranked for research discovery; HPI is not evidence of early success.
2216,candidate-2216-mile-mrkšić,Mile Mrkšić,1947,MILITARY PERSONNEL,Croatia,M,17,60.88,https://en.wikipedia.org/?curid=4589792,unresearched,unverified_candidate,Ranked for research discovery; HPI is not evidence of early success.
2217,candidate-2217-arend-lijphart,Arend Lijphart,1936,POLITICAL SCIENTIST,Netherlands,M,20,60.84,https://en.wikipedia.org/?curid=998797,unresearched,unverified_candidate,Ranked for research discovery; HPI is not evidence of early success.
2218,candidate-2218-pavel-grachev,Pavel Grachev,1948,MILITARY PERSONNEL,Russia,M,27,60.84,https://en.wikipedia.org/?curid=4148382,unresearched,unverified_candidate,Ranked for research discovery; HPI is not evidence of early success.
2219,candidate-2219-jaromír-jágr,Jaromír Jágr,1972,HOCKEY PLAYER,Czechia,M,40,60.83,https://en.wikipedia.org/?curid=255202,unresearched,unverified_candidate,Ranked for research discovery; HPI is not evidence of early success.
2220,candidate-2220-ashin-wirathu,Ashin Wirathu,1968,SOCIAL ACTIVIST,Myanmar (Burma),M,29,60.82,https://en.wikipedia.org/?curid=39737160,unresearched,unverified_candidate,Ranked for research discovery; HPI is not evidence of early success.
2221,candidate-2221-abdul-ahad-mohmand,Abdul Ahad Mohmand,1959,ASTRONAUT,Afghanistan,M,34,60.79,https://en.wikipedia.org/?curid=471643,unresearched,unverified_candidate,Ranked for research discovery; HPI is not evidence of early success.
2222,candidate-2222-jiří-holeček,Jiří Holeček,1944,HOCKEY PLAYER,Czechia,M,20,60.78,https://en.wikipedia.org/?curid=5346944,unresearched,unverified_candidate,Ranked for research discovery; HPI is not evidence of early success.
2223,candidate-2223-jim-yong-kim,Jim Yong Kim,1959,PHYSICIAN,South Korea,M,44,60.75,https://en.wikipedia.org/?curid=4734310,unresearched,unverified_candidate,Ranked for research discovery; HPI is not evidence of early success.
2224,candidate-2224-maurice-bishop,Maurice Bishop,1943,SOCIAL ACTIVIST,Aruba,M,28,60.71,https://en.wikipedia.org/?curid=435573,unresearched,unverified_candidate,Ranked for research discovery; HPI is not evidence of early success.
2225,candidate-2225-yevgeny-khrunov,Yevgeny Khrunov,1933,ASTRONAUT,Russia,M,31,60.70,https://en.wikipedia.org/?curid=197185,unresearched,unverified_candidate,Ranked for research discovery; HPI is not evidence of early success.
2226,candidate-2226-greta-thunberg,Greta Thunberg,2003,SOCIAL ACTIVIST,Sweden,F,118,60.67,https://en.wikipedia.org/?curid=59214935,unresearched,unverified_candidate,Ranked for research discovery; HPI is not evidence of early success.
2227,candidate-2227-anatoli-boukreev,Anatoli Boukreev,1958,MOUNTAINEER,Russia,M,23,60.57,https://en.wikipedia.org/?curid=391207,unresearched,unverified_candidate,Ranked for research discovery; HPI is not evidence of early success.
2228,candidate-2228-yang-liwei,Yang Liwei,1965,ASTRONAUT,China,M,51,60.55,https://en.wikipedia.org/?curid=340917,unresearched,unverified_candidate,Ranked for research discovery; HPI is not evidence of early success.
2229,candidate-2229-leonid-kizim,Leonid Kizim,1941,ASTRONAUT,Ukraine,M,30,60.51,https://en.wikipedia.org/?curid=873872,unresearched,unverified_candidate,Ranked for research discovery; HPI is not evidence of early success.
2230,candidate-2230-szymon-marciniak,Szymon Marciniak,1981,REFEREE,Poland,M,37,60.49,https://en.wikipedia.org/?curid=36960740,unresearched,unverified_candidate,Ranked for research discovery; HPI is not evidence of early success.
2231,candidate-2231-natalya-estemirova,Natalya Estemirova,1958,SOCIAL ACTIVIST,Russia,F,39,60.48,https://en.wikipedia.org/?curid=23616237,unresearched,unverified_candidate,Ranked for research discovery; HPI is not evidence of early success.
2232,candidate-2232-franca-viola,Franca Viola,1948,SOCIAL ACTIVIST,Italy,F,20,60.46,https://en.wikipedia.org/?curid=30088588,unresearched,unverified_candidate,Ranked for research discovery; HPI is not evidence of early success.
2233,candidate-2233-andrew-yao,Andrew Yao,1946,PHYSICIAN,China,M,29,60.46,https://en.wikipedia.org/?curid=299560,unresearched,unverified_candidate,Ranked for research discovery; HPI is not evidence of early success.
2234,candidate-2234-igor-kirillov,Igor Kirillov,1932,PRESENTER,Russia,M,17,60.43,https://en.wikipedia.org/?curid=28279600,unresearched,unverified_candidate,Ranked for research discovery; HPI is not evidence of early success.
2235,candidate-2235-denise-perrier,Denise Perrier,1935,CELEBRITY,France,F,18,60.42,https://en.wikipedia.org/?curid=2687359,unresearched,unverified_candidate,Ranked for research discovery; HPI is not evidence of early success.
2236,candidate-2236-miriam-rodríguez-martínez,Miriam Rodríguez Martínez,1967,SOCIAL ACTIVIST,Mexico,F,30,60.41,https://en.wikipedia.org/?curid=63320327,unresearched,unverified_candidate,Ranked for research discovery; HPI is not evidence of early success.
2237,candidate-2237-blagoje-adžić,Blagoje Adžić,1932,MILITARY PERSONNEL,Bosnia and Herzegovina,M,16,60.38,https://en.wikipedia.org/?curid=10233632,unresearched,unverified_candidate,Ranked for research discovery; HPI is not evidence of early success.
2238,candidate-2238-stanislav-galić,Stanislav Galić,1943,MILITARY PERSONNEL,Bosnia and Herzegovina,M,15,60.37,https://en.wikipedia.org/?curid=8192222,unresearched,unverified_candidate,Ranked for research discovery; HPI is not evidence of early success.
2239,candidate-2239-viktor-afanasyev,Viktor Afanasyev,1948,ASTRONAUT,Russia,M,31,60.37,https://en.wikipedia.org/?curid=596480,unresearched,unverified_candidate,Ranked for research discovery; HPI is not evidence of early success.
2240,candidate-2240-sándor-puhl,Sándor Puhl,1955,REFEREE,Hungary,M,26,60.35,https://en.wikipedia.org/?curid=9186773,unresearched,unverified_candidate,Ranked for research discovery; HPI is not evidence of early success.
2241,candidate-2241-aleksandr-pavlovich-aleksandrov,Aleksandr Pavlovich Aleksandrov,1943,ASTRONAUT,Russia,M,29,60.34,https://en.wikipedia.org/?curid=873819,unresearched,unverified_candidate,Ranked for research discovery; HPI is not evidence of early success.
2242,candidate-2242-katarina-taikon,Katarina Taikon,1932,SOCIAL ACTIVIST,Sweden,F,29,60.34,https://en.wikipedia.org/?curid=11763403,unresearched,unverified_candidate,Ranked for research discovery; HPI is not evidence of early success.
2243,candidate-2243-gennady-padalka,Gennady Padalka,1958,ASTRONAUT,Russia,M,34,60.33,https://en.wikipedia.org/?curid=635366,unresearched,unverified_candidate,Ranked for research discovery; HPI is not evidence of early success.
2244,candidate-2244-hanan-ashrawi,Hanan Ashrawi,1946,SOCIAL ACTIVIST,,F,31,60.33,https://en.wikipedia.org/?curid=40067481,unresearched,unverified_candidate,Ranked for research discovery; HPI is not evidence of early success.
2245,candidate-2245-phil-esposito,Phil Esposito,1942,HOCKEY PLAYER,Canada,M,22,60.32,https://en.wikipedia.org/?curid=320206,unresearched,unverified_candidate,Ranked for research discovery; HPI is not evidence of early success.
2246,candidate-2246-aleksandr-viktorenko,Aleksandr Viktorenko,1947,ASTRONAUT,Kazakhstan,M,31,60.30,https://en.wikipedia.org/?curid=873625,unresearched,unverified_candidate,Ranked for research discovery; HPI is not evidence of early success.
2247,candidate-2247-rudi-carrell,Rudi Carrell,1934,PRESENTER,Netherlands,F,22,60.25,https://en.wikipedia.org/?curid=1754739,unresearched,unverified_candidate,Ranked for research discovery; HPI is not evidence of early success.
2248,candidate-2248-benoît-sokal,Benoît Sokal,1954,COMIC ARTIST,Belgium,M,20,60.23,https://en.wikipedia.org/?curid=1762638,unresearched,unverified_candidate,Ranked for research discovery; HPI is not evidence of early success.
2249,candidate-2249-guido-crepax,Guido Crepax,1933,COMIC ARTIST,Italy,M,19,60.22,https://en.wikipedia.org/?curid=27919129,unresearched,unverified_candidate,Ranked for research discovery; HPI is not evidence of early success.
2250,candidate-2250-zilda-arns,Zilda Arns,1934,PHYSICIAN,Brazil,F,35,60.19,https://en.wikipedia.org/?curid=25792280,unresearched,unverified_candidate,Ranked for research discovery; HPI is not evidence of early success.
2251,candidate-2251-steve-maclean,Steve MacLean,1954,ASTRONAUT,Canada,M,25,60.14,https://en.wikipedia.org/?curid=513367,unresearched,unverified_candidate,Ranked for research discovery; HPI is not evidence of early success.
2252,candidate-2252-fred-anton-maier,Fred Anton Maier,1938,SKATER,Norway,M,22,60.08,https://en.wikipedia.org/?curid=3204565,unresearched,unverified_candidate,Ranked for research discovery; HPI is not evidence of early success.
2253,candidate-2253-stan-mikita,Stan Mikita,1940,HOCKEY PLAYER,Slovakia,M,23,60.07,https://en.wikipedia.org/?curid=358775,unresearched,unverified_candidate,Ranked for research discovery; HPI is not evidence of early success.
2254,candidate-2254-wubbo-ockels,Wubbo Ockels,1946,ASTRONAUT,Netherlands,M,28,60.05,https://en.wikipedia.org/?curid=582630,unresearched,unverified_candidate,Ranked for research discovery; HPI is not evidence of early success.
2255,candidate-2255-mario-lemieux,Mario Lemieux,1965,HOCKEY PLAYER,Canada,M,46,60.02,https://en.wikipedia.org/?curid=148878,unresearched,unverified_candidate,Ranked for research discovery; HPI is not evidence of early success.
2256,candidate-2256-marc-girardelli,Marc Girardelli,1963,SKIER,Austria,M,28,60.02,https://en.wikipedia.org/?curid=1376129,unresearched,unverified_candidate,Ranked for research discovery; HPI is not evidence of early success.
2257,candidate-2257-phạm-tuân,Phạm Tuân,1947,ASTRONAUT,Vietnam,M,33,60.00,https://en.wikipedia.org/?curid=782525,unresearched,unverified_candidate,Ranked for research discovery; HPI is not evidence of early success.
2258,candidate-2258-nikolay-rukavishnikov,Nikolay Rukavishnikov,1932,ASTRONAUT,Russia,M,27,59.99,https://en.wikipedia.org/?curid=198603,unresearched,unverified_candidate,Ranked for research discovery; HPI is not evidence of early success.
2259,candidate-2259-neil-robertson,Neil Robertson,1982,SNOOKER,Australia,M,39,59.98,https://en.wikipedia.org/?curid=2515605,unresearched,unverified_candidate,Ranked for research discovery; HPI is not evidence of early success.
2260,candidate-2260-pyotr-klimuk,Pyotr Klimuk,1942,ASTRONAUT,Belarus,M,28,59.97,https://en.wikipedia.org/?curid=350552,unresearched,unverified_candidate,Ranked for research discovery; HPI is not evidence of early success.
2261,candidate-2261-vicar,Vicar,1934,COMIC ARTIST,Chile,M,16,59.96,https://en.wikipedia.org/?curid=1805469,unresearched,unverified_candidate,Ranked for research discovery; HPI is not evidence of early success.
2262,candidate-2262-sonja-edström,Sonja Edström,1930,SKIER,Sweden,F,22,59.92,https://en.wikipedia.org/?curid=6094583,unresearched,unverified_candidate,Ranked for research discovery; HPI is not evidence of early success.
2263,candidate-2263-aleksandr-aleksandrovich-volkov,Aleksandr Aleksandrovich Volkov,1948,ASTRONAUT,Ukraine,M,26,59.91,https://en.wikipedia.org/?curid=745086,unresearched,unverified_candidate,Ranked for research discovery; HPI is not evidence of early success.
2264,candidate-2264-cindy-kiro,Cindy Kiro,1958,SOCIAL ACTIVIST,New Zealand,F,28,59.90,https://en.wikipedia.org/?curid=42990331,unresearched,unverified_candidate,Ranked for research discovery; HPI is not evidence of early success.
2265,candidate-2265-gilbert-george,Gilbert & George,1943,ARTIST,,,18,59.85,https://en.wikipedia.org/?curid=186480,unresearched,unverified_candidate,Ranked for research discovery; HPI is not evidence of early success.
2266,candidate-2266-gustav-thöni,Gustav Thöni,1951,SKIER,Italy,M,25,59.81,https://en.wikipedia.org/?curid=5366729,unresearched,unverified_candidate,Ranked for research discovery; HPI is not evidence of early success.
2267,candidate-2267-romualdo-arppi-filho,Romualdo Arppi Filho,1939,REFEREE,Brazil,M,17,59.80,https://en.wikipedia.org/?curid=9193725,unresearched,unverified_candidate,Ranked for research discovery; HPI is not evidence of early success.
2268,candidate-2268-donald-jackson,Donald Jackson,1940,SKATER,Canada,M,17,59.79,https://en.wikipedia.org/?curid=4181126,unresearched,unverified_candidate,Ranked for research discovery; HPI is not evidence of early success.
2269,candidate-2269-murat-karayılan,Murat Karayılan,1954,MILITARY PERSONNEL,Türkiye,M,18,59.78,https://en.wikipedia.org/?curid=14894062,unresearched,unverified_candidate,Ranked for research discovery; HPI is not evidence of early success.
2270,candidate-2270-oleg-kalugin,Oleg Kalugin,1934,MILITARY PERSONNEL,Russia,M,16,59.78,https://en.wikipedia.org/?curid=868588,unresearched,unverified_candidate,Ranked for research discovery; HPI is not evidence of early success.
2271,candidate-2271-yacouba-sawadogo,Yacouba Sawadogo,1946,SOCIAL ACTIVIST,Burkina Faso,M,17,59.77,https://en.wikipedia.org/?curid=19327245,unresearched,unverified_candidate,Ranked for research discovery; HPI is not evidence of early success.
2272,candidate-2272-bertrand-piccard,Bertrand Piccard,1958,EXPLORER,Switzerland,M,28,59.75,https://en.wikipedia.org/?curid=653468,unresearched,unverified_candidate,Ranked for research discovery; HPI is not evidence of early success.
2273,candidate-2273-oleg-protopopov,Oleg Protopopov,1932,SKATER,Russia,M,24,59.71,https://en.wikipedia.org/?curid=2576525,unresearched,unverified_candidate,Ranked for research discovery; HPI is not evidence of early success.
2274,candidate-2274-elliott-belgrave,Elliott Belgrave,1931,JUDGE,Barbados,M,18,59.71,https://en.wikipedia.org/?curid=33657039,unresearched,unverified_candidate,Ranked for research discovery; HPI is not evidence of early success.
2275,candidate-2275-karol-divín,Karol Divín,1936,SKATER,Hungary,M,21,59.71,https://en.wikipedia.org/?curid=10960486,unresearched,unverified_candidate,Ranked for research discovery; HPI is not evidence of early success.
2276,candidate-2276-jacques-tardi,Jacques Tardi,1946,COMIC ARTIST,France,M,24,59.69,https://en.wikipedia.org/?curid=252869,unresearched,unverified_candidate,Ranked for research discovery; HPI is not evidence of early success.
2277,candidate-2277-alexis-texas,Alexis Texas,1985,PORNOGRAPHIC ACTOR,Panama,F,46,59.68,https://en.wikipedia.org/?curid=19760542,unresearched,unverified_candidate,Ranked for research discovery; HPI is not evidence of early success.
2278,candidate-2278-brice-oligui-nguema,Brice Oligui Nguema,1975,MILITARY PERSONNEL,Gabon,M,30,59.67,https://en.wikipedia.org/?curid=74706566,unresearched,unverified_candidate,Ranked for research discovery; HPI is not evidence of early success.
2279,candidate-2279-yun-hyon-seok,Yun Hyon-seok,1984,SOCIAL ACTIVIST,South Korea,M,79,59.63,https://en.wikipedia.org/?curid=41007436,unresearched,unverified_candidate,Ranked for research discovery; HPI is not evidence of early success.
2280,candidate-2280-deniz-gezmiş,Deniz Gezmiş,1947,SOCIAL ACTIVIST,Türkiye,M,18,59.63,https://en.wikipedia.org/?curid=4893302,unresearched,unverified_candidate,Ranked for research discovery; HPI is not evidence of early success.
2281,candidate-2281-satish-kumar,Satish Kumar,1936,SOCIAL ACTIVIST,India,M,15,59.57,https://en.wikipedia.org/?curid=655444,unresearched,unverified_candidate,Ranked for research discovery; HPI is not evidence of early success.
2282,candidate-2282-hulusi-akar,Hulusi Akar,1952,MILITARY PERSONNEL,Türkiye,M,22,59.57,https://en.wikipedia.org/?curid=47439541,unresearched,unverified_candidate,Ranked for research discovery; HPI is not evidence of early success.
2283,candidate-2283-hermann-maier,Hermann Maier,1972,SKIER,Austria,M,47,59.56,https://en.wikipedia.org/?curid=453315,unresearched,unverified_candidate,Ranked for research discovery; HPI is not evidence of early success.
2284,candidate-2284-lidiya-skoblikova,Lidiya Skoblikova,1939,SKATER,Russia,F,33,59.56,https://en.wikipedia.org/?curid=977442,unresearched,unverified_candidate,Ranked for research discovery; HPI is not evidence of early success.
2285,candidate-2285-serhiy-tkach,Serhiy Tkach,1952,MILITARY PERSONNEL,Russia,M,18,59.55,https://en.wikipedia.org/?curid=20828769,unresearched,unverified_candidate,Ranked for research discovery; HPI is not evidence of early success.
2286,candidate-2286-jiří-holík,Jiří Holík,1944,HOCKEY PLAYER,Czechia,M,20,59.54,https://en.wikipedia.org/?curid=11067953,unresearched,unverified_candidate,Ranked for research discovery; HPI is not evidence of early success.
2287,candidate-2287-muhammad-zaidan,Muhammad Zaidan,1948,SOCIAL ACTIVIST,Syria,M,16,59.53,https://en.wikipedia.org/?curid=211184,unresearched,unverified_candidate,Ranked for research discovery; HPI is not evidence of early success.
2288,candidate-2288-herzi-halevi,Herzi Halevi,1967,MILITARY PERSONNEL,,M,26,59.51,https://en.wikipedia.org/?curid=47319346,unresearched,unverified_candidate,Ranked for research discovery; HPI is not evidence of early success.
2289,candidate-2289-bobby-hull,Bobby Hull,1939,HOCKEY PLAYER,Canada,M,34,59.50,https://en.wikipedia.org/?curid=105319,unresearched,unverified_candidate,Ranked for research discovery; HPI is not evidence of early success.
2290,candidate-2290-michel-vautrot,Michel Vautrot,1945,REFEREE,France,M,15,59.49,https://en.wikipedia.org/?curid=9186593,unresearched,unverified_candidate,Ranked for research discovery; HPI is not evidence of early success.
2291,candidate-2291-frank-país,Frank País,1934,SOCIAL ACTIVIST,Cuba,M,19,59.49,https://en.wikipedia.org/?curid=5230480,unresearched,unverified_candidate,Ranked for research discovery; HPI is not evidence of early success.
2292,candidate-2292-suzanne-morrow-francis,Suzanne Morrow Francis,1930,SKATER,Canada,F,18,59.40,https://en.wikipedia.org/?curid=4181077,unresearched,unverified_candidate,Ranked for research discovery; HPI is not evidence of early success.
2293,candidate-2293-manuel-uribe,Manuel Uribe,1965,CELEBRITY,Mexico,M,27,59.36,https://en.wikipedia.org/?curid=9459826,unresearched,unverified_candidate,Ranked for research discovery; HPI is not evidence of early success.
2294,candidate-2294-vasily-ignatenko,Vasily Ignatenko,1961,SOCIAL ACTIVIST,Belarus,M,25,59.35,https://en.wikipedia.org/?curid=60988418,unresearched,unverified_candidate,Ranked for research discovery; HPI is not evidence of early success.
2295,candidate-2295-veselin-vujović,Veselin Vujović,1961,HANDBALL PLAYER,Montenegro,M,25,59.34,https://en.wikipedia.org/?curid=11981960,unresearched,unverified_candidate,Ranked for research discovery; HPI is not evidence of early success.
2296,candidate-2296-mohammad-ali-jafari,Mohammad Ali Jafari,1957,MILITARY PERSONNEL,Iran,M,18,59.33,https://en.wikipedia.org/?curid=13056691,unresearched,unverified_candidate,Ranked for research discovery; HPI is not evidence of early success.
2297,candidate-2297-peter-habeler,Peter Habeler,1942,MOUNTAINEER,Austria,M,18,59.31,https://en.wikipedia.org/?curid=1917962,unresearched,unverified_candidate,Ranked for research discovery; HPI is not evidence of early success.
2298,candidate-2298-hana-brady,Hana Brady,1931,CELEBRITY,Czechia,F,19,59.30,https://en.wikipedia.org/?curid=3292692,unresearched,unverified_candidate,Ranked for research discovery; HPI is not evidence of early success.
2299,candidate-2299-touria-chaoui,Touria Chaoui,1936,PILOT,Morocco,F,18,59.26,https://en.wikipedia.org/?curid=52515216,unresearched,unverified_candidate,Ranked for research discovery; HPI is not evidence of early success.
2300,candidate-2300-ard-schenk,Ard Schenk,1944,SKATER,Netherlands,M,26,59.24,https://en.wikipedia.org/?curid=1369618,unresearched,unverified_candidate,Ranked for research discovery; HPI is not evidence of early success.
2301,candidate-2301-juha-mieto,Juha Mieto,1949,SKIER,Finland,M,21,59.22,https://en.wikipedia.org/?curid=5716590,unresearched,unverified_candidate,Ranked for research discovery; HPI is not evidence of early success.
2302,candidate-2302-marita-lindahl,Marita Lindahl,1938,CELEBRITY,Finland,F,18,59.21,https://en.wikipedia.org/?curid=3381428,unresearched,unverified_candidate,Ranked for research discovery; HPI is not evidence of early success.
2303,candidate-2303-alex-pereira,Alex Pereira,1987,MARTIAL ARTS,Brazil,M,24,59.20,https://en.wikipedia.org/?curid=42031348,unresearched,unverified_candidate,Ranked for research discovery; HPI is not evidence of early success.
2304,candidate-2304-robert-paul,Robert Paul,1937,SKATER,Canada,M,19,59.20,https://en.wikipedia.org/?curid=4181178,unresearched,unverified_candidate,Ranked for research discovery; HPI is not evidence of early success.
2305,candidate-2305-bjørn-wirkola,Bjørn Wirkola,1943,SKIER,Norway,M,16,59.18,https://en.wikipedia.org/?curid=1611586,unresearched,unverified_candidate,Ranked for research discovery; HPI is not evidence of early success.
2306,candidate-2306-karl-schranz,Karl Schranz,1938,SKIER,Austria,M,21,59.18,https://en.wikipedia.org/?curid=5367150,unresearched,unverified_candidate,Ranked for research discovery; HPI is not evidence of early success.
2307,candidate-2307-david-cooper,David Cooper,1931,PHYSICIAN,South Africa,M,18,59.15,https://en.wikipedia.org/?curid=311843,unresearched,unverified_candidate,Ranked for research discovery; HPI is not evidence of early success.
2308,candidate-2308-wei-jingsheng,Wei Jingsheng,1950,SOCIAL ACTIVIST,China,M,29,59.14,https://en.wikipedia.org/?curid=274135,unresearched,unverified_candidate,Ranked for research discovery; HPI is not evidence of early success.
2309,candidate-2309-nicola-rizzoli,Nicola Rizzoli,1971,REFEREE,Italy,M,42,59.13,https://en.wikipedia.org/?curid=20759240,unresearched,unverified_candidate,Ranked for research discovery; HPI is not evidence of early success.
2310,candidate-2310-dan-shomron,Dan Shomron,1937,MILITARY PERSONNEL,Israel,M,17,59.11,https://en.wikipedia.org/?curid=1924206,unresearched,unverified_candidate,Ranked for research discovery; HPI is not evidence of early success.
2311,candidate-2311-flora-brovina,Flora Brovina,1949,SOCIAL ACTIVIST,,F,31,59.08,https://en.wikipedia.org/?curid=98215,unresearched,unverified_candidate,Ranked for research discovery; HPI is not evidence of early success.
2312,candidate-2312-frank-dux,Frank Dux,1956,MARTIAL ARTS,Canada,M,17,59.08,https://en.wikipedia.org/?curid=534429,unresearched,unverified_candidate,Ranked for research discovery; HPI is not evidence of early success.
2313,candidate-2313-toralf-engan,Toralf Engan,1936,SKIER,Norway,M,20,59.07,https://en.wikipedia.org/?curid=3201059,unresearched,unverified_candidate,Ranked for research discovery; HPI is not evidence of early success.
2314,candidate-2314-félix-rodríguez,Félix Rodríguez,1941,MILITARY PERSONNEL,Cuba,M,18,59.04,https://en.wikipedia.org/?curid=641118,unresearched,unverified_candidate,Ranked for research discovery; HPI is not evidence of early success.
2315,candidate-2315-alfonso-cano,Alfonso Cano,1948,MILITARY PERSONNEL,Colombia,M,22,58.99,https://en.wikipedia.org/?curid=2368900,unresearched,unverified_candidate,Ranked for research discovery; HPI is not evidence of early success.
2316,candidate-2316-björn-kuipers,Björn Kuipers,1973,REFEREE,Netherlands,M,44,58.97,https://en.wikipedia.org/?curid=31731003,unresearched,unverified_candidate,Ranked for research discovery; HPI is not evidence of early success.
2317,candidate-2317-pirmin-zurbriggen,Pirmin Zurbriggen,1963,SKIER,Switzerland,M,26,58.95,https://en.wikipedia.org/?curid=2644139,unresearched,unverified_candidate,Ranked for research discovery; HPI is not evidence of early success.
2318,candidate-2318-atif-dudaković,Atif Dudaković,1954,MILITARY PERSONNEL,Bosnia and Herzegovina,M,16,58.94,https://en.wikipedia.org/?curid=5549400,unresearched,unverified_candidate,Ranked for research discovery; HPI is not evidence of early success.
2319,candidate-2319-talant-duyshebaev,Talant Duyshebaev,1968,HANDBALL PLAYER,Kyrgyzstan,M,26,58.91,https://en.wikipedia.org/?curid=8088872,unresearched,unverified_candidate,Ranked for research discovery; HPI is not evidence of early success.
2320,candidate-2320-momčilo-perišić,Momčilo Perišić,1944,MILITARY PERSONNEL,Serbia,M,16,58.90,https://en.wikipedia.org/?curid=4684323,unresearched,unverified_candidate,Ranked for research discovery; HPI is not evidence of early success.
2321,candidate-2321-günter-brus,Günter Brus,1938,ARTIST,Austria,M,15,58.89,https://en.wikipedia.org/?curid=3044333,unresearched,unverified_candidate,Ranked for research discovery; HPI is not evidence of early success.
2322,candidate-2322-said-belqola,Said Belqola,1956,REFEREE,Morocco,M,24,58.89,https://en.wikipedia.org/?curid=7516116,unresearched,unverified_candidate,Ranked for research discovery; HPI is not evidence of early success.
2323,candidate-2323-yoel-romero,Yoel Romero,1977,MARTIAL ARTS,Cuba,M,24,58.88,https://en.wikipedia.org/?curid=24500300,unresearched,unverified_candidate,Ranked for research discovery; HPI is not evidence of early success.
2324,candidate-2324-lyubov-panchenko,Lyubov Panchenko,1938,FASHION DESIGNER,Ukraine,F,22,58.87,https://en.wikipedia.org/?curid=63376136,unresearched,unverified_candidate,Ranked for research discovery; HPI is not evidence of early success.
2325,candidate-2325-nicolae-rainea,Nicolae Rainea,1933,REFEREE,Romania,F,18,58.86,https://en.wikipedia.org/?curid=9440431,unresearched,unverified_candidate,Ranked for research discovery; HPI is not evidence of early success.
2326,candidate-2326-ray-bourque,Ray Bourque,1960,HOCKEY PLAYER,Canada,M,22,58.85,https://en.wikipedia.org/?curid=493722,unresearched,unverified_candidate,Ranked for research discovery; HPI is not evidence of early success.
2327,candidate-2327-manolo-el-del-bombo,Manolo el del bombo,1949,CELEBRITY,Spain,M,19,58.85,https://en.wikipedia.org/?curid=5629962,unresearched,unverified_candidate,Ranked for research discovery; HPI is not evidence of early success.
2328,candidate-2328-afghan-girl,Afghan Girl,1972,CELEBRITY,Afghanistan,F,29,58.85,https://en.wikipedia.org/?curid=65196957,unresearched,unverified_candidate,Ranked for research discovery; HPI is not evidence of early success.
2329,candidate-2329-marit-bjørgen,Marit Bjørgen,1980,SKIER,Norway,F,44,58.83,https://en.wikipedia.org/?curid=2869013,unresearched,unverified_candidate,Ranked for research discovery; HPI is not evidence of early success.
2330,candidate-2330-naser-orić,Naser Orić,1967,MILITARY PERSONNEL,Bosnia and Herzegovina,M,25,58.83,https://en.wikipedia.org/?curid=214926,unresearched,unverified_candidate,Ranked for research discovery; HPI is not evidence of early success.
2331,candidate-2331-horacio-elizondo,Horacio Elizondo,1963,REFEREE,Argentina,M,31,58.82,https://en.wikipedia.org/?curid=5376977,unresearched,unverified_candidate,Ranked for research discovery; HPI is not evidence of early success.
2332,candidate-2332-ela-bhatt,Ela Bhatt,1933,SOCIAL ACTIVIST,India,F,36,58.82,https://en.wikipedia.org/?curid=1758669,unresearched,unverified_candidate,Ranked for research discovery; HPI is not evidence of early success.
2333,candidate-2333-natascha-kampusch,Natascha Kampusch,1988,CELEBRITY,Austria,F,43,58.82,https://en.wikipedia.org/?curid=6654281,unresearched,unverified_candidate,Ranked for research discovery; HPI is not evidence of early success.
2334,candidate-2334-erhard-loretan,Erhard Loretan,1959,MOUNTAINEER,Switzerland,M,22,58.80,https://en.wikipedia.org/?curid=8337046,unresearched,unverified_candidate,Ranked for research discovery; HPI is not evidence of early success.
2335,candidate-2335-sergei-kovalev,Sergei Kovalev,1930,SOCIAL ACTIVIST,Ukraine,M,23,58.76,https://en.wikipedia.org/?curid=30856543,unresearched,unverified_candidate,Ranked for research discovery; HPI is not evidence of early success.
2336,candidate-2336-georgina-rizk,Georgina Rizk,1953,CELEBRITY,Lebanon,F,19,58.75,https://en.wikipedia.org/?curid=1848471,unresearched,unverified_candidate,Ranked for research discovery; HPI is not evidence of early success.
2337,candidate-2337-vlado-goreski,Vlado Goreski,1958,ARTIST,North Macedonia,M,32,58.73,https://en.wikipedia.org/?curid=29612277,unresearched,unverified_candidate,Ranked for research discovery; HPI is not evidence of early success.
2338,candidate-2338-princess-elizabeth-of-yugoslavia,Princess Elizabeth of Yugoslavia,1936,SOCIAL ACTIVIST,,F,24,58.73,https://en.wikipedia.org/?curid=400906,unresearched,unverified_candidate,Ranked for research discovery; HPI is not evidence of early success.
2339,candidate-2339-maryna-poroshenko,Maryna Poroshenko,1962,PHYSICIAN,Ukraine,F,19,58.70,https://en.wikipedia.org/?curid=43128593,unresearched,unverified_candidate,Ranked for research discovery; HPI is not evidence of early success.
2340,candidate-2340-henri-richard,Henri Richard,1936,HOCKEY PLAYER,Canada,M,19,58.69,https://en.wikipedia.org/?curid=1017654,unresearched,unverified_candidate,Ranked for research discovery; HPI is not evidence of early success.
2341,candidate-2341-jean-van-hamme,Jean Van Hamme,1939,COMIC ARTIST,Belgium,M,16,58.67,https://en.wikipedia.org/?curid=387270,unresearched,unverified_candidate,Ranked for research discovery; HPI is not evidence of early success.
2342,candidate-2342-raewyn-connell,Raewyn Connell,1944,SOCIOLOGIST,Australia,F,19,58.65,https://en.wikipedia.org/?curid=4556097,unresearched,unverified_candidate,Ranked for research discovery; HPI is not evidence of early success.
2343,candidate-2343-vaclav-smil,Vaclav Smil,1943,GEOGRAPHER,Czechia,M,21,58.61,https://en.wikipedia.org/?curid=25580107,unresearched,unverified_candidate,Ranked for research discovery; HPI is not evidence of early success.
2344,candidate-2344-soumya-swaminathan,Soumya Swaminathan,1959,PHYSICIAN,India,F,26,58.57,https://en.wikipedia.org/?curid=47709893,unresearched,unverified_candidate,Ranked for research discovery; HPI is not evidence of early success.
2345,candidate-2345-kjetil-andré-aamodt,Kjetil André Aamodt,1971,SKIER,Norway,M,39,58.56,https://en.wikipedia.org/?curid=1302729,unresearched,unverified_candidate,Ranked for research discovery; HPI is not evidence of early success.
2346,candidate-2346-jari-kurri,Jari Kurri,1960,HOCKEY PLAYER,Finland,M,24,58.53,https://en.wikipedia.org/?curid=587879,unresearched,unverified_candidate,Ranked for research discovery; HPI is not evidence of early success.
2347,candidate-2347-i̇brahim-kaypakkaya,İbrahim Kaypakkaya,1949,SOCIAL ACTIVIST,Türkiye,M,21,58.51,https://en.wikipedia.org/?curid=39606921,unresearched,unverified_candidate,Ranked for research discovery; HPI is not evidence of early success.
2348,candidate-2348-peter-r-de-vries,Peter R. de Vries,1956,PRESENTER,Netherlands,M,23,58.48,https://en.wikipedia.org/?curid=3493241,unresearched,unverified_candidate,Ranked for research discovery; HPI is not evidence of early success.
2349,candidate-2349-klaus-teuber,Klaus Teuber,1952,GAME DESIGNER,,M,22,58.45,https://en.wikipedia.org/?curid=247734,unresearched,unverified_candidate,Ranked for research discovery; HPI is not evidence of early success.
2350,candidate-2350-ferran-adrià,Ferran Adrià,1962,CHEF,Spain,M,23,58.44,https://en.wikipedia.org/?curid=1562033,unresearched,unverified_candidate,Ranked for research discovery; HPI is not evidence of early success.
2351,candidate-2351-ryszard-kukliński,Ryszard Kukliński,1930,MILITARY PERSONNEL,Poland,M,17,58.37,https://en.wikipedia.org/?curid=466622,unresearched,unverified_candidate,Ranked for research discovery; HPI is not evidence of early success.
2352,candidate-2352-bojan-križaj,Bojan Križaj,1957,SKIER,Slovenia,M,18,58.36,https://en.wikipedia.org/?curid=647937,unresearched,unverified_candidate,Ranked for research discovery; HPI is not evidence of early success.
2353,candidate-2353-bas-jan-ader,Bas Jan Ader,1942,ARTIST,Netherlands,M,17,58.35,https://en.wikipedia.org/?curid=936714,unresearched,unverified_candidate,Ranked for research discovery; HPI is not evidence of early success.
2354,candidate-2354-fritz-klein,Fritz Klein,1932,PHYSICIAN,Austria,M,15,58.33,https://en.wikipedia.org/?curid=3210879,unresearched,unverified_candidate,Ranked for research discovery; HPI is not evidence of early success.
2355,candidate-2355-nikki-benz,Nikki Benz,1981,PORNOGRAPHIC ACTOR,Ukraine,F,37,58.28,https://en.wikipedia.org/?curid=5521083,unresearched,unverified_candidate,Ranked for research discovery; HPI is not evidence of early success.
2356,candidate-2356-tinka-kurti,Tinka Kurti,1932,CELEBRITY,Bosnia and Herzegovina,F,20,58.28,https://en.wikipedia.org/?curid=5287309,unresearched,unverified_candidate,Ranked for research discovery; HPI is not evidence of early success.
2357,candidate-2357-abaz-arslanagić,Abaz Arslanagić,1944,HANDBALL PLAYER,Bosnia and Herzegovina,M,18,58.19,https://en.wikipedia.org/?curid=12697291,unresearched,unverified_candidate,Ranked for research discovery; HPI is not evidence of early success.
2358,candidate-2358-hiroo-kanamori,Hiroo Kanamori,1936,GEOLOGIST,,M,16,58.18,https://en.wikipedia.org/?curid=631522,unresearched,unverified_candidate,Ranked for research discovery; HPI is not evidence of early success.
2359,candidate-2359-juan-giménez,Juan Giménez,1943,COMIC ARTIST,Argentina,M,17,58.18,https://en.wikipedia.org/?curid=4994839,unresearched,unverified_candidate,Ranked for research discovery; HPI is not evidence of early success.
2360,candidate-2360-halston,Halston,1932,FASHION DESIGNER,,M,16,58.18,https://en.wikipedia.org/?curid=4137190,unresearched,unverified_candidate,Ranked for research discovery; HPI is not evidence of early success.
2361,candidate-2361-romas-kalanta,Romas Kalanta,1953,SOCIAL ACTIVIST,Lithuania,M,25,58.17,https://en.wikipedia.org/?curid=1222872,unresearched,unverified_candidate,Ranked for research discovery; HPI is not evidence of early success.
2362,candidate-2362-bernhard-russi,Bernhard Russi,1948,SKIER,Switzerland,M,21,58.13,https://en.wikipedia.org/?curid=7378369,unresearched,unverified_candidate,Ranked for research discovery; HPI is not evidence of early success.
2363,candidate-2363-roberto-clemente,Roberto Clemente,1934,BASEBALL PLAYER,Puerto Rico,M,23,58.09,https://en.wikipedia.org/?curid=25901,unresearched,unverified_candidate,Ranked for research discovery; HPI is not evidence of early success.
2364,candidate-2364-hermann-huppen,Hermann Huppen,1938,COMIC ARTIST,Belgium,M,15,58.06,https://en.wikipedia.org/?curid=55344,unresearched,unverified_candidate,Ranked for research discovery; HPI is not evidence of early success.
2365,candidate-2365-alfredo-astiz,Alfredo Astiz,1951,MILITARY PERSONNEL,Argentina,M,16,58.05,https://en.wikipedia.org/?curid=909493,unresearched,unverified_candidate,Ranked for research discovery; HPI is not evidence of early success.
2366,candidate-2366-gulnara-karimova,Gulnara Karimova,1972,SOCIAL ACTIVIST,Uzbekistan,F,37,58.02,https://en.wikipedia.org/?curid=1898790,unresearched,unverified_candidate,Ranked for research discovery; HPI is not evidence of early success.
2367,candidate-2367-technoblade,Technoblade,1999,YOUTUBER,,M,34,58.00,https://en.wikipedia.org/?curid=71198501,unresearched,unverified_candidate,Ranked for research discovery; HPI is not evidence of early success.
2368,candidate-2368-madeleine-berthod,Madeleine Berthod,1931,SKIER,Switzerland,F,21,58.00,https://en.wikipedia.org/?curid=4670663,unresearched,unverified_candidate,Ranked for research discovery; HPI is not evidence of early success.
2369,candidate-2369-nasrin-sotoudeh,Nasrin Sotoudeh,1963,SOCIAL ACTIVIST,Iran,F,45,57.90,https://en.wikipedia.org/?curid=29327039,unresearched,unverified_candidate,Ranked for research discovery; HPI is not evidence of early success.
2370,candidate-2370-tormod-knutsen,Tormod Knutsen,1932,SKIER,Norway,M,20,57.90,https://en.wikipedia.org/?curid=4997222,unresearched,unverified_candidate,Ranked for research discovery; HPI is not evidence of early success.
2371,candidate-2371-vicky-vette,Vicky Vette,1965,PORNOGRAPHIC ACTOR,Norway,F,28,57.89,https://en.wikipedia.org/?curid=2672040,unresearched,unverified_candidate,Ranked for research discovery; HPI is not evidence of early success.
2372,candidate-2372-settela-steinbach,Settela Steinbach,1934,CELEBRITY,Netherlands,F,15,57.88,https://en.wikipedia.org/?curid=4962552,unresearched,unverified_candidate,Ranked for research discovery; HPI is not evidence of early success.
2373,candidate-2373-bobby-orr,Bobby Orr,1948,HOCKEY PLAYER,Canada,M,35,57.86,https://en.wikipedia.org/?curid=86913,unresearched,unverified_candidate,Ranked for research discovery; HPI is not evidence of early success.
2374,candidate-2374-antti-hyvärinen,Antti Hyvärinen,1932,SKIER,Finland,M,21,57.85,https://en.wikipedia.org/?curid=5786718,unresearched,unverified_candidate,Ranked for research discovery; HPI is not evidence of early success.
2375,candidate-2375-francesca-thyssen-bornemisza,Francesca Thyssen-Bornemisza,1958,ARTIST,Switzerland,F,15,57.83,https://en.wikipedia.org/?curid=15900637,unresearched,unverified_candidate,Ranked for research discovery; HPI is not evidence of early success.
2376,candidate-2376-norma-cappagli,Norma Cappagli,1939,CELEBRITY,Argentina,F,21,57.83,https://en.wikipedia.org/?curid=3386371,unresearched,unverified_candidate,Ranked for research discovery; HPI is not evidence of early success.
2377,candidate-2377-semmy-schilt,Semmy Schilt,1973,MARTIAL ARTS,Netherlands,M,31,57.83,https://en.wikipedia.org/?curid=3440458,unresearched,unverified_candidate,Ranked for research discovery; HPI is not evidence of early success.
2378,candidate-2378-gøsta-esping-andersen,Gøsta Esping-Andersen,1947,SOCIOLOGIST,Denmark,M,15,57.82,https://en.wikipedia.org/?curid=1921713,unresearched,unverified_candidate,Ranked for research discovery; HPI is not evidence of early success.
2379,candidate-2379-francisco-fernández-ochoa,Francisco Fernández Ochoa,1950,SKIER,Spain,M,22,57.81,https://en.wikipedia.org/?curid=7803321,unresearched,unverified_candidate,Ranked for research discovery; HPI is not evidence of early success.
2380,candidate-2380-baldur-preiml,Baldur Preiml,1939,SKIER,Austria,M,19,57.78,https://en.wikipedia.org/?curid=5830090,unresearched,unverified_candidate,Ranked for research discovery; HPI is not evidence of early success.
2381,candidate-2381-massoud-rajavi,Massoud Rajavi,1948,SOCIAL ACTIVIST,Iran,M,15,57.77,https://en.wikipedia.org/?curid=5557401,unresearched,unverified_candidate,Ranked for research discovery; HPI is not evidence of early success.
2382,candidate-2382-apasra-hongsakula,Apasra Hongsakula,1947,CELEBRITY,Thailand,F,19,57.74,https://en.wikipedia.org/?curid=3037306,unresearched,unverified_candidate,Ranked for research discovery; HPI is not evidence of early success.
2383,candidate-2383-josef-musil,Josef Musil,1932,VOLLEYBALL PLAYER,Czechia,M,18,57.72,https://en.wikipedia.org/?curid=20879161,unresearched,unverified_candidate,Ranked for research discovery; HPI is not evidence of early success.
2384,candidate-2384-ms-dhoni,MS Dhoni,1981,CRICKETER,India,M,41,57.69,https://en.wikipedia.org/?curid=1695229,unresearched,unverified_candidate,Ranked for research discovery; HPI is not evidence of early success.
2385,candidate-2385-vreni-schneider,Vreni Schneider,1964,SKIER,Switzerland,F,37,57.67,https://en.wikipedia.org/?curid=1039437,unresearched,unverified_candidate,Ranked for research discovery; HPI is not evidence of early success.
2386,candidate-2386-egon-zimmermann,Egon Zimmermann,1939,SKIER,Austria,M,23,57.65,https://en.wikipedia.org/?curid=5383029,unresearched,unverified_candidate,Ranked for research discovery; HPI is not evidence of early success.
2387,candidate-2387-renée-colliard,Renée Colliard,1933,SKIER,Switzerland,F,19,57.61,https://en.wikipedia.org/?curid=4681978,unresearched,unverified_candidate,Ranked for research discovery; HPI is not evidence of early success.
2388,candidate-2388-thomas-wassberg,Thomas Wassberg,1956,SKIER,Sweden,M,25,57.60,https://en.wikipedia.org/?curid=902545,unresearched,unverified_candidate,Ranked for research discovery; HPI is not evidence of early success.
2389,candidate-2389-sigvard-ericsson,Sigvard Ericsson,1930,SKATER,Sweden,M,19,57.60,https://en.wikipedia.org/?curid=4312575,unresearched,unverified_candidate,Ranked for research discovery; HPI is not evidence of early success.
2390,candidate-2390-raúl-reyes,Raúl Reyes,1948,MILITARY PERSONNEL,Colombia,M,17,57.59,https://en.wikipedia.org/?curid=7725252,unresearched,unverified_candidate,Ranked for research discovery; HPI is not evidence of early success.
2391,candidate-2391-israel-finkelstein,Israel Finkelstein,1949,ARCHAEOLOGIST,Israel,M,19,57.58,https://en.wikipedia.org/?curid=712865,unresearched,unverified_candidate,Ranked for research discovery; HPI is not evidence of early success.
2392,candidate-2392-nikola-karabatić,Nikola Karabatić,1984,HANDBALL PLAYER,Serbia,M,44,57.57,https://en.wikipedia.org/?curid=15525085,unresearched,unverified_candidate,Ranked for research discovery; HPI is not evidence of early success.
2393,candidate-2393-abu-ali-al-anbari,Abu Ali al-Anbari,1957,MILITARY PERSONNEL,Iraq,M,18,57.57,https://en.wikipedia.org/?curid=44002179,unresearched,unverified_candidate,Ranked for research discovery; HPI is not evidence of early success.
2394,candidate-2394-marlene-schmidt,Marlene Schmidt,1937,CELEBRITY,Poland,F,20,57.54,https://en.wikipedia.org/?curid=3697075,unresearched,unverified_candidate,Ranked for research discovery; HPI is not evidence of early success.
2395,candidate-2395-ahmad-vahidi,Ahmad Vahidi,1958,MILITARY PERSONNEL,Iran,M,19,57.51,https://en.wikipedia.org/?curid=24098397,unresearched,unverified_candidate,Ranked for research discovery; HPI is not evidence of early success.
2396,candidate-2396-angelica-bella,Angelica Bella,1968,PORNOGRAPHIC ACTOR,Hungary,F,16,57.51,https://en.wikipedia.org/?curid=7384836,unresearched,unverified_candidate,Ranked for research discovery; HPI is not evidence of early success.
2397,candidate-2397-tina-maze,Tina Maze,1983,SKIER,Slovenia,F,47,57.49,https://en.wikipedia.org/?curid=1311814,unresearched,unverified_candidate,Ranked for research discovery; HPI is not evidence of early success.
2398,candidate-2398-istván-kovács,István Kovács,1984,REFEREE,Romania,M,26,57.48,https://en.wikipedia.org/?curid=47803707,unresearched,unverified_candidate,Ranked for research discovery; HPI is not evidence of early success.
2399,candidate-2399-gheorghe-gruia,Gheorghe Gruia,1940,HANDBALL PLAYER,Romania,M,18,57.48,https://en.wikipedia.org/?curid=12698026,unresearched,unverified_candidate,Ranked for research discovery; HPI is not evidence of early success.
2400,candidate-2400-sefer-halilović,Sefer Halilović,1952,MILITARY PERSONNEL,Serbia,M,17,57.48,https://en.wikipedia.org/?curid=1452446,unresearched,unverified_candidate,Ranked for research discovery; HPI is not evidence of early success.
2401,candidate-2401-zhuang-zedong,Zhuang Zedong,1940,TABLE TENNIS PLAYER,China,M,17,57.45,https://en.wikipedia.org/?curid=3415983,unresearched,unverified_candidate,Ranked for research discovery; HPI is not evidence of early success.
2402,candidate-2402-francisco-ibáñez-talavera,Francisco Ibáñez Talavera,1936,COMIC ARTIST,Spain,M,17,57.45,https://en.wikipedia.org/?curid=2296621,unresearched,unverified_candidate,Ranked for research discovery; HPI is not evidence of early success.
2403,candidate-2403-paolo-macchiarini,Paolo Macchiarini,1958,PHYSICIAN,Switzerland,M,16,57.43,https://en.wikipedia.org/?curid=24365639,unresearched,unverified_candidate,Ranked for research discovery; HPI is not evidence of early success.
2404,candidate-2404-agnes-simon,Agnes Simon,1935,TABLE TENNIS PLAYER,Hungary,F,17,57.41,https://en.wikipedia.org/?curid=31950653,unresearched,unverified_candidate,Ranked for research discovery; HPI is not evidence of early success.
2405,candidate-2405-fujio-akatsuka,Fujio Akatsuka,1935,COMIC ARTIST,China,M,17,57.40,https://en.wikipedia.org/?curid=5678603,unresearched,unverified_candidate,Ranked for research discovery; HPI is not evidence of early success.
2406,candidate-2406-christl-haas,Christl Haas,1943,SKIER,Austria,F,22,57.35,https://en.wikipedia.org/?curid=505662,unresearched,unverified_candidate,Ranked for research discovery; HPI is not evidence of early success.
2407,candidate-2407-anton-tus,Anton Tus,1931,MILITARY PERSONNEL,,M,17,57.34,https://en.wikipedia.org/?curid=29276132,unresearched,unverified_candidate,Ranked for research discovery; HPI is not evidence of early success.
2408,candidate-2408-mikkel-hansen,Mikkel Hansen,1987,HANDBALL PLAYER,Denmark,M,45,57.32,https://en.wikipedia.org/?curid=17920511,unresearched,unverified_candidate,Ranked for research discovery; HPI is not evidence of early success.
2409,candidate-2409-rené-fasel,René Fasel,1950,HOCKEY PLAYER,Switzerland,M,16,57.30,https://en.wikipedia.org/?curid=22347805,unresearched,unverified_candidate,Ranked for research discovery; HPI is not evidence of early success.
2410,candidate-2410-koen-lenaerts,Koen Lenaerts,1954,LAWYER,Belgium,M,17,57.27,https://en.wikipedia.org/?curid=16351682,unresearched,unverified_candidate,Ranked for research discovery; HPI is not evidence of early success.
2411,candidate-2411-mahamat-déby,Mahamat Déby,1984,MILITARY PERSONNEL,Chad,M,41,57.23,https://en.wikipedia.org/?curid=39073394,unresearched,unverified_candidate,Ranked for research discovery; HPI is not evidence of early success.
2412,candidate-2412-bodil-joensen,Bodil Joensen,1944,PORNOGRAPHIC ACTOR,Denmark,F,17,57.21,https://en.wikipedia.org/?curid=19337602,unresearched,unverified_candidate,Ranked for research discovery; HPI is not evidence of early success.
2413,candidate-2413-sunny-leone,Sunny Leone,1981,PORNOGRAPHIC ACTOR,Canada,F,65,57.19,https://en.wikipedia.org/?curid=377337,unresearched,unverified_candidate,Ranked for research discovery; HPI is not evidence of early success.
2414,candidate-2414-stien-kaiser,Stien Kaiser,1938,SKATER,Netherlands,F,24,57.19,https://en.wikipedia.org/?curid=4199191,unresearched,unverified_candidate,Ranked for research discovery; HPI is not evidence of early success.
2415,candidate-2415-devi-shetty,Devi Shetty,1953,PHYSICIAN,India,M,20,57.19,https://en.wikipedia.org/?curid=5219987,unresearched,unverified_candidate,Ranked for research discovery; HPI is not evidence of early success.
2416,candidate-2416-inger-aufles,Inger Aufles,1941,SKIER,Norway,F,17,57.12,https://en.wikipedia.org/?curid=6094994,unresearched,unverified_candidate,Ranked for research discovery; HPI is not evidence of early success.
2417,candidate-2417-viktor-kassai,Viktor Kassai,1975,REFEREE,Hungary,M,34,57.10,https://en.wikipedia.org/?curid=12139159,unresearched,unverified_candidate,Ranked for research discovery; HPI is not evidence of early success.
2418,candidate-2418-georges-st-pierre,Georges St-Pierre,1981,MARTIAL ARTS,Canada,M,35,57.04,https://en.wikipedia.org/?curid=3023023,unresearched,unverified_candidate,Ranked for research discovery; HPI is not evidence of early success.
2419,candidate-2419-ivar-formo,Ivar Formo,1951,SKIER,Norway,M,18,57.03,https://en.wikipedia.org/?curid=5716879,unresearched,unverified_candidate,Ranked for research discovery; HPI is not evidence of early success.
2420,candidate-2420-yvonne-rüegg,Yvonne Rüegg,1938,SKIER,Switzerland,F,20,56.98,https://en.wikipedia.org/?curid=4675307,unresearched,unverified_candidate,Ranked for research discovery; HPI is not evidence of early success.
2421,candidate-2421-yasmine-lafitte,Yasmine Lafitte,1973,PORNOGRAPHIC ACTOR,Morocco,F,25,56.97,https://en.wikipedia.org/?curid=24349829,unresearched,unverified_candidate,Ranked for research discovery; HPI is not evidence of early success.
2422,candidate-2422-magnus-wislander,Magnus Wislander,1964,HANDBALL PLAYER,Sweden,M,27,56.94,https://en.wikipedia.org/?curid=2432390,unresearched,unverified_candidate,Ranked for research discovery; HPI is not evidence of early success.
2423,candidate-2423-jeannette-altwegg,Jeannette Altwegg,1930,SKATER,India,F,25,56.90,https://en.wikipedia.org/?curid=4305538,unresearched,unverified_candidate,Ranked for research discovery; HPI is not evidence of early success.
2424,candidate-2424-gamal-al-ghandour,Gamal Al-Ghandour,1957,REFEREE,Egypt,M,19,56.90,https://en.wikipedia.org/?curid=9140878,unresearched,unverified_candidate,Ranked for research discovery; HPI is not evidence of early success.
2425,candidate-2425-janne-ahonen,Janne Ahonen,1977,SKIER,Finland,M,34,56.89,https://en.wikipedia.org/?curid=1379761,unresearched,unverified_candidate,Ranked for research discovery; HPI is not evidence of early success.
2426,candidate-2426-teemu-selänne,Teemu Selänne,1970,HOCKEY PLAYER,Finland,M,32,56.88,https://en.wikipedia.org/?curid=264865,unresearched,unverified_candidate,Ranked for research discovery; HPI is not evidence of early success.
2427,candidate-2427-david-w-panuelo,David W. Panuelo,1964,,Micronesia,F,25,56.87,https://en.wikipedia.org/?curid=60796646,unresearched,unverified_candidate,Ranked for research discovery; HPI is not evidence of early success.
2428,candidate-2428-susana-duijm,Susana Duijm,1936,CELEBRITY,Venezuela,F,16,56.79,https://en.wikipedia.org/?curid=3386350,unresearched,unverified_candidate,Ranked for research discovery; HPI is not evidence of early success.
2429,candidate-2429-zinaida-turchyna,Zinaida Turchyna,1946,HANDBALL PLAYER,Ukraine,F,21,56.79,https://en.wikipedia.org/?curid=13056280,unresearched,unverified_candidate,Ranked for research discovery; HPI is not evidence of early success.
2430,candidate-2430-rob-hall,Rob Hall,1961,MOUNTAINEER,New Zealand,M,19,56.79,https://en.wikipedia.org/?curid=1698402,unresearched,unverified_candidate,Ranked for research discovery; HPI is not evidence of early success.
2431,candidate-2431-padma-bandopadhyay,Padma Bandopadhyay,1944,MILITARY PERSONNEL,India,F,18,56.77,https://en.wikipedia.org/?curid=26637741,unresearched,unverified_candidate,Ranked for research discovery; HPI is not evidence of early success.
2432,candidate-2432-hani-hanjour,Hani Hanjour,1972,CELEBRITY,Saudi Arabia,M,20,56.74,https://en.wikipedia.org/?curid=13924,unresearched,unverified_candidate,Ranked for research discovery; HPI is not evidence of early success.
2433,candidate-2433-marie-theres-nadig,Marie-Theres Nadig,1954,SKIER,Switzerland,F,26,56.74,https://en.wikipedia.org/?curid=4047313,unresearched,unverified_candidate,Ranked for research discovery; HPI is not evidence of early success.
2434,candidate-2434-issam-zahreddine,Issam Zahreddine,1961,MILITARY PERSONNEL,Syria,M,18,56.73,https://en.wikipedia.org/?curid=39906367,unresearched,unverified_candidate,Ranked for research discovery; HPI is not evidence of early success.
2435,candidate-2435-andrei-sukhovetsky,Andrei Sukhovetsky,1974,MILITARY PERSONNEL,,M,24,56.73,https://en.wikipedia.org/?curid=70215089,unresearched,unverified_candidate,Ranked for research discovery; HPI is not evidence of early success.
2436,candidate-2436-marwan-al-shehhi,Marwan al-Shehhi,1978,CELEBRITY,United Arab Emirates,M,22,56.73,https://en.wikipedia.org/?curid=44106,unresearched,unverified_candidate,Ranked for research discovery; HPI is not evidence of early success.
2437,candidate-2437-dragan-vasiljković,Dragan Vasiljković,1954,MILITARY PERSONNEL,Serbia,M,16,56.73,https://en.wikipedia.org/?curid=2883694,unresearched,unverified_candidate,Ranked for research discovery; HPI is not evidence of early success.
2438,candidate-2438-jean-vuarnet,Jean Vuarnet,1933,SKIER,Tunisia,M,18,56.72,https://en.wikipedia.org/?curid=5961741,unresearched,unverified_candidate,Ranked for research discovery; HPI is not evidence of early success.
2439,candidate-2439-erik-schinegger,Erik Schinegger,1948,SKIER,Austria,M,15,56.69,https://en.wikipedia.org/?curid=2591547,unresearched,unverified_candidate,Ranked for research discovery; HPI is not evidence of early success.
2440,candidate-2440-maurilio-de-zolt,Maurilio De Zolt,1950,SKIER,,M,16,56.66,https://en.wikipedia.org/?curid=5919837,unresearched,unverified_candidate,Ranked for research discovery; HPI is not evidence of early success.
2441,candidate-2441-suheil-al-hassan,Suheil al-Hassan,1970,MILITARY PERSONNEL,Syria,M,19,56.66,https://en.wikipedia.org/?curid=44226488,unresearched,unverified_candidate,Ranked for research discovery; HPI is not evidence of early success.
2442,candidate-2442-trixi-schuba,Trixi Schuba,1951,SKATER,Austria,F,21,56.65,https://en.wikipedia.org/?curid=1346398,unresearched,unverified_candidate,Ranked for research discovery; HPI is not evidence of early success.
2443,candidate-2443-anderson-silva,Anderson Silva,1975,MARTIAL ARTS,Brazil,M,30,56.64,https://en.wikipedia.org/?curid=5390123,unresearched,unverified_candidate,Ranked for research discovery; HPI is not evidence of early success.
2444,candidate-2444-lang-ping,Lang Ping,1960,VOLLEYBALL PLAYER,China,F,23,56.63,https://en.wikipedia.org/?curid=1479681,unresearched,unverified_candidate,Ranked for research discovery; HPI is not evidence of early success.
2445,candidate-2445-göran-claeson,Göran Claeson,1945,SKATER,Sweden,M,19,56.57,https://en.wikipedia.org/?curid=13013122,unresearched,unverified_candidate,Ranked for research discovery; HPI is not evidence of early success.
2446,candidate-2446-oleg-goncharenko,Oleg Goncharenko,1931,SKATER,Ukraine,M,18,56.56,https://en.wikipedia.org/?curid=12939416,unresearched,unverified_candidate,Ranked for research discovery; HPI is not evidence of early success.
2447,candidate-2447-helga-haase,Helga Haase,1934,SKATER,Poland,F,18,56.56,https://en.wikipedia.org/?curid=12184920,unresearched,unverified_candidate,Ranked for research discovery; HPI is not evidence of early success.
2448,candidate-2448-guy-lafleur,Guy Lafleur,1951,HOCKEY PLAYER,Canada,M,23,56.56,https://en.wikipedia.org/?curid=333693,unresearched,unverified_candidate,Ranked for research discovery; HPI is not evidence of early success.
2449,candidate-2449-peter-cosgrove,Peter Cosgrove,1947,MILITARY PERSONNEL,Australia,M,34,56.52,https://en.wikipedia.org/?curid=1042746,unresearched,unverified_candidate,Ranked for research discovery; HPI is not evidence of early success.
2450,candidate-2450-hudson-austin,Hudson Austin,1938,MILITARY PERSONNEL,Grenada,M,20,56.51,https://en.wikipedia.org/?curid=8269757,unresearched,unverified_candidate,Ranked for research discovery; HPI is not evidence of early success.
2451,candidate-2451-jean-tabary,Jean Tabary,1930,COMIC ARTIST,Sweden,M,15,56.48,https://en.wikipedia.org/?curid=11817248,unresearched,unverified_candidate,Ranked for research discovery; HPI is not evidence of early success.
2452,candidate-2452-guo-boxiong,Guo Boxiong,1942,MILITARY PERSONNEL,China,F,17,56.48,https://en.wikipedia.org/?curid=15602734,unresearched,unverified_candidate,Ranked for research discovery; HPI is not evidence of early success.
2453,candidate-2453-nasirul-mulk,Nasirul Mulk,1950,JUDGE,Pakistan,M,18,56.44,https://en.wikipedia.org/?curid=22323581,unresearched,unverified_candidate,Ranked for research discovery; HPI is not evidence of early success.
2454,candidate-2454-leonid-ivashov,Leonid Ivashov,1943,MILITARY PERSONNEL,Kyrgyzstan,M,17,56.41,https://en.wikipedia.org/?curid=12135978,unresearched,unverified_candidate,Ranked for research discovery; HPI is not evidence of early success.
2455,candidate-2455-janica-kostelić,Janica Kostelić,1982,SKIER,Croatia,F,45,56.35,https://en.wikipedia.org/?curid=488544,unresearched,unverified_candidate,Ranked for research discovery; HPI is not evidence of early success.
2456,candidate-2456-peter-aerts,Peter Aerts,1970,MARTIAL ARTS,Netherlands,M,22,56.33,https://en.wikipedia.org/?curid=2312947,unresearched,unverified_candidate,Ranked for research discovery; HPI is not evidence of early success.
2457,candidate-2457-massimo-busacca,Massimo Busacca,1969,REFEREE,Switzerland,M,30,56.33,https://en.wikipedia.org/?curid=5558277,unresearched,unverified_candidate,Ranked for research discovery; HPI is not evidence of early success.
2458,candidate-2458-damir-skomina,Damir Skomina,1976,REFEREE,Slovenia,M,38,56.27,https://en.wikipedia.org/?curid=19001052,unresearched,unverified_candidate,Ranked for research discovery; HPI is not evidence of early success.
2459,candidate-2459-jonny-nilsson,Jonny Nilsson,1943,SKATER,Sweden,M,20,56.26,https://en.wikipedia.org/?curid=4324332,unresearched,unverified_candidate,Ranked for research discovery; HPI is not evidence of early success.
2460,candidate-2460-helga-vlahović,Helga Vlahović,1945,PRESENTER,Croatia,F,15,56.25,https://en.wikipedia.org/?curid=19389466,unresearched,unverified_candidate,Ranked for research discovery; HPI is not evidence of early success.
2461,candidate-2461-anja-pärson,Anja Pärson,1981,SKIER,Sweden,F,44,56.22,https://en.wikipedia.org/?curid=194815,unresearched,unverified_candidate,Ranked for research discovery; HPI is not evidence of early success.
2462,candidate-2462-gennady-zhidko,Gennady Zhidko,1965,MILITARY PERSONNEL,Uzbekistan,M,24,56.21,https://en.wikipedia.org/?curid=66759132,unresearched,unverified_candidate,Ranked for research discovery; HPI is not evidence of early success.
2463,candidate-2463-mick-blue,Mick Blue,1976,PORNOGRAPHIC ACTOR,Austria,M,21,56.21,https://en.wikipedia.org/?curid=23723171,unresearched,unverified_candidate,Ranked for research discovery; HPI is not evidence of early success.
2464,candidate-2464-apa-sherpa,Apa Sherpa,1960,MOUNTAINEER,Nepal,M,23,56.20,https://en.wikipedia.org/?curid=5208009,unresearched,unverified_candidate,Ranked for research discovery; HPI is not evidence of early success.
2465,candidate-2465-yoo-jae-suk,Yoo Jae-suk,1972,PRESENTER,South Korea,M,26,56.16,https://en.wikipedia.org/?curid=10103646,unresearched,unverified_candidate,Ranked for research discovery; HPI is not evidence of early success.
2466,candidate-2466-vegard-ulvang,Vegard Ulvang,1963,SKIER,Norway,M,23,56.15,https://en.wikipedia.org/?curid=1248742,unresearched,unverified_candidate,Ranked for research discovery; HPI is not evidence of early success.
2467,candidate-2467-ștefan-birtalan,Ștefan Birtalan,1948,HANDBALL PLAYER,Romania,M,18,56.14,https://en.wikipedia.org/?curid=12676641,unresearched,unverified_candidate,Ranked for research discovery; HPI is not evidence of early success.
2468,candidate-2468-knut-johannesen,Knut Johannesen,1933,SKATER,Norway,M,19,56.14,https://en.wikipedia.org/?curid=3329028,unresearched,unverified_candidate,Ranked for research discovery; HPI is not evidence of early success.
2469,candidate-2469-torgeir-brandtzæg,Torgeir Brandtzæg,1941,SKIER,Norway,M,17,56.14,https://en.wikipedia.org/?curid=5818672,unresearched,unverified_candidate,Ranked for research discovery; HPI is not evidence of early success.
2470,candidate-2470-margaret-gardiner,Margaret Gardiner,1959,CELEBRITY,South Africa,F,20,56.12,https://en.wikipedia.org/?curid=3693826,unresearched,unverified_candidate,Ranked for research discovery; HPI is not evidence of early success.
2471,candidate-2471-jörgen-persson,Jörgen Persson,1966,TABLE TENNIS PLAYER,Sweden,M,22,56.11,https://en.wikipedia.org/?curid=902486,unresearched,unverified_candidate,Ranked for research discovery; HPI is not evidence of early success.
2472,candidate-2472-vanessa-lachey,Vanessa Lachey,1980,CELEBRITY,Philippines,F,28,56.10,https://en.wikipedia.org/?curid=1888621,unresearched,unverified_candidate,Ranked for research discovery; HPI is not evidence of early success.
2473,candidate-2473-brian-orser,Brian Orser,1961,SKATER,Canada,M,23,56.09,https://en.wikipedia.org/?curid=1387322,unresearched,unverified_candidate,Ranked for research discovery; HPI is not evidence of early success.
2474,candidate-2474-volodymyr-pravyk,Volodymyr Pravyk,1962,MILITARY PERSONNEL,Ukraine,M,15,56.06,https://en.wikipedia.org/?curid=42343738,unresearched,unverified_candidate,Ranked for research discovery; HPI is not evidence of early success.
2475,candidate-2475-vladimir-smirnov,Vladimir Smirnov,1964,SKIER,Kazakhstan,M,24,56.03,https://en.wikipedia.org/?curid=4203144,unresearched,unverified_candidate,Ranked for research discovery; HPI is not evidence of early success.
2476,candidate-2476-stellan-bengtsson,Stellan Bengtsson,1952,TABLE TENNIS PLAYER,Sweden,M,17,56.01,https://en.wikipedia.org/?curid=1714661,unresearched,unverified_candidate,Ranked for research discovery; HPI is not evidence of early success.
2477,candidate-2477-serhiy-shaptala,Serhiy Shaptala,1973,MILITARY PERSONNEL,Ukraine,M,28,55.99,https://en.wikipedia.org/?curid=70060132,unresearched,unverified_candidate,Ranked for research discovery; HPI is not evidence of early success.
2478,candidate-2478-jouko-törmänen,Jouko Törmänen,1954,SKIER,Finland,M,25,55.98,https://en.wikipedia.org/?curid=5819262,unresearched,unverified_candidate,Ranked for research discovery; HPI is not evidence of early success.
2479,candidate-2479-ivano-balić,Ivano Balić,1979,HANDBALL PLAYER,Croatia,M,38,55.94,https://en.wikipedia.org/?curid=6980243,unresearched,unverified_candidate,Ranked for research discovery; HPI is not evidence of early success.
2480,candidate-2480-srirasmi-suwadee,Srirasmi Suwadee,1971,CELEBRITY,Thailand,F,18,55.94,https://en.wikipedia.org/?curid=2206635,unresearched,unverified_candidate,Ranked for research discovery; HPI is not evidence of early success.
2481,candidate-2481-amparo-muñoz,Amparo Muñoz,1954,CELEBRITY,Spain,F,21,55.93,https://en.wikipedia.org/?curid=2173029,unresearched,unverified_candidate,Ranked for research discovery; HPI is not evidence of early success.
2482,candidate-2482-indira-nath,Indira Nath,1938,PHYSICIAN,India,F,23,55.90,https://en.wikipedia.org/?curid=38762384,unresearched,unverified_candidate,Ranked for research discovery; HPI is not evidence of early success.
2483,candidate-2483-rahim-ademi,Rahim Ademi,1954,MILITARY PERSONNEL,,M,18,55.85,https://en.wikipedia.org/?curid=406452,unresearched,unverified_candidate,Ranked for research discovery; HPI is not evidence of early success.
2484,candidate-2484-göran-therborn,Göran Therborn,1941,SOCIOLOGIST,Sweden,M,16,55.81,https://en.wikipedia.org/?curid=25219937,unresearched,unverified_candidate,Ranked for research discovery; HPI is not evidence of early success.
2485,candidate-2485-mahmoud-al-mabhouh,Mahmoud al-Mabhouh,1960,MILITARY PERSONNEL,,M,17,55.81,https://en.wikipedia.org/?curid=26008714,unresearched,unverified_candidate,Ranked for research discovery; HPI is not evidence of early success.
2486,candidate-2486-john-shalikashvili,John Shalikashvili,1936,MILITARY PERSONNEL,Poland,M,20,55.81,https://en.wikipedia.org/?curid=436890,unresearched,unverified_candidate,Ranked for research discovery; HPI is not evidence of early success.
2487,candidate-2487-roar-grønvold,Roar Grønvold,1946,SKATER,Norway,M,16,55.80,https://en.wikipedia.org/?curid=13096425,unresearched,unverified_candidate,Ranked for research discovery; HPI is not evidence of early success.
2488,candidate-2488-bernardo-rezende,Bernardo Rezende,1959,VOLLEYBALL PLAYER,Brazil,M,26,55.79,https://en.wikipedia.org/?curid=21010749,unresearched,unverified_candidate,Ranked for research discovery; HPI is not evidence of early success.
2489,candidate-2489-walter-steiner,Walter Steiner,1951,SKIER,Switzerland,M,17,55.79,https://en.wikipedia.org/?curid=5717355,unresearched,unverified_candidate,Ranked for research discovery; HPI is not evidence of early success.
2490,candidate-2490-arnaldo-cézar-coelho,Arnaldo Cézar Coelho,1943,REFEREE,Brazil,M,16,55.77,https://en.wikipedia.org/?curid=7536248,unresearched,unverified_candidate,Ranked for research discovery; HPI is not evidence of early success.
2491,candidate-2491-tom-henning-øvrebø,Tom Henning Øvrebø,1966,REFEREE,Norway,M,26,55.76,https://en.wikipedia.org/?curid=3348693,unresearched,unverified_candidate,Ranked for research discovery; HPI is not evidence of early success.
2492,candidate-2492-marja-liisa-kirvesniemi,Marja-Liisa Kirvesniemi,1955,SKIER,Finland,F,27,55.75,https://en.wikipedia.org/?curid=5303783,unresearched,unverified_candidate,Ranked for research discovery; HPI is not evidence of early success.
2493,candidate-2493-rudy-hartono,Rudy Hartono,1949,BADMINTON PLAYER,Indonesia,M,16,55.74,https://en.wikipedia.org/?curid=601852,unresearched,unverified_candidate,Ranked for research discovery; HPI is not evidence of early success.
2494,candidate-2494-oldřich-machač,Oldřich Machač,1946,HOCKEY PLAYER,Czechia,M,18,55.74,https://en.wikipedia.org/?curid=11281088,unresearched,unverified_candidate,Ranked for research discovery; HPI is not evidence of early success.
2495,candidate-2495-brad-armstrong,Brad Armstrong,1965,PORNOGRAPHIC ACTOR,Canada,M,17,55.73,https://en.wikipedia.org/?curid=3995022,unresearched,unverified_candidate,Ranked for research discovery; HPI is not evidence of early success.
2496,candidate-2496-vladimír-martinec,Vladimír Martinec,1949,HOCKEY PLAYER,Czechia,M,17,55.71,https://en.wikipedia.org/?curid=5343647,unresearched,unverified_candidate,Ranked for research discovery; HPI is not evidence of early success.
2497,candidate-2497-frank-de-bleeckere,Frank De Bleeckere,1966,REFEREE,Belgium,M,27,55.71,https://en.wikipedia.org/?curid=5508355,unresearched,unverified_candidate,Ranked for research discovery; HPI is not evidence of early success.
2498,candidate-2498-abu-qatada,Abu Qatada,1960,MAFIOSO,,M,18,55.71,https://en.wikipedia.org/?curid=2739046,unresearched,unverified_candidate,Ranked for research discovery; HPI is not evidence of early success.
2499,candidate-2499-therese-johaug,Therese Johaug,1988,SKIER,Norway,F,34,55.71,https://en.wikipedia.org/?curid=9828878,unresearched,unverified_candidate,Ranked for research discovery; HPI is not evidence of early success.
2500,candidate-2500-toini-pöysti,Toini Pöysti,1933,SKIER,Finland,F,18,55.71,https://en.wikipedia.org/?curid=6111011,unresearched,unverified_candidate,Ranked for research discovery; HPI is not evidence of early success.
2501,candidate-2501-rickson-gracie,Rickson Gracie,1959,MARTIAL ARTS,Brazil,M,15,55.68,https://en.wikipedia.org/?curid=1470497,unresearched,unverified_candidate,Ranked for research discovery; HPI is not evidence of early success.
2502,candidate-2502-heinrich-messner,Heinrich Messner,1939,SKIER,Austria,M,17,55.67,https://en.wikipedia.org/?curid=16039537,unresearched,unverified_candidate,Ranked for research discovery; HPI is not evidence of early success.
2503,candidate-2503-kaija-mustonen,Kaija Mustonen,1941,SKATER,Finland,F,20,55.67,https://en.wikipedia.org/?curid=4198153,unresearched,unverified_candidate,Ranked for research discovery; HPI is not evidence of early success.
2504,candidate-2504-royce-gracie,Royce Gracie,1966,MARTIAL ARTS,Brazil,M,21,55.66,https://en.wikipedia.org/?curid=862274,unresearched,unverified_candidate,Ranked for research discovery; HPI is not evidence of early success.
2505,candidate-2505-louise-arbour,Louise Arbour,1947,LAWYER,Canada,F,21,55.56,https://en.wikipedia.org/?curid=89846,unresearched,unverified_candidate,Ranked for research discovery; HPI is not evidence of early success.
2506,candidate-2506-fyodor-konyukhov,Fyodor Konyukhov,1951,EXPLORER,,M,15,55.55,https://en.wikipedia.org/?curid=11865998,unresearched,unverified_candidate,Ranked for research discovery; HPI is not evidence of early success.
2507,candidate-2507-nacho-vidal,Nacho Vidal,1973,PORNOGRAPHIC ACTOR,Spain,M,26,55.55,https://en.wikipedia.org/?curid=1130878,unresearched,unverified_candidate,Ranked for research discovery; HPI is not evidence of early success.
2508,candidate-2508-jô-soares,Jô Soares,1938,PRESENTER,Brazil,M,16,55.54,https://en.wikipedia.org/?curid=1777021,unresearched,unverified_candidate,Ranked for research discovery; HPI is not evidence of early success.
2509,candidate-2509-ueli-steck,Ueli Steck,1976,MOUNTAINEER,Switzerland,M,26,55.54,https://en.wikipedia.org/?curid=28873789,unresearched,unverified_candidate,Ranked for research discovery; HPI is not evidence of early success.
2510,candidate-2510-toini-gustafsson,Toini Gustafsson,1938,SKIER,Finland,F,21,55.53,https://en.wikipedia.org/?curid=5707921,unresearched,unverified_candidate,Ranked for research discovery; HPI is not evidence of early success.
2511,candidate-2511-katja-k,Katja K,1968,PORNOGRAPHIC ACTOR,Denmark,F,21,55.50,https://en.wikipedia.org/?curid=30864208,unresearched,unverified_candidate,Ranked for research discovery; HPI is not evidence of early success.
2512,candidate-2512-homa-darabi,Homa Darabi,1940,PHYSICIAN,Iran,F,18,55.48,https://en.wikipedia.org/?curid=9589678,unresearched,unverified_candidate,Ranked for research discovery; HPI is not evidence of early success.
2513,candidate-2513-sergei-magnitsky,Sergei Magnitsky,1972,MAFIOSO,Ukraine,M,29,55.46,https://en.wikipedia.org/?curid=25917403,unresearched,unverified_candidate,Ranked for research discovery; HPI is not evidence of early success.
2514,candidate-2514-may-louise-flodin,May-Louise Flodin,1934,CELEBRITY,Sweden,F,17,55.45,https://en.wikipedia.org/?curid=2410047,unresearched,unverified_candidate,Ranked for research discovery; HPI is not evidence of early success.
2515,candidate-2515-türkan-saylan,Türkan Saylan,1935,PHYSICIAN,Türkiye,F,23,55.44,https://en.wikipedia.org/?curid=22863998,unresearched,unverified_candidate,Ranked for research discovery; HPI is not evidence of early success.
2516,candidate-2516-zara-whites,Zara Whites,1968,PORNOGRAPHIC ACTOR,Netherlands,F,15,55.40,https://en.wikipedia.org/?curid=7402942,unresearched,unverified_candidate,Ranked for research discovery; HPI is not evidence of early success.
2517,candidate-2517-marjorie-jackson-nelson,Marjorie Jackson-Nelson,1931,,Australia,F,30,55.38,https://en.wikipedia.org/?curid=70679,unresearched,unverified_candidate,Ranked for research discovery; HPI is not evidence of early success.
2518,candidate-2518-abdulqawi-yusuf,Abdulqawi Yusuf,1948,LAWYER,Somalia,M,18,55.35,https://en.wikipedia.org/?curid=2490853,unresearched,unverified_candidate,Ranked for research discovery; HPI is not evidence of early success.
2519,candidate-2519-yuriy-poyarkov,Yuriy Poyarkov,1937,VOLLEYBALL PLAYER,Ukraine,M,17,55.35,https://en.wikipedia.org/?curid=20963024,unresearched,unverified_candidate,Ranked for research discovery; HPI is not evidence of early success.
2520,candidate-2520-milorad-mažić,Milorad Mažić,1973,REFEREE,Serbia,M,34,55.35,https://en.wikipedia.org/?curid=36960587,unresearched,unverified_candidate,Ranked for research discovery; HPI is not evidence of early success.
2521,candidate-2521-alena-vrzáňová,Alena Vrzáňová,1931,SKATER,Czechia,F,16,55.34,https://en.wikipedia.org/?curid=3397097,unresearched,unverified_candidate,Ranked for research discovery; HPI is not evidence of early success.
2522,candidate-2522-adam-przeworski,Adam Przeworski,1940,POLITICAL SCIENTIST,Poland,M,16,55.34,https://en.wikipedia.org/?curid=4069030,unresearched,unverified_candidate,Ranked for research discovery; HPI is not evidence of early success.
2523,candidate-2523-zoltán-berczik,Zoltán Berczik,1937,TABLE TENNIS PLAYER,Serbia,M,15,55.33,https://en.wikipedia.org/?curid=25386769,unresearched,unverified_candidate,Ranked for research discovery; HPI is not evidence of early success.
2524,candidate-2524-giba,Giba,1976,VOLLEYBALL PLAYER,Brazil,M,38,55.30,https://en.wikipedia.org/?curid=4757352,unresearched,unverified_candidate,Ranked for research discovery; HPI is not evidence of early success.
2525,candidate-2525-ľuboš-micheľ,Ľuboš Micheľ,1968,REFEREE,Slovakia,M,27,55.28,https://en.wikipedia.org/?curid=3699381,unresearched,unverified_candidate,Ranked for research discovery; HPI is not evidence of early success.
2526,candidate-2526-p-v-sindhu,P. V. Sindhu,1995,BADMINTON PLAYER,India,F,56,55.26,https://en.wikipedia.org/?curid=29274314,unresearched,unverified_candidate,Ranked for research discovery; HPI is not evidence of early success.
2527,candidate-2527-sergei-sviatchenko,Sergei Sviatchenko,1952,ARTIST,Ukraine,M,21,55.25,https://en.wikipedia.org/?curid=17721983,unresearched,unverified_candidate,Ranked for research discovery; HPI is not evidence of early success.
2528,candidate-2528-ravshan-irmatov,Ravshan Irmatov,1977,REFEREE,Uzbekistan,M,39,55.23,https://en.wikipedia.org/?curid=12139056,unresearched,unverified_candidate,Ranked for research discovery; HPI is not evidence of early success.
2529,candidate-2529-albin-vidović,Albin Vidović,1943,HANDBALL PLAYER,Croatia,M,18,55.21,https://en.wikipedia.org/?curid=12691509,unresearched,unverified_candidate,Ranked for research discovery; HPI is not evidence of early success.
2530,candidate-2530-ivica-kostelić,Ivica Kostelić,1979,SKIER,Croatia,M,33,55.21,https://en.wikipedia.org/?curid=3149882,unresearched,unverified_candidate,Ranked for research discovery; HPI is not evidence of early success.
2531,candidate-2531-ma-long,Ma Long,1988,TABLE TENNIS PLAYER,China,M,39,55.20,https://en.wikipedia.org/?curid=22248616,unresearched,unverified_candidate,Ranked for research discovery; HPI is not evidence of early success.
2532,candidate-2532-cüneyt-çakır,Cüneyt Çakır,1976,REFEREE,Türkiye,M,43,55.20,https://en.wikipedia.org/?curid=28978215,unresearched,unverified_candidate,Ranked for research discovery; HPI is not evidence of early success.
2533,candidate-2533-primož-ulaga,Primož Ulaga,1962,SKIER,Slovenia,M,22,55.20,https://en.wikipedia.org/?curid=5838022,unresearched,unverified_candidate,Ranked for research discovery; HPI is not evidence of early success.
2534,candidate-2534-peter-forsberg,Peter Forsberg,1973,HOCKEY PLAYER,Sweden,M,30,55.16,https://en.wikipedia.org/?curid=434330,unresearched,unverified_candidate,Ranked for research discovery; HPI is not evidence of early success.
2535,candidate-2535-mustafa-barghouti,Mustafa Barghouti,1954,PHYSICIAN,Israel,M,17,55.14,https://en.wikipedia.org/?curid=38299396,unresearched,unverified_candidate,Ranked for research discovery; HPI is not evidence of early success.
2536,candidate-2536-andreas-wenzel,Andreas Wenzel,1958,SKIER,Liechtenstein,M,22,55.10,https://en.wikipedia.org/?curid=7355353,unresearched,unverified_candidate,Ranked for research discovery; HPI is not evidence of early success.
2537,candidate-2537-joep-lange,Joep Lange,1954,PHYSICIAN,Netherlands,M,21,55.06,https://en.wikipedia.org/?curid=5296108,unresearched,unverified_candidate,Ranked for research discovery; HPI is not evidence of early success.
2538,candidate-2538-simon-ammann,Simon Ammann,1981,SKIER,Switzerland,M,43,55.04,https://en.wikipedia.org/?curid=382182,unresearched,unverified_candidate,Ranked for research discovery; HPI is not evidence of early success.
2539,candidate-2539-byron-moreno,Byron Moreno,1969,REFEREE,Ecuador,M,21,55.04,https://en.wikipedia.org/?curid=1975092,unresearched,unverified_candidate,Ranked for research discovery; HPI is not evidence of early success.
2540,candidate-2540-oh-eun-sun,Oh Eun-sun,1966,MOUNTAINEER,South Korea,F,21,55.01,https://en.wikipedia.org/?curid=23990502,unresearched,unverified_candidate,Ranked for research discovery; HPI is not evidence of early success.
2541,candidate-2541-olegário-benquerença,Olegário Benquerença,1969,REFEREE,Portugal,M,26,54.98,https://en.wikipedia.org/?curid=8920265,unresearched,unverified_candidate,Ranked for research discovery; HPI is not evidence of early success.
2542,candidate-2542-kim-milton-nielsen,Kim Milton Nielsen,1960,REFEREE,Denmark,M,21,54.96,https://en.wikipedia.org/?curid=2613543,unresearched,unverified_candidate,Ranked for research discovery; HPI is not evidence of early success.
2543,candidate-2543-zoran-živković,Zoran Živković,1945,HANDBALL PLAYER,Serbia,M,16,54.96,https://en.wikipedia.org/?curid=6919750,unresearched,unverified_candidate,Ranked for research discovery; HPI is not evidence of early success.
2544,candidate-2544-genco-gulan,Genco Gulan,1969,ARTIST,Türkiye,M,31,54.95,https://en.wikipedia.org/?curid=36022016,unresearched,unverified_candidate,Ranked for research discovery; HPI is not evidence of early success.
2545,candidate-2545-wolfgang-schwarz,Wolfgang Schwarz,1947,SKATER,Austria,M,20,54.91,https://en.wikipedia.org/?curid=4185292,unresearched,unverified_candidate,Ranked for research discovery; HPI is not evidence of early success.
2546,candidate-2546-kjell-johansson,Kjell Johansson,1946,TABLE TENNIS PLAYER,Sweden,M,18,54.87,https://en.wikipedia.org/?curid=18832132,unresearched,unverified_candidate,Ranked for research discovery; HPI is not evidence of early success.
2547,candidate-2547-marcel-dionne,Marcel Dionne,1951,HOCKEY PLAYER,Canada,M,18,54.86,https://en.wikipedia.org/?curid=586719,unresearched,unverified_candidate,Ranked for research discovery; HPI is not evidence of early success.
2548,candidate-2548-susan-dougan,Susan Dougan,1955,PUBLIC WORKER,Saint Vincent and the Grenadines,F,19,54.85,https://en.wikipedia.org/?curid=61423459,unresearched,unverified_candidate,Ranked for research discovery; HPI is not evidence of early success.
2549,candidate-2549-gunde-svan,Gunde Svan,1962,SKIER,Sweden,M,27,54.83,https://en.wikipedia.org/?curid=880132,unresearched,unverified_candidate,Ranked for research discovery; HPI is not evidence of early success.
2550,candidate-2550-jan-boklöv,Jan Boklöv,1966,SKIER,Sweden,M,20,54.76,https://en.wikipedia.org/?curid=2365870,unresearched,unverified_candidate,Ranked for research discovery; HPI is not evidence of early success.
2551,candidate-2551-alexis-amore,Alexis Amore,1978,PORNOGRAPHIC ACTOR,Peru,F,29,54.75,https://en.wikipedia.org/?curid=2165426,unresearched,unverified_candidate,Ranked for research discovery; HPI is not evidence of early success.
2552,candidate-2552-catharina-lodders,Catharina Lodders,1942,CELEBRITY,Netherlands,F,18,54.74,https://en.wikipedia.org/?curid=3385416,unresearched,unverified_candidate,Ranked for research discovery; HPI is not evidence of early success.
2553,candidate-2553-slavko-vinčić,Slavko Vinčić,1979,REFEREE,Slovenia,M,29,54.74,https://en.wikipedia.org/?curid=43944281,unresearched,unverified_candidate,Ranked for research discovery; HPI is not evidence of early success.
2554,candidate-2554-anders-tegnell,Anders Tegnell,1956,PHYSICIAN,Sweden,M,25,54.73,https://en.wikipedia.org/?curid=63452259,unresearched,unverified_candidate,Ranked for research discovery; HPI is not evidence of early success.
2555,candidate-2555-rebeca-linares,Rebeca Linares,1983,PORNOGRAPHIC ACTOR,Spain,F,31,54.70,https://en.wikipedia.org/?curid=21031520,unresearched,unverified_candidate,Ranked for research discovery; HPI is not evidence of early success.
2556,candidate-2556-tim-severin,Tim Severin,1940,EXPLORER,India,M,17,54.68,https://en.wikipedia.org/?curid=2080103,unresearched,unverified_candidate,Ranked for research discovery; HPI is not evidence of early success.
2557,candidate-2557-piero-gros,Piero Gros,1954,SKIER,,M,20,54.67,https://en.wikipedia.org/?curid=3926035,unresearched,unverified_candidate,Ranked for research discovery; HPI is not evidence of early success.
2558,candidate-2558-didier-raoult,Didier Raoult,1952,PHYSICIAN,Senegal,M,15,54.63,https://en.wikipedia.org/?curid=27015334,unresearched,unverified_candidate,Ranked for research discovery; HPI is not evidence of early success.
2559,candidate-2559-pedro-proença,Pedro Proença,1970,REFEREE,Portugal,M,34,54.63,https://en.wikipedia.org/?curid=24338904,unresearched,unverified_candidate,Ranked for research discovery; HPI is not evidence of early success.
2560,candidate-2560-alber-elbaz,Alber Elbaz,1961,FASHION DESIGNER,Morocco,M,17,54.62,https://en.wikipedia.org/?curid=3237452,unresearched,unverified_candidate,Ranked for research discovery; HPI is not evidence of early success.
2561,candidate-2561-daniela-torres,Daniela Torres,1990,CELEBRITY,Nicaragua,F,21,54.62,https://en.wikipedia.org/?curid=45615486,unresearched,unverified_candidate,Ranked for research discovery; HPI is not evidence of early success.
2562,candidate-2562-shyla-stylez,Shyla Stylez,1982,PORNOGRAPHIC ACTOR,Canada,F,44,54.58,https://en.wikipedia.org/?curid=48858051,unresearched,unverified_candidate,Ranked for research discovery; HPI is not evidence of early success.
2563,candidate-2563-barbara-wagner,Barbara Wagner,1938,SKATER,Canada,F,19,54.56,https://en.wikipedia.org/?curid=4181165,unresearched,unverified_candidate,Ranked for research discovery; HPI is not evidence of early success.
2564,candidate-2564-benny-hinn,Benny Hinn,1952,PRESENTER,Israel,M,22,54.54,https://en.wikipedia.org/?curid=153183,unresearched,unverified_candidate,Ranked for research discovery; HPI is not evidence of early success.
2565,candidate-2565-erich-kühnhackl,Erich Kühnhackl,1950,HOCKEY PLAYER,Czechia,M,15,54.53,https://en.wikipedia.org/?curid=11296396,unresearched,unverified_candidate,Ranked for research discovery; HPI is not evidence of early success.
2566,candidate-2566-rinchen-barsbold,Rinchen Barsbold,1935,GEOLOGIST,Mongolia,M,17,54.46,https://en.wikipedia.org/?curid=7029438,unresearched,unverified_candidate,Ranked for research discovery; HPI is not evidence of early success.
2567,candidate-2567-jonah-lomu,Jonah Lomu,1975,RUGBY PLAYER,New Zealand,M,38,54.45,https://en.wikipedia.org/?curid=264230,unresearched,unverified_candidate,Ranked for research discovery; HPI is not evidence of early success.
2568,candidate-2568-joachim-trier,Joachim Trier,1974,,Denmark,F,28,54.44,https://en.wikipedia.org/?curid=26459698,unresearched,unverified_candidate,Ranked for research discovery; HPI is not evidence of early success.
2569,candidate-2569-hana-mašková,Hana Mašková,1949,SKATER,Czechia,F,19,54.44,https://en.wikipedia.org/?curid=4318933,unresearched,unverified_candidate,Ranked for research discovery; HPI is not evidence of early success.
2570,candidate-2570-rina-mor,Rina Mor,1956,CELEBRITY,Israel,F,19,54.43,https://en.wikipedia.org/?curid=3696500,unresearched,unverified_candidate,Ranked for research discovery; HPI is not evidence of early success.
2571,candidate-2571-zoran-primorac,Zoran Primorac,1969,TABLE TENNIS PLAYER,Croatia,M,25,54.36,https://en.wikipedia.org/?curid=10892023,unresearched,unverified_candidate,Ranked for research discovery; HPI is not evidence of early success.
2572,candidate-2572-heini-hemmi,Heini Hemmi,1949,SKIER,Switzerland,M,18,54.35,https://en.wikipedia.org/?curid=4673372,unresearched,unverified_candidate,Ranked for research discovery; HPI is not evidence of early success.
2573,candidate-2573-yuna-kim,Yuna Kim,1990,SKATER,South Korea,F,44,54.33,https://en.wikipedia.org/?curid=4124315,unresearched,unverified_candidate,Ranked for research discovery; HPI is not evidence of early success.
2574,candidate-2574-alex-trebek,Alex Trebek,1940,PRESENTER,Canada,M,34,54.29,https://en.wikipedia.org/?curid=312251,unresearched,unverified_candidate,Ranked for research discovery; HPI is not evidence of early success.
2575,candidate-2575-sissy-schwarz,Sissy Schwarz,1936,SKATER,Austria,F,16,54.27,https://en.wikipedia.org/?curid=6018262,unresearched,unverified_candidate,Ranked for research discovery; HPI is not evidence of early success.
2576,candidate-2576-pernilla-wiberg,Pernilla Wiberg,1970,SKIER,Sweden,F,28,54.26,https://en.wikipedia.org/?curid=145225,unresearched,unverified_candidate,Ranked for research discovery; HPI is not evidence of early success.
2577,candidate-2577-anne-heggtveit,Anne Heggtveit,1939,SKIER,Canada,F,20,54.23,https://en.wikipedia.org/?curid=521973,unresearched,unverified_candidate,Ranked for research discovery; HPI is not evidence of early success.
2578,candidate-2578-francis-ngannou,Francis Ngannou,1986,MARTIAL ARTS,,M,30,54.22,https://en.wikipedia.org/?curid=50114216,unresearched,unverified_candidate,Ranked for research discovery; HPI is not evidence of early success.
2579,candidate-2579-krystyna-chojnowska-liskiewicz,Krystyna Chojnowska-Liskiewicz,1936,EXPLORER,Poland,F,16,54.21,https://en.wikipedia.org/?curid=3606454,unresearched,unverified_candidate,Ranked for research discovery; HPI is not evidence of early success.
2580,candidate-2580-jimmy-jump,Jimmy Jump,1976,CELEBRITY,Spain,M,33,54.18,https://en.wikipedia.org/?curid=782401,unresearched,unverified_candidate,Ranked for research discovery; HPI is not evidence of early success.
2581,candidate-2581-jorge-larrionda,Jorge Larrionda,1968,REFEREE,Uruguay,M,29,54.17,https://en.wikipedia.org/?curid=5522554,unresearched,unverified_candidate,Ranked for research discovery; HPI is not evidence of early success.
2582,candidate-2582-john-howe,John Howe,1957,ARTIST,Canada,M,20,54.13,https://en.wikipedia.org/?curid=417779,unresearched,unverified_candidate,Ranked for research discovery; HPI is not evidence of early success.
2583,candidate-2583-sten-stensen,Sten Stensen,1947,SKATER,Norway,M,19,54.13,https://en.wikipedia.org/?curid=1441166,unresearched,unverified_candidate,Ranked for research discovery; HPI is not evidence of early success.
2584,candidate-2584-mariusz-pudzianowski,Mariusz Pudzianowski,1977,MARTIAL ARTS,Poland,M,21,54.08,https://en.wikipedia.org/?curid=945181,unresearched,unverified_candidate,Ranked for research discovery; HPI is not evidence of early success.
2585,candidate-2585-bohuslav-šťastný,Bohuslav Šťastný,1949,HOCKEY PLAYER,Czechia,M,15,54.07,https://en.wikipedia.org/?curid=11068080,unresearched,unverified_candidate,Ranked for research discovery; HPI is not evidence of early success.
2586,candidate-2586-zhong-nanshan,Zhong Nanshan,1936,PHYSICIAN,China,M,21,54.07,https://en.wikipedia.org/?curid=39999358,unresearched,unverified_candidate,Ranked for research discovery; HPI is not evidence of early success.
2587,candidate-2587-gu-kailai,Gu Kailai,1958,LAWYER,China,F,16,54.07,https://en.wikipedia.org/?curid=35359910,unresearched,unverified_candidate,Ranked for research discovery; HPI is not evidence of early success.
2588,candidate-2588-berit-aunli,Berit Aunli,1956,SKIER,Norway,F,18,54.04,https://en.wikipedia.org/?curid=2891814,unresearched,unverified_candidate,Ranked for research discovery; HPI is not evidence of early success.
2589,candidate-2589-harri-kirvesniemi,Harri Kirvesniemi,1958,SKIER,Finland,M,20,54.04,https://en.wikipedia.org/?curid=3548131,unresearched,unverified_candidate,Ranked for research discovery; HPI is not evidence of early success.
2590,candidate-2590-otto-leodolter,Otto Leodolter,1936,SKIER,Austria,M,16,54.01,https://en.wikipedia.org/?curid=5818577,unresearched,unverified_candidate,Ranked for research discovery; HPI is not evidence of early success.
2591,candidate-2591-steven-bradbury,Steven Bradbury,1973,SKATER,Australia,M,24,54.01,https://en.wikipedia.org/?curid=1799036,unresearched,unverified_candidate,Ranked for research discovery; HPI is not evidence of early success.
2592,candidate-2592-kees-verkerk,Kees Verkerk,1942,SKATER,Netherlands,M,20,54.00,https://en.wikipedia.org/?curid=2679518,unresearched,unverified_candidate,Ranked for research discovery; HPI is not evidence of early success.
2593,candidate-2593-tibor-klampár,Tibor Klampár,1953,TABLE TENNIS PLAYER,Hungary,M,16,53.96,https://en.wikipedia.org/?curid=31901695,unresearched,unverified_candidate,Ranked for research discovery; HPI is not evidence of early success.
2594,candidate-2594-adam-małysz,Adam Małysz,1977,SKIER,Poland,M,42,53.94,https://en.wikipedia.org/?curid=175867,unresearched,unverified_candidate,Ranked for research discovery; HPI is not evidence of early success.
2595,candidate-2595-chris-taylor,Chris Taylor,1950,GAME DESIGNER,Canada,M,15,53.94,https://en.wikipedia.org/?curid=463973,unresearched,unverified_candidate,Ranked for research discovery; HPI is not evidence of early success.
2596,candidate-2596-staffan-olsson,Staffan Olsson,1964,HANDBALL PLAYER,Sweden,M,20,53.93,https://en.wikipedia.org/?curid=18881734,unresearched,unverified_candidate,Ranked for research discovery; HPI is not evidence of early success.
2597,candidate-2597-peter-o-leary,Peter O'Leary,1972,REFEREE,New Zealand,M,24,53.91,https://en.wikipedia.org/?curid=12126283,unresearched,unverified_candidate,Ranked for research discovery; HPI is not evidence of early success.
2598,candidate-2598-zlatko-saračević,Zlatko Saračević,1961,HANDBALL PLAYER,Bosnia and Herzegovina,M,24,53.88,https://en.wikipedia.org/?curid=13055203,unresearched,unverified_candidate,Ranked for research discovery; HPI is not evidence of early success.
2599,candidate-2599-josef-stiegler,Josef Stiegler,1937,SKIER,Austria,M,19,53.85,https://en.wikipedia.org/?curid=3986073,unresearched,unverified_candidate,Ranked for research discovery; HPI is not evidence of early success.
2600,candidate-2600-greg,Greg,1931,COMIC ARTIST,Belgium,M,17,53.85,https://en.wikipedia.org/?curid=3558968,unresearched,unverified_candidate,Ranked for research discovery; HPI is not evidence of early success.
2601,candidate-2601-barbro-martinsson,Barbro Martinsson,1935,SKIER,Sweden,F,17,53.85,https://en.wikipedia.org/?curid=6111273,unresearched,unverified_candidate,Ranked for research discovery; HPI is not evidence of early success.
2602,candidate-2602-ernst-hinterseer,Ernst Hinterseer,1932,SKIER,Austria,M,18,53.84,https://en.wikipedia.org/?curid=4163867,unresearched,unverified_candidate,Ranked for research discovery; HPI is not evidence of early success.
2603,candidate-2603-lin-dan,Lin Dan,1983,BADMINTON PLAYER,China,M,52,53.82,https://en.wikipedia.org/?curid=905047,unresearched,unverified_candidate,Ranked for research discovery; HPI is not evidence of early success.
2604,candidate-2604-urs-meier,Urs Meier,1959,REFEREE,Switzerland,M,21,53.82,https://en.wikipedia.org/?curid=752697,unresearched,unverified_candidate,Ranked for research discovery; HPI is not evidence of early success.
2605,candidate-2605-bachendri-pal,Bachendri Pal,1954,MOUNTAINEER,India,F,21,53.77,https://en.wikipedia.org/?curid=3605937,unresearched,unverified_candidate,Ranked for research discovery; HPI is not evidence of early success.
2606,candidate-2606-lucile-wheeler,Lucile Wheeler,1935,SKIER,Canada,F,17,53.76,https://en.wikipedia.org/?curid=528608,unresearched,unverified_candidate,Ranked for research discovery; HPI is not evidence of early success.
2607,candidate-2607-fabrício-werdum,Fabrício Werdum,1977,MARTIAL ARTS,Brazil,M,19,53.76,https://en.wikipedia.org/?curid=3041760,unresearched,unverified_candidate,Ranked for research discovery; HPI is not evidence of early success.
2608,candidate-2608-lee-chong-wei,Lee Chong Wei,1982,BADMINTON PLAYER,Malaysia,M,41,53.75,https://en.wikipedia.org/?curid=907293,unresearched,unverified_candidate,Ranked for research discovery; HPI is not evidence of early success.
2609,candidate-2609-denise-biellmann,Denise Biellmann,1962,SKATER,Switzerland,F,20,53.74,https://en.wikipedia.org/?curid=1347133,unresearched,unverified_candidate,Ranked for research discovery; HPI is not evidence of early success.
2610,candidate-2610-marco-antonio-rodríguez,Marco Antonio Rodríguez,1973,REFEREE,Mexico,M,29,53.72,https://en.wikipedia.org/?curid=5508067,unresearched,unverified_candidate,Ranked for research discovery; HPI is not evidence of early success.
2611,candidate-2611-branislav-pokrajac,Branislav Pokrajac,1947,HANDBALL PLAYER,Serbia,M,18,53.69,https://en.wikipedia.org/?curid=12693085,unresearched,unverified_candidate,Ranked for research discovery; HPI is not evidence of early success.
2612,candidate-2612-lasse-kjus,Lasse Kjus,1971,SKIER,Norway,M,28,53.68,https://en.wikipedia.org/?curid=1464186,unresearched,unverified_candidate,Ranked for research discovery; HPI is not evidence of early success.
2613,candidate-2613-manuel-mejuto-gonzález,Manuel Mejuto González,1965,REFEREE,Spain,M,26,53.66,https://en.wikipedia.org/?curid=9559811,unresearched,unverified_candidate,Ranked for research discovery; HPI is not evidence of early success.
2614,candidate-2614-jacksepticeye,Jacksepticeye,1990,YOUTUBER,Ireland,M,33,53.65,https://en.wikipedia.org/?curid=46962193,unresearched,unverified_candidate,Ranked for research discovery; HPI is not evidence of early success.
2615,candidate-2615-assar-rönnlund,Assar Rönnlund,1935,SKIER,Sweden,M,18,53.64,https://en.wikipedia.org/?curid=5437924,unresearched,unverified_candidate,Ranked for research discovery; HPI is not evidence of early success.
2616,candidate-2616-regine-heitzer,Regine Heitzer,1944,SKATER,Austria,F,15,53.54,https://en.wikipedia.org/?curid=3271853,unresearched,unverified_candidate,Ranked for research discovery; HPI is not evidence of early success.
2617,candidate-2617-antônio-rodrigo-nogueira,Antônio Rodrigo Nogueira,1976,MARTIAL ARTS,Brazil,M,22,53.52,https://en.wikipedia.org/?curid=274910,unresearched,unverified_candidate,Ranked for research discovery; HPI is not evidence of early success.
2618,candidate-2618-fatimata-m-baye,Fatimata M'Baye,1957,LAWYER,,F,19,53.45,https://en.wikipedia.org/?curid=49988660,unresearched,unverified_candidate,Ranked for research discovery; HPI is not evidence of early success.
2619,candidate-2619-johnny-höglin,Johnny Höglin,1943,SKATER,Sweden,M,16,53.45,https://en.wikipedia.org/?curid=10057360,unresearched,unverified_candidate,Ranked for research discovery; HPI is not evidence of early success.
2620,candidate-2620-grzegorz-ryś,Grzegorz Ryś,1964,,Poland,M,19,53.42,https://en.wikipedia.org/?curid=63650732,unresearched,unverified_candidate,Ranked for research discovery; HPI is not evidence of early success.
2621,candidate-2621-alv-gjestvang,Alv Gjestvang,1937,SKATER,Norway,M,17,53.42,https://en.wikipedia.org/?curid=16306935,unresearched,unverified_candidate,Ranked for research discovery; HPI is not evidence of early success.
2622,candidate-2622-lyoto-machida,Lyoto Machida,1978,MARTIAL ARTS,Brazil,M,23,53.37,https://en.wikipedia.org/?curid=5451380,unresearched,unverified_candidate,Ranked for research discovery; HPI is not evidence of early success.
2623,candidate-2623-israel-adesanya,Israel Adesanya,1989,MARTIAL ARTS,Nigeria,M,31,53.36,https://en.wikipedia.org/?curid=51774563,unresearched,unverified_candidate,Ranked for research discovery; HPI is not evidence of early success.
2624,candidate-2624-josef-černý,Josef Černý,1939,HOCKEY PLAYER,Czechia,M,16,53.35,https://en.wikipedia.org/?curid=11281216,unresearched,unverified_candidate,Ranked for research discovery; HPI is not evidence of early success.
2625,candidate-2625-borka-pavićević,Borka Pavićević,1947,ARTIST,Montenegro,F,18,53.34,https://en.wikipedia.org/?curid=42872599,unresearched,unverified_candidate,Ranked for research discovery; HPI is not evidence of early success.
2626,candidate-2626-mikael-appelgren,Mikael Appelgren,1961,TABLE TENNIS PLAYER,Sweden,M,18,53.30,https://en.wikipedia.org/?curid=3467812,unresearched,unverified_candidate,Ranked for research discovery; HPI is not evidence of early success.
2627,candidate-2627-vladimir-samsonov,Vladimir Samsonov,1976,TABLE TENNIS PLAYER,Belarus,M,27,53.29,https://en.wikipedia.org/?curid=15342265,unresearched,unverified_candidate,Ranked for research discovery; HPI is not evidence of early success.
2628,candidate-2628-mats-näslund,Mats Näslund,1959,HOCKEY PLAYER,Sweden,M,19,53.27,https://en.wikipedia.org/?curid=1200539,unresearched,unverified_candidate,Ranked for research discovery; HPI is not evidence of early success.
2629,candidate-2629-richard-wagner,Richard Wagner,1957,LAWYER,Canada,M,18,53.24,https://en.wikipedia.org/?curid=37193685,unresearched,unverified_candidate,Ranked for research discovery; HPI is not evidence of early success.
2630,candidate-2630-sachin-tendulkar,Sachin Tendulkar,1973,CRICKETER,India,M,70,53.22,https://en.wikipedia.org/?curid=57570,unresearched,unverified_candidate,Ranked for research discovery; HPI is not evidence of early success.
2631,candidate-2631-svetlana-kitić,Svetlana Kitić,1960,HANDBALL PLAYER,Bosnia and Herzegovina,F,23,53.16,https://en.wikipedia.org/?curid=12920430,unresearched,unverified_candidate,Ranked for research discovery; HPI is not evidence of early success.
2632,candidate-2632-mariano-rivera,Mariano Rivera,1969,BASEBALL PLAYER,Panama,M,20,53.16,https://en.wikipedia.org/?curid=341814,unresearched,unverified_candidate,Ranked for research discovery; HPI is not evidence of early success.
2633,candidate-2633-todd-mcfarlane,Todd McFarlane,1961,COMIC ARTIST,Canada,M,28,53.16,https://en.wikipedia.org/?curid=82471,unresearched,unverified_candidate,Ranked for research discovery; HPI is not evidence of early success.
2634,candidate-2634-li-wenliang,Li Wenliang,1986,CELEBRITY,China,M,56,53.15,https://en.wikipedia.org/?curid=63040806,unresearched,unverified_candidate,Ranked for research discovery; HPI is not evidence of early success.
2635,candidate-2635-ans-schut,Ans Schut,1944,SKATER,Netherlands,F,17,52.99,https://en.wikipedia.org/?curid=4274050,unresearched,unverified_candidate,Ranked for research discovery; HPI is not evidence of early success.
2636,candidate-2636-jean-michel-saive,Jean-Michel Saive,1969,TABLE TENNIS PLAYER,Belgium,M,23,52.96,https://en.wikipedia.org/?curid=2969269,unresearched,unverified_candidate,Ranked for research discovery; HPI is not evidence of early success.
2637,candidate-2637-toller-cranston,Toller Cranston,1949,SKATER,Canada,M,18,52.96,https://en.wikipedia.org/?curid=2000031,unresearched,unverified_candidate,Ranked for research discovery; HPI is not evidence of early success.
2638,candidate-2638-arpad-sterbik,Arpad Sterbik,1979,HANDBALL PLAYER,Serbia,M,27,52.96,https://en.wikipedia.org/?curid=15430455,unresearched,unverified_candidate,Ranked for research discovery; HPI is not evidence of early success.
2639,candidate-2639-håkan-loob,Håkan Loob,1960,HOCKEY PLAYER,Sweden,M,20,52.94,https://en.wikipedia.org/?curid=2559270,unresearched,unverified_candidate,Ranked for research discovery; HPI is not evidence of early success.
2640,candidate-2640-cecilia-bolocco,Cecilia Bolocco,1965,CELEBRITY,Chile,F,25,52.90,https://en.wikipedia.org/?curid=287855,unresearched,unverified_candidate,Ranked for research discovery; HPI is not evidence of early success.
2641,candidate-2641-rakhat-aliyev,Rakhat Aliyev,1962,MAFIOSO,Kazakhstan,M,21,52.89,https://en.wikipedia.org/?curid=1854319,unresearched,unverified_candidate,Ranked for research discovery; HPI is not evidence of early success.
2642,candidate-2642-joseph-tsai,Joseph Tsai,1964,,Taiwan,M,16,52.87,https://en.wikipedia.org/?curid=44811238,unresearched,unverified_candidate,Ranked for research discovery; HPI is not evidence of early success.
2643,candidate-2643-zdravko-zovko,Zdravko Zovko,1955,HANDBALL PLAYER,Bosnia and Herzegovina,M,19,52.85,https://en.wikipedia.org/?curid=11975314,unresearched,unverified_candidate,Ranked for research discovery; HPI is not evidence of early success.
2644,candidate-2644-bas-rutten,Bas Rutten,1965,MARTIAL ARTS,Netherlands,M,18,52.83,https://en.wikipedia.org/?curid=1852133,unresearched,unverified_candidate,Ranked for research discovery; HPI is not evidence of early success.
2645,candidate-2645-astrid-carolina-herrera,Astrid Carolina Herrera,1964,CELEBRITY,Venezuela,F,20,52.82,https://en.wikipedia.org/?curid=3386391,unresearched,unverified_candidate,Ranked for research discovery; HPI is not evidence of early success.
2646,candidate-2646-františek-ševčík,František Ševčík,1942,HOCKEY PLAYER,Czechia,M,17,52.81,https://en.wikipedia.org/?curid=35863898,unresearched,unverified_candidate,Ranked for research discovery; HPI is not evidence of early success.
2647,candidate-2647-charles-oliveira,Charles Oliveira,1989,MARTIAL ARTS,Brazil,M,23,52.77,https://en.wikipedia.org/?curid=27167974,unresearched,unverified_candidate,Ranked for research discovery; HPI is not evidence of early success.
2648,candidate-2648-valentina-stenina,Valentina Stenina,1934,SKATER,Belarus,F,16,52.75,https://en.wikipedia.org/?curid=4218152,unresearched,unverified_candidate,Ranked for research discovery; HPI is not evidence of early success.
2649,candidate-2649-jihadi-john,Jihadi John,1988,CELEBRITY,Kuwait,M,40,52.75,https://en.wikipedia.org/?curid=43630864,unresearched,unverified_candidate,Ranked for research discovery; HPI is not evidence of early success.
2650,candidate-2650-stéphane-lambiel,Stéphane Lambiel,1985,SKATER,Switzerland,M,29,52.74,https://en.wikipedia.org/?curid=2464235,unresearched,unverified_candidate,Ranked for research discovery; HPI is not evidence of early success.
2651,candidate-2651-khalil-al-ghamdi,Khalil Al Ghamdi,1970,REFEREE,Saudi Arabia,M,25,52.70,https://en.wikipedia.org/?curid=12455368,unresearched,unverified_candidate,Ranked for research discovery; HPI is not evidence of early success.
2652,candidate-2652-irene-khan,Irene Khan,1956,LAWYER,Bangladesh,F,20,52.70,https://en.wikipedia.org/?curid=1274083,unresearched,unverified_candidate,Ranked for research discovery; HPI is not evidence of early success.
2653,candidate-2653-vik-muniz,Vik Muniz,1961,ARTIST,Brazil,M,15,52.67,https://en.wikipedia.org/?curid=2645110,unresearched,unverified_candidate,Ranked for research discovery; HPI is not evidence of early success.
2654,candidate-2654-mark-messier,Mark Messier,1961,HOCKEY PLAYER,Canada,M,27,52.66,https://en.wikipedia.org/?curid=440112,unresearched,unverified_candidate,Ranked for research discovery; HPI is not evidence of early success.
2655,candidate-2655-carlos-velasco-carballo,Carlos Velasco Carballo,1971,REFEREE,Spain,M,29,52.66,https://en.wikipedia.org/?curid=31577587,unresearched,unverified_candidate,Ranked for research discovery; HPI is not evidence of early success.
2656,candidate-2656-jan-klapáč,Jan Klapáč,1941,HOCKEY PLAYER,Czechia,M,17,52.65,https://en.wikipedia.org/?curid=34506461,unresearched,unverified_candidate,Ranked for research discovery; HPI is not evidence of early success.
2657,candidate-2657-óscar-ruiz,Óscar Ruiz,1969,REFEREE,Colombia,M,25,52.64,https://en.wikipedia.org/?curid=5589741,unresearched,unverified_candidate,Ranked for research discovery; HPI is not evidence of early success.
2658,candidate-2658-alireza-faghani,Alireza Faghani,1978,REFEREE,Iran,M,31,52.60,https://en.wikipedia.org/?curid=26772525,unresearched,unverified_candidate,Ranked for research discovery; HPI is not evidence of early success.
2659,candidate-2659-lisbeth-korsmo,Lisbeth Korsmo,1948,SKATER,Norway,F,17,52.59,https://en.wikipedia.org/?curid=16307293,unresearched,unverified_candidate,Ranked for research discovery; HPI is not evidence of early success.
2660,candidate-2660-jiří-procházka,Jiří Procházka,1992,MARTIAL ARTS,Czechia,M,18,52.59,https://en.wikipedia.org/?curid=64548777,unresearched,unverified_candidate,Ranked for research discovery; HPI is not evidence of early success.
2661,candidate-2661-yvonne-ryding,Yvonne Ryding,1962,CELEBRITY,Sweden,F,20,52.59,https://en.wikipedia.org/?curid=3666365,unresearched,unverified_candidate,Ranked for research discovery; HPI is not evidence of early success.
2662,candidate-2662-abdel-moneim-aboul-fotouh,Abdel Moneim Aboul Fotouh,1951,PHYSICIAN,Egypt,M,16,52.58,https://en.wikipedia.org/?curid=32172489,unresearched,unverified_candidate,Ranked for research discovery; HPI is not evidence of early success.
2663,candidate-2663-ronald-pettersson,Ronald Pettersson,1935,HOCKEY PLAYER,Sweden,M,16,52.58,https://en.wikipedia.org/?curid=6104376,unresearched,unverified_candidate,Ranked for research discovery; HPI is not evidence of early success.
2664,candidate-2664-anne-buttimer,Anne Buttimer,1938,GEOGRAPHER,Ireland,F,16,52.56,https://en.wikipedia.org/?curid=40191780,unresearched,unverified_candidate,Ranked for research discovery; HPI is not evidence of early success.
2665,candidate-2665-edurne-pasaban,Edurne Pasaban,1973,MOUNTAINEER,Spain,F,26,52.52,https://en.wikipedia.org/?curid=2276716,unresearched,unverified_candidate,Ranked for research discovery; HPI is not evidence of early success.
2666,candidate-2666-nick-szabo,Nick Szabo,1964,,,M,16,52.51,https://en.wikipedia.org/?curid=41302099,unresearched,unverified_candidate,Ranked for research discovery; HPI is not evidence of early success.
2667,candidate-2667-sergio-aragonés,Sergio Aragonés,1937,COMIC ARTIST,Spain,M,16,52.51,https://en.wikipedia.org/?curid=29669,unresearched,unverified_candidate,Ranked for research discovery; HPI is not evidence of early success.
2668,candidate-2668-mauri-kunnas,Mauri Kunnas,1950,COMIC ARTIST,Finland,M,16,52.49,https://en.wikipedia.org/?curid=2256992,unresearched,unverified_candidate,Ranked for research discovery; HPI is not evidence of early success.
2669,candidate-2669-kurt-oppelt,Kurt Oppelt,1932,SKATER,Austria,M,16,52.48,https://en.wikipedia.org/?curid=6018355,unresearched,unverified_candidate,Ranked for research discovery; HPI is not evidence of early success.
2670,candidate-2670-marie-senghor-basse,Marie Senghor Basse,1930,PHYSICIAN,Senegal,F,16,52.48,https://en.wikipedia.org/?curid=67044276,unresearched,unverified_candidate,Ranked for research discovery; HPI is not evidence of early success.
2671,candidate-2671-carlos-eugênio-simon,Carlos Eugênio Simon,1965,REFEREE,Brazil,M,26,52.48,https://en.wikipedia.org/?curid=5530533,unresearched,unverified_candidate,Ranked for research discovery; HPI is not evidence of early success.
2672,candidate-2672-mike-bossy,Mike Bossy,1957,HOCKEY PLAYER,Canada,M,17,52.45,https://en.wikipedia.org/?curid=550265,unresearched,unverified_candidate,Ranked for research discovery; HPI is not evidence of early success.
2673,candidate-2673-faker,Faker,1996,GAMER,South Korea,M,23,52.45,https://en.wikipedia.org/?curid=45309885,unresearched,unverified_candidate,Ranked for research discovery; HPI is not evidence of early success.
2674,candidate-2674-ma-lin,Ma Lin,1980,TABLE TENNIS PLAYER,China,M,28,52.44,https://en.wikipedia.org/?curid=8005486,unresearched,unverified_candidate,Ranked for research discovery; HPI is not evidence of early success.
2675,candidate-2675-jackson-richardson,Jackson Richardson,1969,HANDBALL PLAYER,Réunion,M,23,52.42,https://en.wikipedia.org/?curid=6804751,unresearched,unverified_candidate,Ranked for research discovery; HPI is not evidence of early success.
2676,candidate-2676-luis-medina-cantalejo,Luis Medina Cantalejo,1964,REFEREE,Spain,M,23,52.38,https://en.wikipedia.org/?curid=5561770,unresearched,unverified_candidate,Ranked for research discovery; HPI is not evidence of early success.
2677,candidate-2677-carry-geijssen,Carry Geijssen,1947,SKATER,Netherlands,F,17,52.36,https://en.wikipedia.org/?curid=4278308,unresearched,unverified_candidate,Ranked for research discovery; HPI is not evidence of early success.
2678,candidate-2678-miroslav-verner,Miroslav Verner,1941,ARCHAEOLOGIST,Czechia,M,16,52.36,https://en.wikipedia.org/?curid=3184173,unresearched,unverified_candidate,Ranked for research discovery; HPI is not evidence of early success.
2679,candidate-2679-yoo-nam-kyu,Yoo Nam-kyu,1968,TABLE TENNIS PLAYER,South Korea,M,23,52.30,https://en.wikipedia.org/?curid=11899450,unresearched,unverified_candidate,Ranked for research discovery; HPI is not evidence of early success.
2680,candidate-2680-tatiana-navka,Tatiana Navka,1975,SKATER,Ukraine,F,26,52.28,https://en.wikipedia.org/?curid=1776845,unresearched,unverified_candidate,Ranked for research discovery; HPI is not evidence of early success.
2681,candidate-2681-annie-borckink,Annie Borckink,1951,SKATER,Netherlands,F,18,52.23,https://en.wikipedia.org/?curid=8199598,unresearched,unverified_candidate,Ranked for research discovery; HPI is not evidence of early success.
2682,candidate-2682-daniel-mojon,Daniel Mojon,1963,PHYSICIAN,Switzerland,M,19,52.21,https://en.wikipedia.org/?curid=55896801,unresearched,unverified_candidate,Ranked for research discovery; HPI is not evidence of early success.
2683,candidate-2683-peter-bondra,Peter Bondra,1968,HOCKEY PLAYER,Ukraine,M,20,52.20,https://en.wikipedia.org/?curid=327830,unresearched,unverified_candidate,Ranked for research discovery; HPI is not evidence of early success.
2684,candidate-2684-saku-koivu,Saku Koivu,1974,HOCKEY PLAYER,Finland,M,27,52.19,https://en.wikipedia.org/?curid=349266,unresearched,unverified_candidate,Ranked for research discovery; HPI is not evidence of early success.
2685,candidate-2685-nicklas-lidström,Nicklas Lidström,1970,HOCKEY PLAYER,Sweden,M,23,52.18,https://en.wikipedia.org/?curid=440460,unresearched,unverified_candidate,Ranked for research discovery; HPI is not evidence of early success.
2686,candidate-2686-gerlinde-kaltenbrunner,Gerlinde Kaltenbrunner,1970,MOUNTAINEER,Austria,F,20,52.18,https://en.wikipedia.org/?curid=17486179,unresearched,unverified_candidate,Ranked for research discovery; HPI is not evidence of early success.
2687,candidate-2687-guy-delisle,Guy Delisle,1966,COMIC ARTIST,Canada,M,23,52.12,https://en.wikipedia.org/?curid=5537525,unresearched,unverified_candidate,Ranked for research discovery; HPI is not evidence of early success.
2688,candidate-2688-vassilios-skouris,Vassilios Skouris,1948,JUDGE,Greece,M,16,52.12,https://en.wikipedia.org/?curid=4103434,unresearched,unverified_candidate,Ranked for research discovery; HPI is not evidence of early success.
2689,candidate-2689-mats-sundin,Mats Sundin,1971,HOCKEY PLAYER,Sweden,M,28,52.10,https://en.wikipedia.org/?curid=440135,unresearched,unverified_candidate,Ranked for research discovery; HPI is not evidence of early success.
2690,candidate-2690-valentina-shevchenko,Valentina Shevchenko,1988,MARTIAL ARTS,Kyrgyzstan,F,21,52.08,https://en.wikipedia.org/?curid=44159133,unresearched,unverified_candidate,Ranked for research discovery; HPI is not evidence of early success.
2691,candidate-2691-wang-liqin,Wang Liqin,1978,TABLE TENNIS PLAYER,China,M,28,52.03,https://en.wikipedia.org/?curid=2169289,unresearched,unverified_candidate,Ranked for research discovery; HPI is not evidence of early success.
2692,candidate-2692-johann-olav-koss,Johann Olav Koss,1968,SKATER,Norway,M,33,52.01,https://en.wikipedia.org/?curid=92927,unresearched,unverified_candidate,Ranked for research discovery; HPI is not evidence of early success.
2693,candidate-2693-subkhiddin-mohd-salleh,Subkhiddin Mohd Salleh,1966,REFEREE,Malaysia,M,27,52.01,https://en.wikipedia.org/?curid=12139113,unresearched,unverified_candidate,Ranked for research discovery; HPI is not evidence of early success.
2694,candidate-2694-bobby-clarke,Bobby Clarke,1949,HOCKEY PLAYER,Canada,F,17,51.98,https://en.wikipedia.org/?curid=8533908,unresearched,unverified_candidate,Ranked for research discovery; HPI is not evidence of early success.
2695,candidate-2695-wanderlei-silva,Wanderlei Silva,1976,MARTIAL ARTS,Brazil,M,20,51.92,https://en.wikipedia.org/?curid=1407968,unresearched,unverified_candidate,Ranked for research discovery; HPI is not evidence of early success.
2696,candidate-2696-peter-tomka,Peter Tomka,1956,JUDGE,Slovakia,M,20,51.91,https://en.wikipedia.org/?curid=1976297,unresearched,unverified_candidate,Ranked for research discovery; HPI is not evidence of early success.
2697,candidate-2697-yu-wenxia,Yu Wenxia,1989,CELEBRITY,China,F,22,51.91,https://en.wikipedia.org/?curid=36755205,unresearched,unverified_candidate,Ranked for research discovery; HPI is not evidence of early success.
2698,candidate-2698-mohammed-abdulla-hassan-mohamed,Mohammed Abdulla Hassan Mohamed,1978,REFEREE,United Arab Emirates,M,23,51.89,https://en.wikipedia.org/?curid=45087554,unresearched,unverified_candidate,Ranked for research discovery; HPI is not evidence of early success.
2699,candidate-2699-veselin-vuković,Veselin Vuković,1958,HANDBALL PLAYER,North Macedonia,M,18,51.88,https://en.wikipedia.org/?curid=11975146,unresearched,unverified_candidate,Ranked for research discovery; HPI is not evidence of early success.
2700,candidate-2700-lars-eric-lundvall,Lars-Eric Lundvall,1934,HOCKEY PLAYER,Sweden,M,15,51.84,https://en.wikipedia.org/?curid=9280668,unresearched,unverified_candidate,Ranked for research discovery; HPI is not evidence of early success.
2701,candidate-2701-zlatko-portner,Zlatko Portner,1962,HANDBALL PLAYER,Serbia,M,16,51.83,https://en.wikipedia.org/?curid=13054975,unresearched,unverified_candidate,Ranked for research discovery; HPI is not evidence of early success.
2702,candidate-2702-domagoj-duvnjak,Domagoj Duvnjak,1988,HANDBALL PLAYER,Croatia,M,26,51.79,https://en.wikipedia.org/?curid=18979413,unresearched,unverified_candidate,Ranked for research discovery; HPI is not evidence of early success.
2703,candidate-2703-artūrs-irbe,Artūrs Irbe,1967,HOCKEY PLAYER,Latvia,M,19,51.77,https://en.wikipedia.org/?curid=494588,unresearched,unverified_candidate,Ranked for research discovery; HPI is not evidence of early success.
2704,candidate-2704-gábor-gergely,Gábor Gergely,1953,TABLE TENNIS PLAYER,Hungary,M,15,51.77,https://en.wikipedia.org/?curid=31401529,unresearched,unverified_candidate,Ranked for research discovery; HPI is not evidence of early success.
2705,candidate-2705-melvin-manhoef,Melvin Manhoef,1976,MARTIAL ARTS,Suriname,M,15,51.75,https://en.wikipedia.org/?curid=11330258,unresearched,unverified_candidate,Ranked for research discovery; HPI is not evidence of early success.
2706,candidate-2706-tim-cain,Tim Cain,1965,GAME DESIGNER,,M,19,51.74,https://en.wikipedia.org/?curid=6427010,unresearched,unverified_candidate,Ranked for research discovery; HPI is not evidence of early success.
2707,candidate-2707-jee-seok-jin,Jee Seok-jin,1966,PRESENTER,South Korea,M,16,51.74,https://en.wikipedia.org/?curid=34761500,unresearched,unverified_candidate,Ranked for research discovery; HPI is not evidence of early success.
2708,candidate-2708-tomas-jonsson,Tomas Jonsson,1960,HOCKEY PLAYER,Sweden,M,19,51.72,https://en.wikipedia.org/?curid=3189729,unresearched,unverified_candidate,Ranked for research discovery; HPI is not evidence of early success.
2709,candidate-2709-goran-perkovac,Goran Perkovac,1962,HANDBALL PLAYER,,M,20,51.69,https://en.wikipedia.org/?curid=13055116,unresearched,unverified_candidate,Ranked for research discovery; HPI is not evidence of early success.
2710,candidate-2710-igor-zhelezovski,Igor Zhelezovski,1963,SKATER,Belarus,M,24,51.66,https://en.wikipedia.org/?curid=4128324,unresearched,unverified_candidate,Ranked for research discovery; HPI is not evidence of early success.
2711,candidate-2711-bengt-åke-gustafsson,Bengt-Åke Gustafsson,1958,HOCKEY PLAYER,Sweden,M,17,51.65,https://en.wikipedia.org/?curid=4016872,unresearched,unverified_candidate,Ranked for research discovery; HPI is not evidence of early success.
2712,candidate-2712-nikola-grbić,Nikola Grbić,1973,VOLLEYBALL PLAYER,Serbia,M,24,51.64,https://en.wikipedia.org/?curid=4271681,unresearched,unverified_candidate,Ranked for research discovery; HPI is not evidence of early success.
2713,candidate-2713-katrine-lunde,Katrine Lunde,1980,HANDBALL PLAYER,Norway,F,26,51.64,https://en.wikipedia.org/?curid=15730717,unresearched,unverified_candidate,Ranked for research discovery; HPI is not evidence of early success.
2714,candidate-2714-hauwa-ibrahim,Hauwa Ibrahim,1968,LAWYER,Nigeria,F,25,51.60,https://en.wikipedia.org/?curid=3416794,unresearched,unverified_candidate,Ranked for research discovery; HPI is not evidence of early success.
2715,candidate-2715-sammy-sosa,Sammy Sosa,1968,BASEBALL PLAYER,Dominican Republic,M,23,51.60,https://en.wikipedia.org/?curid=26920,unresearched,unverified_candidate,Ranked for research discovery; HPI is not evidence of early success.
2716,candidate-2716-guðmundur-guðmundsson,Guðmundur Guðmundsson,1960,HANDBALL PLAYER,Iceland,M,16,51.56,https://en.wikipedia.org/?curid=9212641,unresearched,unverified_candidate,Ranked for research discovery; HPI is not evidence of early success.
2717,candidate-2717-sunil-gavaskar,Sunil Gavaskar,1949,CRICKETER,India,M,29,51.56,https://en.wikipedia.org/?curid=176793,unresearched,unverified_candidate,Ranked for research discovery; HPI is not evidence of early success.
2718,candidate-2718-jenő-kamuti,Jenő Kamuti,1937,PHYSICIAN,Hungary,M,17,51.55,https://en.wikipedia.org/?curid=9964830,unresearched,unverified_candidate,Ranked for research discovery; HPI is not evidence of early success.
2719,candidate-2719-harnaaz-sandhu,Harnaaz Sandhu,2000,CELEBRITY,India,F,51,51.54,https://en.wikipedia.org/?curid=68854903,unresearched,unverified_candidate,Ranked for research discovery; HPI is not evidence of early success.
2720,candidate-2720-steve-yzerman,Steve Yzerman,1965,HOCKEY PLAYER,Canada,M,25,51.50,https://en.wikipedia.org/?curid=162154,unresearched,unverified_candidate,Ranked for research discovery; HPI is not evidence of early success.
2721,candidate-2721-niklas-landin-jacobsen,Niklas Landin Jacobsen,1988,HANDBALL PLAYER,Denmark,M,28,51.50,https://en.wikipedia.org/?curid=17861774,unresearched,unverified_candidate,Ranked for research discovery; HPI is not evidence of early success.
2722,candidate-2722-sidney-crosby,Sidney Crosby,1987,HOCKEY PLAYER,Canada,M,39,51.47,https://en.wikipedia.org/?curid=780055,unresearched,unverified_candidate,Ranked for research discovery; HPI is not evidence of early success.
2723,candidate-2723-irfan-smajlagić,Irfan Smajlagić,1961,HANDBALL PLAYER,Bosnia and Herzegovina,M,22,51.45,https://en.wikipedia.org/?curid=13055262,unresearched,unverified_candidate,Ranked for research discovery; HPI is not evidence of early success.
2724,candidate-2724-ivo-papazov,Ivo Papazov,1952,CELEBRITY,Bulgaria,M,16,51.42,https://en.wikipedia.org/?curid=956531,unresearched,unverified_candidate,Ranked for research discovery; HPI is not evidence of early success.
2725,candidate-2725-helena-pilejczyk,Helena Pilejczyk,1931,SKATER,Poland,F,17,51.41,https://en.wikipedia.org/?curid=4273315,unresearched,unverified_candidate,Ranked for research discovery; HPI is not evidence of early success.
2726,candidate-2726-francois-pienaar,Francois Pienaar,1967,RUGBY PLAYER,South Africa,F,22,51.41,https://en.wikipedia.org/?curid=1044419,unresearched,unverified_candidate,Ranked for research discovery; HPI is not evidence of early success.
2727,candidate-2727-vladimir-maksimov,Vladimir Maksimov,1945,HANDBALL PLAYER,Kyrgyzstan,M,16,51.40,https://en.wikipedia.org/?curid=12737692,unresearched,unverified_candidate,Ranked for research discovery; HPI is not evidence of early success.
2728,candidate-2728-gul-mohammed,Gul Mohammed,1957,CELEBRITY,India,M,19,51.39,https://en.wikipedia.org/?curid=2006522,unresearched,unverified_candidate,Ranked for research discovery; HPI is not evidence of early success.
2729,candidate-2729-viktor-zinger,Viktor Zinger,1941,HOCKEY PLAYER,,M,16,51.39,https://en.wikipedia.org/?curid=11263213,unresearched,unverified_candidate,Ranked for research discovery; HPI is not evidence of early success.
2730,candidate-2730-pavol-demitra,Pavol Demitra,1974,HOCKEY PLAYER,Slovakia,M,22,51.37,https://en.wikipedia.org/?curid=741765,unresearched,unverified_candidate,Ranked for research discovery; HPI is not evidence of early success.
2731,candidate-2731-péter-besenyei,Péter Besenyei,1956,PILOT,Hungary,M,15,51.37,https://en.wikipedia.org/?curid=6430698,unresearched,unverified_candidate,Ranked for research discovery; HPI is not evidence of early success.
2732,candidate-2732-kumar-sangakkara,Kumar Sangakkara,1977,CRICKETER,Sri Lanka,M,26,51.36,https://en.wikipedia.org/?curid=894369,unresearched,unverified_candidate,Ranked for research discovery; HPI is not evidence of early success.
2733,candidate-2733-nils-nilsson,Nils Nilsson,1936,HOCKEY PLAYER,Sweden,M,16,51.33,https://en.wikipedia.org/?curid=11296676,unresearched,unverified_candidate,Ranked for research discovery; HPI is not evidence of early success.
2734,candidate-2734-mirko-bašić,Mirko Bašić,1960,HANDBALL PLAYER,Croatia,M,17,51.32,https://en.wikipedia.org/?curid=11982192,unresearched,unverified_candidate,Ranked for research discovery; HPI is not evidence of early success.
2735,candidate-2735-ljubomir-vranjes,Ljubomir Vranjes,1973,HANDBALL PLAYER,Sweden,M,21,51.32,https://en.wikipedia.org/?curid=20812821,unresearched,unverified_candidate,Ranked for research discovery; HPI is not evidence of early success.
2736,candidate-2736-melisa-aslı-pamuk,Melisa Aslı Pamuk,1991,CELEBRITY,Netherlands,F,21,51.31,https://en.wikipedia.org/?curid=32075084,unresearched,unverified_candidate,Ranked for research discovery; HPI is not evidence of early success.
2737,candidate-2737-nirmal-purja,Nirmal Purja,1983,MOUNTAINEER,Nepal,M,30,51.30,https://en.wikipedia.org/?curid=60887613,unresearched,unverified_candidate,Ranked for research discovery; HPI is not evidence of early success.
2738,candidate-2738-kiril-lazarov,Kiril Lazarov,1980,HANDBALL PLAYER,North Macedonia,M,27,51.29,https://en.wikipedia.org/?curid=21167308,unresearched,unverified_candidate,Ranked for research discovery; HPI is not evidence of early success.
2739,candidate-2739-daniel-castellani,Daniel Castellani,1961,VOLLEYBALL PLAYER,Argentina,M,16,51.28,https://en.wikipedia.org/?curid=18527819,unresearched,unverified_candidate,Ranked for research discovery; HPI is not evidence of early success.
2740,candidate-2740-cristian-gațu,Cristian Gațu,1945,HANDBALL PLAYER,Romania,M,15,51.26,https://en.wikipedia.org/?curid=12707680,unresearched,unverified_candidate,Ranked for research discovery; HPI is not evidence of early success.
2741,candidate-2741-erik-lindh,Erik Lindh,1964,TABLE TENNIS PLAYER,Sweden,M,19,51.21,https://en.wikipedia.org/?curid=6813631,unresearched,unverified_candidate,Ranked for research discovery; HPI is not evidence of early success.
2742,candidate-2742-kyros-vassaras,Kyros Vassaras,1966,REFEREE,Greece,M,21,51.19,https://en.wikipedia.org/?curid=12461665,unresearched,unverified_candidate,Ranked for research discovery; HPI is not evidence of early success.
2743,candidate-2743-erez-tal,Erez Tal,1961,PRESENTER,Israel,M,22,51.17,https://en.wikipedia.org/?curid=11893344,unresearched,unverified_candidate,Ranked for research discovery; HPI is not evidence of early success.
2744,candidate-2744-bernie-geoffrion,Bernie Geoffrion,1931,HOCKEY PLAYER,Canada,M,15,51.16,https://en.wikipedia.org/?curid=349276,unresearched,unverified_candidate,Ranked for research discovery; HPI is not evidence of early success.
2745,candidate-2745-alexander-volkanovski,Alexander Volkanovski,1988,MARTIAL ARTS,Australia,M,26,51.16,https://en.wikipedia.org/?curid=54197580,unresearched,unverified_candidate,Ranked for research discovery; HPI is not evidence of early success.
2746,candidate-2746-vladimir-grbić,Vladimir Grbić,1970,VOLLEYBALL PLAYER,Serbia,M,20,51.14,https://en.wikipedia.org/?curid=3324172,unresearched,unverified_candidate,Ranked for research discovery; HPI is not evidence of early success.
2747,candidate-2747-kong-linghui,Kong Linghui,1975,TABLE TENNIS PLAYER,China,M,26,51.14,https://en.wikipedia.org/?curid=13094505,unresearched,unverified_candidate,Ranked for research discovery; HPI is not evidence of early success.
2748,candidate-2748-francois-botha,Francois Botha,1968,MARTIAL ARTS,South Africa,M,15,51.11,https://en.wikipedia.org/?curid=3114827,unresearched,unverified_candidate,Ranked for research discovery; HPI is not evidence of early success.
2749,candidate-2749-bassem-youssef,Bassem Youssef,1974,PRESENTER,Egypt,M,23,51.10,https://en.wikipedia.org/?curid=33240386,unresearched,unverified_candidate,Ranked for research discovery; HPI is not evidence of early success.
2750,candidate-2750-yves-rossy,Yves Rossy,1959,PILOT,Switzerland,M,20,51.10,https://en.wikipedia.org/?curid=8604266,unresearched,unverified_candidate,Ranked for research discovery; HPI is not evidence of early success.
2751,candidate-2751-petra-burka,Petra Burka,1946,SKATER,Netherlands,F,16,51.07,https://en.wikipedia.org/?curid=1554793,unresearched,unverified_candidate,Ranked for research discovery; HPI is not evidence of early success.
2752,candidate-2752-bjørg-eva-jensen,Bjørg Eva Jensen,1960,SKATER,Norway,F,20,51.07,https://en.wikipedia.org/?curid=4370820,unresearched,unverified_candidate,Ranked for research discovery; HPI is not evidence of early success.
2753,candidate-2753-regla-torres,Regla Torres,1975,VOLLEYBALL PLAYER,Cuba,F,24,51.06,https://en.wikipedia.org/?curid=18829431,unresearched,unverified_candidate,Ranked for research discovery; HPI is not evidence of early success.
2754,candidate-2754-djamel-haimoudi,Djamel Haimoudi,1970,REFEREE,Algeria,M,22,51.05,https://en.wikipedia.org/?curid=37038266,unresearched,unverified_candidate,Ranked for research discovery; HPI is not evidence of early success.
2755,candidate-2755-manny-ramirez,Manny Ramirez,1972,BASEBALL PLAYER,Dominican Republic,M,25,51.04,https://en.wikipedia.org/?curid=2188476,unresearched,unverified_candidate,Ranked for research discovery; HPI is not evidence of early success.
2756,candidate-2756-josé-aldo,José Aldo,1986,MARTIAL ARTS,Brazil,M,26,51.03,https://en.wikipedia.org/?curid=21231858,unresearched,unverified_candidate,Ranked for research discovery; HPI is not evidence of early success.
2757,candidate-2757-nawaf-shukralla,Nawaf Shukralla,1976,REFEREE,Bahrain,M,26,51.02,https://en.wikipedia.org/?curid=36344210,unresearched,unverified_candidate,Ranked for research discovery; HPI is not evidence of early success.
2758,candidate-2758-tomas-svensson,Tomas Svensson,1968,HANDBALL PLAYER,Sweden,F,22,50.93,https://en.wikipedia.org/?curid=18928989,unresearched,unverified_candidate,Ranked for research discovery; HPI is not evidence of early success.
2759,candidate-2759-kim-yeon-koung,Kim Yeon-koung,1988,VOLLEYBALL PLAYER,South Korea,F,21,50.92,https://en.wikipedia.org/?curid=31804969,unresearched,unverified_candidate,Ranked for research discovery; HPI is not evidence of early success.
2760,candidate-2760-he-pingping,He Pingping,1988,CELEBRITY,China,M,26,50.91,https://en.wikipedia.org/?curid=12259634,unresearched,unverified_candidate,Ranked for research discovery; HPI is not evidence of early success.
2761,candidate-2761-svetlana-kapanina,Svetlana Kapanina,1968,PILOT,Kazakhstan,F,16,50.85,https://en.wikipedia.org/?curid=9310738,unresearched,unverified_candidate,Ranked for research discovery; HPI is not evidence of early success.
2762,candidate-2762-pavle-jurina,Pavle Jurina,1954,HANDBALL PLAYER,,M,15,50.85,https://en.wikipedia.org/?curid=12675816,unresearched,unverified_candidate,Ranked for research discovery; HPI is not evidence of early success.
2763,candidate-2763-radu-voina,Radu Voina,1950,HANDBALL PLAYER,Romania,M,16,50.83,https://en.wikipedia.org/?curid=11303699,unresearched,unverified_candidate,Ranked for research discovery; HPI is not evidence of early success.
2764,candidate-2764-zhang-weili,Zhang Weili,1989,MARTIAL ARTS,China,F,19,50.83,https://en.wikipedia.org/?curid=60121510,unresearched,unverified_candidate,Ranked for research discovery; HPI is not evidence of early success.
2765,candidate-2765-mike-harrington,Mike Harrington,2000,GAME DESIGNER,,M,25,50.83,https://en.wikipedia.org/?curid=1756866,unresearched,unverified_candidate,Ranked for research discovery; HPI is not evidence of early success.
2766,candidate-2766-vitor-belfort,Vitor Belfort,1977,MARTIAL ARTS,Brazil,M,20,50.82,https://en.wikipedia.org/?curid=1111874,unresearched,unverified_candidate,Ranked for research discovery; HPI is not evidence of early success.
2767,candidate-2767-anja-andersen,Anja Andersen,1969,HANDBALL PLAYER,Denmark,F,36,50.80,https://en.wikipedia.org/?curid=331386,unresearched,unverified_candidate,Ranked for research discovery; HPI is not evidence of early success.
2768,candidate-2768-bennet-omalu,Bennet Omalu,1968,PHYSICIAN,Nigeria,M,18,50.79,https://en.wikipedia.org/?curid=35746799,unresearched,unverified_candidate,Ranked for research discovery; HPI is not evidence of early success.
2769,candidate-2769-zehra-güneş,Zehra Güneş,1999,VOLLEYBALL PLAYER,Türkiye,F,28,50.78,https://en.wikipedia.org/?curid=57657898,unresearched,unverified_candidate,Ranked for research discovery; HPI is not evidence of early success.
2770,candidate-2770-olivér-várhelyi,Olivér Várhelyi,1972,LAWYER,Hungary,M,19,50.77,https://en.wikipedia.org/?curid=62370293,unresearched,unverified_candidate,Ranked for research discovery; HPI is not evidence of early success.
2771,candidate-2771-irene-sáez,Irene Sáez,1961,CELEBRITY,,F,17,50.76,https://en.wikipedia.org/?curid=157187,unresearched,unverified_candidate,Ranked for research discovery; HPI is not evidence of early success.
2772,candidate-2772-dimitrij-ovtcharov,Dimitrij Ovtcharov,1988,TABLE TENNIS PLAYER,Ukraine,M,30,50.76,https://en.wikipedia.org/?curid=18920792,unresearched,unverified_candidate,Ranked for research discovery; HPI is not evidence of early success.
2773,candidate-2773-brett-hull,Brett Hull,1964,HOCKEY PLAYER,Canada,M,23,50.76,https://en.wikipedia.org/?curid=434907,unresearched,unverified_candidate,Ranked for research discovery; HPI is not evidence of early success.
2774,candidate-2774-vlado-šola,Vlado Šola,1968,HANDBALL PLAYER,Bosnia and Herzegovina,M,22,50.75,https://en.wikipedia.org/?curid=8096272,unresearched,unverified_candidate,Ranked for research discovery; HPI is not evidence of early success.
2775,candidate-2775-grażyna-gęsicka,Grażyna Gęsicka,1951,SOCIOLOGIST,Poland,F,17,50.75,https://en.wikipedia.org/?curid=7427188,unresearched,unverified_candidate,Ranked for research discovery; HPI is not evidence of early success.
2776,candidate-2776-peter-gade,Peter Gade,1976,BADMINTON PLAYER,Denmark,M,34,50.73,https://en.wikipedia.org/?curid=906935,unresearched,unverified_candidate,Ranked for research discovery; HPI is not evidence of early success.
2777,candidate-2777-jenni-dahlman,Jenni Dahlman,1981,CELEBRITY,Finland,F,19,50.71,https://en.wikipedia.org/?curid=4366298,unresearched,unverified_candidate,Ranked for research discovery; HPI is not evidence of early success.
2778,candidate-2778-nadia-hasnaoui,Nadia Hasnaoui,1963,PRESENTER,Morocco,F,22,50.69,https://en.wikipedia.org/?curid=26503556,unresearched,unverified_candidate,Ranked for research discovery; HPI is not evidence of early success.
2779,candidate-2779-kent-nilsson,Kent Nilsson,1956,HOCKEY PLAYER,Sweden,M,16,50.67,https://en.wikipedia.org/?curid=3547912,unresearched,unverified_candidate,Ranked for research discovery; HPI is not evidence of early success.
2780,candidate-2780-jerzy-klempel,Jerzy Klempel,1953,HANDBALL PLAYER,Poland,M,15,50.65,https://en.wikipedia.org/?curid=12717211,unresearched,unverified_candidate,Ranked for research discovery; HPI is not evidence of early success.
2781,candidate-2781-peter-fröjdfeldt,Peter Fröjdfeldt,1963,REFEREE,Sweden,M,18,50.65,https://en.wikipedia.org/?curid=9305321,unresearched,unverified_candidate,Ranked for research discovery; HPI is not evidence of early success.
2782,candidate-2782-salima-ikram,Salima Ikram,1965,ARCHAEOLOGIST,Pakistan,F,23,50.63,https://en.wikipedia.org/?curid=4323274,unresearched,unverified_candidate,Ranked for research discovery; HPI is not evidence of early success.
2783,candidate-2783-cris-cyborg,Cris Cyborg,1985,MARTIAL ARTS,Brazil,F,21,50.63,https://en.wikipedia.org/?curid=18373446,unresearched,unverified_candidate,Ranked for research discovery; HPI is not evidence of early success.
2784,candidate-2784-karel-neffe,Karel Neffe,1948,CELEBRITY,Czechia,M,17,50.59,https://en.wikipedia.org/?curid=21179528,unresearched,unverified_candidate,Ranked for research discovery; HPI is not evidence of early success.
2785,candidate-2785-danny-makkelie,Danny Makkelie,1983,REFEREE,Curaçao,M,26,50.58,https://en.wikipedia.org/?curid=40110770,unresearched,unverified_candidate,Ranked for research discovery; HPI is not evidence of early success.
2786,candidate-2786-sergey-dorenko,Sergey Dorenko,1959,PRESENTER,,M,18,50.54,https://en.wikipedia.org/?curid=11392520,unresearched,unverified_candidate,Ranked for research discovery; HPI is not evidence of early success.
2787,candidate-2787-alberto-undiano-mallenco,Alberto Undiano Mallenco,1973,REFEREE,Spain,M,27,50.54,https://en.wikipedia.org/?curid=12045058,unresearched,unverified_candidate,Ranked for research discovery; HPI is not evidence of early success.
2788,candidate-2788-finn-tveter,Finn Tveter,1947,LAWYER,Norway,M,18,50.54,https://en.wikipedia.org/?curid=17389121,unresearched,unverified_candidate,Ranked for research discovery; HPI is not evidence of early success.
2789,candidate-2789-park-joo-bong,Park Joo-bong,1964,BADMINTON PLAYER,South Korea,M,18,50.54,https://en.wikipedia.org/?curid=10813228,unresearched,unverified_candidate,Ranked for research discovery; HPI is not evidence of early success.
2790,candidate-2790-hongman-choi,Hongman Choi,1980,MARTIAL ARTS,South Korea,M,16,50.52,https://en.wikipedia.org/?curid=2922199,unresearched,unverified_candidate,Ranked for research discovery; HPI is not evidence of early success.
2791,candidate-2791-ana-rosa-quintana,Ana Rosa Quintana,1956,PRESENTER,Spain,F,16,50.52,https://en.wikipedia.org/?curid=14601718,unresearched,unverified_candidate,Ranked for research discovery; HPI is not evidence of early success.
2792,candidate-2792-jens-bergensten,Jens Bergensten,1979,GAME DESIGNER,Sweden,M,29,50.49,https://en.wikipedia.org/?curid=31245924,unresearched,unverified_candidate,Ranked for research discovery; HPI is not evidence of early success.
2793,candidate-2793-johan-andersson,Johan Andersson,1974,GAME DESIGNER,Sweden,M,17,50.45,https://en.wikipedia.org/?curid=1621145,unresearched,unverified_candidate,Ranked for research discovery; HPI is not evidence of early success.
2794,candidate-2794-muammar-z-a,Muammar Z.A.,1954,CELEBRITY,Indonesia,M,31,50.42,https://en.wikipedia.org/?curid=52957179,unresearched,unverified_candidate,Ranked for research discovery; HPI is not evidence of early success.
2795,candidate-2795-emilio-palma,Emilio Palma,1978,CELEBRITY,Antarctica,M,28,50.42,https://en.wikipedia.org/?curid=682470,unresearched,unverified_candidate,Ranked for research discovery; HPI is not evidence of early success.
2796,candidate-2796-cliff-thorburn,Cliff Thorburn,1948,SNOOKER,Canada,F,24,50.41,https://en.wikipedia.org/?curid=626663,unresearched,unverified_candidate,Ranked for research discovery; HPI is not evidence of early success.
2797,candidate-2797-esa-tikkanen,Esa Tikkanen,1965,HOCKEY PLAYER,Finland,M,18,50.34,https://en.wikipedia.org/?curid=1924629,unresearched,unverified_candidate,Ranked for research discovery; HPI is not evidence of early success.
2798,candidate-2798-elizabeth-mrema,Elizabeth Mrema,1957,LAWYER,Tanzania,F,16,50.32,https://en.wikipedia.org/?curid=64431575,unresearched,unverified_candidate,Ranked for research discovery; HPI is not evidence of early success.
2799,candidate-2799-daniel-narcisse,Daniel Narcisse,1979,HANDBALL PLAYER,Réunion,M,29,50.32,https://en.wikipedia.org/?curid=15541765,unresearched,unverified_candidate,Ranked for research discovery; HPI is not evidence of early success.
2800,candidate-2800-deng-yaping,Deng Yaping,1973,TABLE TENNIS PLAYER,China,F,27,50.31,https://en.wikipedia.org/?curid=526119,unresearched,unverified_candidate,Ranked for research discovery; HPI is not evidence of early success.
2801,candidate-2801-neil-druckmann,Neil Druckmann,1978,GAME DESIGNER,Israel,M,23,50.31,https://en.wikipedia.org/?curid=39746321,unresearched,unverified_candidate,Ranked for research discovery; HPI is not evidence of early success.
2802,candidate-2802-joel-aguilar,Joel Aguilar,1975,REFEREE,El Salvador,M,27,50.31,https://en.wikipedia.org/?curid=12039787,unresearched,unverified_candidate,Ranked for research discovery; HPI is not evidence of early success.
2803,candidate-2803-joo-sae-hyuk,Joo Sae-hyuk,1980,TABLE TENNIS PLAYER,South Korea,M,23,50.24,https://en.wikipedia.org/?curid=4166825,unresearched,unverified_candidate,Ranked for research discovery; HPI is not evidence of early success.
2804,candidate-2804-albert-pujols,Albert Pujols,1980,BASEBALL PLAYER,Dominican Republic,M,28,50.23,https://en.wikipedia.org/?curid=718196,unresearched,unverified_candidate,Ranked for research discovery; HPI is not evidence of early success.
2805,candidate-2805-ólafur-stefánsson,Ólafur Stefánsson,1973,HANDBALL PLAYER,Iceland,M,26,50.22,https://en.wikipedia.org/?curid=8951898,unresearched,unverified_candidate,Ranked for research discovery; HPI is not evidence of early success.
2806,candidate-2806-wang-hao,Wang Hao,1983,TABLE TENNIS PLAYER,China,M,28,50.16,https://en.wikipedia.org/?curid=3013019,unresearched,unverified_candidate,Ranked for research discovery; HPI is not evidence of early success.
2807,candidate-2807-joe-simpson,Joe Simpson,1960,MOUNTAINEER,Malaysia,M,18,50.16,https://en.wikipedia.org/?curid=546125,unresearched,unverified_candidate,Ranked for research discovery; HPI is not evidence of early success.
2808,candidate-2808-mark-hunt,Mark Hunt,1974,MARTIAL ARTS,New Zealand,M,16,50.12,https://en.wikipedia.org/?curid=1390968,unresearched,unverified_candidate,Ranked for research discovery; HPI is not evidence of early success.
2809,candidate-2809-lars-christiansen,Lars Christiansen,1972,HANDBALL PLAYER,Denmark,M,18,50.10,https://en.wikipedia.org/?curid=15511072,unresearched,unverified_candidate,Ranked for research discovery; HPI is not evidence of early success.
2810,candidate-2810-alexander-almetov,Alexander Almetov,1940,HOCKEY PLAYER,Ukraine,F,18,50.09,https://en.wikipedia.org/?curid=11059696,unresearched,unverified_candidate,Ranked for research discovery; HPI is not evidence of early success.
2811,candidate-2811-zhang-yining,Zhang Yining,1981,TABLE TENNIS PLAYER,China,F,29,50.07,https://en.wikipedia.org/?curid=2216228,unresearched,unverified_candidate,Ranked for research discovery; HPI is not evidence of early success.
2812,candidate-2812-emese-hunyady,Emese Hunyady,1966,SKATER,Hungary,F,21,50.02,https://en.wikipedia.org/?curid=4197649,unresearched,unverified_candidate,Ranked for research discovery; HPI is not evidence of early success.
2813,candidate-2813-al-lowe,Al Lowe,1946,GAME DESIGNER,,M,16,50.02,https://en.wikipedia.org/?curid=1153177,unresearched,unverified_candidate,Ranked for research discovery; HPI is not evidence of early success.
2814,candidate-2814-zhang-jike,Zhang Jike,1988,TABLE TENNIS PLAYER,China,M,32,49.96,https://en.wikipedia.org/?curid=28287372,unresearched,unverified_candidate,Ranked for research discovery; HPI is not evidence of early success.
2815,candidate-2815-jonas-eriksson,Jonas Eriksson,1974,REFEREE,Sweden,M,28,49.96,https://en.wikipedia.org/?curid=31292099,unresearched,unverified_candidate,Ranked for research discovery; HPI is not evidence of early success.
2816,candidate-2816-li-bun-hui,Li Bun-hui,1968,TABLE TENNIS PLAYER,North Korea,F,18,49.94,https://en.wikipedia.org/?curid=21055216,unresearched,unverified_candidate,Ranked for research discovery; HPI is not evidence of early success.
2817,candidate-2817-david-ortiz,David Ortiz,1975,BASEBALL PLAYER,Dominican Republic,M,24,49.91,https://en.wikipedia.org/?curid=738625,unresearched,unverified_candidate,Ranked for research discovery; HPI is not evidence of early success.
2818,candidate-2818-danijel-šarić,Danijel Šarić,1977,HANDBALL PLAYER,Bosnia and Herzegovina,M,21,49.88,https://en.wikipedia.org/?curid=26941216,unresearched,unverified_candidate,Ranked for research discovery; HPI is not evidence of early success.
2819,candidate-2819-mirza-džomba,Mirza Džomba,1977,HANDBALL PLAYER,Croatia,M,26,49.83,https://en.wikipedia.org/?curid=8648042,unresearched,unverified_candidate,Ranked for research discovery; HPI is not evidence of early success.
2820,candidate-2820-anders-nordström,Anders Nordström,1960,PHYSICIAN,,M,15,49.83,https://en.wikipedia.org/?curid=6002188,unresearched,unverified_candidate,Ranked for research discovery; HPI is not evidence of early success.
2821,candidate-2821-marco-fu,Marco Fu,1978,SNOOKER,Hong Kong,M,28,49.83,https://en.wikipedia.org/?curid=637029,unresearched,unverified_candidate,Ranked for research discovery; HPI is not evidence of early success.
2822,candidate-2822-liang-wudong,Liang Wudong,1959,PHYSICIAN,China,M,21,49.79,https://en.wikipedia.org/?curid=63360874,unresearched,unverified_candidate,Ranked for research discovery; HPI is not evidence of early success.
2823,candidate-2823-antonio-carlos-ortega,Antonio Carlos Ortega,1971,HANDBALL PLAYER,Spain,M,16,49.75,https://en.wikipedia.org/?curid=20845464,unresearched,unverified_candidate,Ranked for research discovery; HPI is not evidence of early success.
2824,candidate-2824-tommy-salo,Tommy Salo,1971,HOCKEY PLAYER,Sweden,M,19,49.74,https://en.wikipedia.org/?curid=2025705,unresearched,unverified_candidate,Ranked for research discovery; HPI is not evidence of early success.
2825,candidate-2825-kapil-dev,Kapil Dev,1959,CRICKETER,India,M,32,49.72,https://en.wikipedia.org/?curid=288197,unresearched,unverified_candidate,Ranked for research discovery; HPI is not evidence of early success.
2826,candidate-2826-didier-dinart,Didier Dinart,1977,HANDBALL PLAYER,Guadeloupe,M,26,49.68,https://en.wikipedia.org/?curid=2562039,unresearched,unverified_candidate,Ranked for research discovery; HPI is not evidence of early success.
2827,candidate-2827-joe-sakic,Joe Sakic,1969,HOCKEY PLAYER,Canada,M,27,49.64,https://en.wikipedia.org/?curid=436901,unresearched,unverified_candidate,Ranked for research discovery; HPI is not evidence of early success.
2828,candidate-2828-raimo-helminen,Raimo Helminen,1964,HOCKEY PLAYER,Finland,M,21,49.62,https://en.wikipedia.org/?curid=596525,unresearched,unverified_candidate,Ranked for research discovery; HPI is not evidence of early success.
2829,candidate-2829-tomasz-wójtowicz,Tomasz Wójtowicz,1953,VOLLEYBALL PLAYER,Poland,M,17,49.60,https://en.wikipedia.org/?curid=18266178,unresearched,unverified_candidate,Ranked for research discovery; HPI is not evidence of early success.
2830,candidate-2830-magnus-andersson,Magnus Andersson,1966,HANDBALL PLAYER,Sweden,M,19,49.60,https://en.wikipedia.org/?curid=20812634,unresearched,unverified_candidate,Ranked for research discovery; HPI is not evidence of early success.
2831,candidate-2831-iztok-puc,Iztok Puc,1966,HANDBALL PLAYER,Slovenia,F,22,49.58,https://en.wikipedia.org/?curid=21137045,unresearched,unverified_candidate,Ranked for research discovery; HPI is not evidence of early success.
2832,candidate-2832-peter-karlsson,Peter Karlsson,1969,TABLE TENNIS PLAYER,Sweden,M,18,49.56,https://en.wikipedia.org/?curid=941285,unresearched,unverified_candidate,Ranked for research discovery; HPI is not evidence of early success.
2833,candidate-2833-ola-lindgren,Ola Lindgren,1964,HANDBALL PLAYER,Sweden,M,21,49.56,https://en.wikipedia.org/?curid=20808480,unresearched,unverified_candidate,Ranked for research discovery; HPI is not evidence of early success.
2834,candidate-2834-kalinikos-kreanga,Kalinikos Kreanga,1972,TABLE TENNIS PLAYER,Romania,M,18,49.53,https://en.wikipedia.org/?curid=19298419,unresearched,unverified_candidate,Ranked for research discovery; HPI is not evidence of early success.
2835,candidate-2835-koman-coulibaly,Koman Coulibaly,1970,REFEREE,Mali,M,26,49.53,https://en.wikipedia.org/?curid=12156470,unresearched,unverified_candidate,Ranked for research discovery; HPI is not evidence of early success.
2836,candidate-2836-ulf-bengtsson,Ulf Bengtsson,1960,TABLE TENNIS PLAYER,Sweden,M,15,49.49,https://en.wikipedia.org/?curid=31330850,unresearched,unverified_candidate,Ranked for research discovery; HPI is not evidence of early success.
2837,candidate-2837-jerome-damon,Jerome Damon,1972,REFEREE,South Africa,M,25,49.46,https://en.wikipedia.org/?curid=8553123,unresearched,unverified_candidate,Ranked for research discovery; HPI is not evidence of early success.
2838,candidate-2838-pablo-pozo,Pablo Pozo,1973,REFEREE,Chile,M,25,49.42,https://en.wikipedia.org/?curid=20695328,unresearched,unverified_candidate,Ranked for research discovery; HPI is not evidence of early success.
2839,candidate-2839-erling-kagge,Erling Kagge,1963,EXPLORER,Norway,M,16,49.41,https://en.wikipedia.org/?curid=4145312,unresearched,unverified_candidate,Ranked for research discovery; HPI is not evidence of early success.
2840,candidate-2840-martin-hansson,Martin Hansson,1971,REFEREE,Sweden,M,26,49.40,https://en.wikipedia.org/?curid=12039869,unresearched,unverified_candidate,Ranked for research discovery; HPI is not evidence of early success.
2841,candidate-2841-carolina-marín,Carolina Marín,1993,BADMINTON PLAYER,Spain,F,40,49.37,https://en.wikipedia.org/?curid=27080118,unresearched,unverified_candidate,Ranked for research discovery; HPI is not evidence of early success.
2842,candidate-2842-pedro-martínez,Pedro Martínez,1971,BASEBALL PLAYER,Dominican Republic,M,17,49.36,https://en.wikipedia.org/?curid=24630,unresearched,unverified_candidate,Ranked for research discovery; HPI is not evidence of early success.
2843,candidate-2843-alan-budikusuma,Alan Budikusuma,1968,BADMINTON PLAYER,Indonesia,M,25,49.35,https://en.wikipedia.org/?curid=1641317,unresearched,unverified_candidate,Ranked for research discovery; HPI is not evidence of early success.
2844,candidate-2844-michael-hester,Michael Hester,1972,REFEREE,Australia,M,24,49.34,https://en.wikipedia.org/?curid=12489036,unresearched,unverified_candidate,Ranked for research discovery; HPI is not evidence of early success.
2845,candidate-2845-siarhei-tsikhanouski,Siarhei Tsikhanouski,1978,YOUTUBER,Belarus,M,25,49.34,https://en.wikipedia.org/?curid=64119467,unresearched,unverified_candidate,Ranked for research discovery; HPI is not evidence of early success.
2846,candidate-2846-ovidiu-hațegan,Ovidiu Hațegan,1980,REFEREE,Romania,M,27,49.34,https://en.wikipedia.org/?curid=36960670,unresearched,unverified_candidate,Ranked for research discovery; HPI is not evidence of early success.
2847,candidate-2847-penelope-coelen,Penelope Coelen,1940,CELEBRITY,South Africa,F,19,49.30,https://en.wikipedia.org/?curid=962226,unresearched,unverified_candidate,Ranked for research discovery; HPI is not evidence of early success.
2848,candidate-2848-xi-mingze,Xi Mingze,1992,CELEBRITY,China,F,18,49.28,https://en.wikipedia.org/?curid=37579367,unresearched,unverified_candidate,Ranked for research discovery; HPI is not evidence of early success.
2849,candidate-2849-thelma-aldana,Thelma Aldana,1955,LAWYER,Guatemala,F,18,49.26,https://en.wikipedia.org/?curid=51074076,unresearched,unverified_candidate,Ranked for research discovery; HPI is not evidence of early success.
2850,candidate-2850-martin-brodeur,Martin Brodeur,1972,HOCKEY PLAYER,Canada,M,27,49.22,https://en.wikipedia.org/?curid=333309,unresearched,unverified_candidate,Ranked for research discovery; HPI is not evidence of early success.
2851,candidate-2851-pilar-rubio,Pilar Rubio,1978,PRESENTER,Spain,F,15,49.22,https://en.wikipedia.org/?curid=23290445,unresearched,unverified_candidate,Ranked for research discovery; HPI is not evidence of early success.
2852,candidate-2852-samia-al-amoudi,Samia al-Amoudi,1957,PHYSICIAN,Saudi Arabia,F,20,49.22,https://en.wikipedia.org/?curid=38994172,unresearched,unverified_candidate,Ranked for research discovery; HPI is not evidence of early success.
2853,candidate-2853-hines-ward,Hines Ward,1976,AMERICAN FOOTBALL PLAYER,South Korea,M,16,49.21,https://en.wikipedia.org/?curid=1129656,unresearched,unverified_candidate,Ranked for research discovery; HPI is not evidence of early success.
2854,candidate-2854-miroslav-šatan,Miroslav Šatan,1974,HOCKEY PLAYER,Slovakia,M,18,49.18,https://en.wikipedia.org/?curid=1265447,unresearched,unverified_candidate,Ranked for research discovery; HPI is not evidence of early success.
2855,candidate-2855-nora-mørk,Nora Mørk,1991,HANDBALL PLAYER,Norway,F,31,49.16,https://en.wikipedia.org/?curid=29911597,unresearched,unverified_candidate,Ranked for research discovery; HPI is not evidence of early success.
2856,candidate-2856-richard-goldstone,Richard Goldstone,1938,JUDGE,South Africa,M,16,49.15,https://en.wikipedia.org/?curid=619655,unresearched,unverified_candidate,Ranked for research discovery; HPI is not evidence of early success.
2857,candidate-2857-jan-błachowicz,Jan Błachowicz,1983,MARTIAL ARTS,Poland,M,17,49.14,https://en.wikipedia.org/?curid=28667675,unresearched,unverified_candidate,Ranked for research discovery; HPI is not evidence of early success.
2858,candidate-2858-melissa-vargas,Melissa Vargas,1999,VOLLEYBALL PLAYER,Cuba,F,18,49.14,https://en.wikipedia.org/?curid=48028780,unresearched,unverified_candidate,Ranked for research discovery; HPI is not evidence of early success.
2859,candidate-2859-dmitry-muserskiy,Dmitry Muserskiy,1988,VOLLEYBALL PLAYER,Ukraine,M,25,49.10,https://en.wikipedia.org/?curid=36702040,unresearched,unverified_candidate,Ranked for research discovery; HPI is not evidence of early success.
2860,candidate-2860-taufik-hidayat,Taufik Hidayat,1981,BADMINTON PLAYER,Indonesia,M,30,49.06,https://en.wikipedia.org/?curid=906906,unresearched,unverified_candidate,Ranked for research discovery; HPI is not evidence of early success.
2861,candidate-2861-slobodan-kovač,Slobodan Kovač,1967,VOLLEYBALL PLAYER,Serbia,M,17,49.02,https://en.wikipedia.org/?curid=7363928,unresearched,unverified_candidate,Ranked for research discovery; HPI is not evidence of early success.
2862,candidate-2862-pelle-lindbergh,Pelle Lindbergh,1959,HOCKEY PLAYER,Sweden,M,16,49.01,https://en.wikipedia.org/?curid=2058800,unresearched,unverified_candidate,Ranked for research discovery; HPI is not evidence of early success.
2863,candidate-2863-ambiga-sreenevasan,Ambiga Sreenevasan,1956,LAWYER,Malaysia,F,17,49.01,https://en.wikipedia.org/?curid=25269842,unresearched,unverified_candidate,Ranked for research discovery; HPI is not evidence of early success.
2864,candidate-2864-petr-svoboda,Petr Svoboda,1966,HOCKEY PLAYER,Czechia,M,17,48.99,https://en.wikipedia.org/?curid=5628008,unresearched,unverified_candidate,Ranked for research discovery; HPI is not evidence of early success.
2865,candidate-2865-dayana-mendoza,Dayana Mendoza,1986,CELEBRITY,Venezuela,F,38,48.99,https://en.wikipedia.org/?curid=19323190,unresearched,unverified_candidate,Ranked for research discovery; HPI is not evidence of early success.
2866,candidate-2866-cristina-sánchez,Cristina Sánchez,1972,BULLFIGHTER,Spain,F,18,48.99,https://en.wikipedia.org/?curid=430334,unresearched,unverified_candidate,Ranked for research discovery; HPI is not evidence of early success.
2867,candidate-2867-igor-vori,Igor Vori,1980,HANDBALL PLAYER,Croatia,M,27,48.97,https://en.wikipedia.org/?curid=15543085,unresearched,unverified_candidate,Ranked for research discovery; HPI is not evidence of early success.
2868,candidate-2868-héctor-baldassi,Héctor Baldassi,1966,REFEREE,Argentina,M,26,48.91,https://en.wikipedia.org/?curid=18808015,unresearched,unverified_candidate,Ranked for research discovery; HPI is not evidence of early success.
2869,candidate-2869-regla-bell,Regla Bell,1970,VOLLEYBALL PLAYER,Cuba,F,18,48.89,https://en.wikipedia.org/?curid=13822303,unresearched,unverified_candidate,Ranked for research discovery; HPI is not evidence of early success.
2870,candidate-2870-žigmund-pálffy,Žigmund Pálffy,1972,HOCKEY PLAYER,Slovakia,M,17,48.88,https://en.wikipedia.org/?curid=676735,unresearched,unverified_candidate,Ranked for research discovery; HPI is not evidence of early success.
2871,candidate-2871-momir-rnić,Momir Rnić,1955,HANDBALL PLAYER,Serbia,M,19,48.86,https://en.wikipedia.org/?curid=12675925,unresearched,unverified_candidate,Ranked for research discovery; HPI is not evidence of early success.
2872,candidate-2872-cung-le,Cung Le,1972,MARTIAL ARTS,Vietnam,M,22,48.84,https://en.wikipedia.org/?curid=1146335,unresearched,unverified_candidate,Ranked for research discovery; HPI is not evidence of early success.
2873,candidate-2873-slavko-goluža,Slavko Goluža,1971,HANDBALL PLAYER,Bosnia and Herzegovina,M,24,48.84,https://en.wikipedia.org/?curid=7914405,unresearched,unverified_candidate,Ranked for research discovery; HPI is not evidence of early success.
2874,candidate-2874-héctor-lombard,Héctor Lombard,1978,MARTIAL ARTS,Cuba,M,15,48.83,https://en.wikipedia.org/?curid=14612640,unresearched,unverified_candidate,Ranked for research discovery; HPI is not evidence of early success.
2875,candidate-2875-abu-hamza-al-masri,Abu Hamza al-Masri,1958,MAFIOSO,Egypt,M,18,48.83,https://en.wikipedia.org/?curid=178894,unresearched,unverified_candidate,Ranked for research discovery; HPI is not evidence of early success.
2876,candidate-2876-ivan-miljković,Ivan Miljković,1979,VOLLEYBALL PLAYER,Serbia,M,22,48.78,https://en.wikipedia.org/?curid=3435698,unresearched,unverified_candidate,Ranked for research discovery; HPI is not evidence of early success.
2877,candidate-2877-seyran-ateş,Seyran Ateş,1963,LAWYER,Türkiye,F,17,48.76,https://en.wikipedia.org/?curid=5031575,unresearched,unverified_candidate,Ranked for research discovery; HPI is not evidence of early success.
2878,candidate-2878-sérgio-santos,Sérgio Santos,1975,VOLLEYBALL PLAYER,Brazil,M,26,48.75,https://en.wikipedia.org/?curid=12573183,unresearched,unverified_candidate,Ranked for research discovery; HPI is not evidence of early success.
2879,candidate-2879-dante-amaral,Dante Amaral,1980,VOLLEYBALL PLAYER,Brazil,M,24,48.75,https://en.wikipedia.org/?curid=10427468,unresearched,unverified_candidate,Ranked for research discovery; HPI is not evidence of early success.
2880,candidate-2880-matey-kaziyski,Matey Kaziyski,1984,VOLLEYBALL PLAYER,Bulgaria,M,22,48.74,https://en.wikipedia.org/?curid=13408308,unresearched,unverified_candidate,Ranked for research discovery; HPI is not evidence of early success.
2881,candidate-2881-mathias-gidsel,Mathias Gidsel,1999,HANDBALL PLAYER,Denmark,M,25,48.73,https://en.wikipedia.org/?curid=66442803,unresearched,unverified_candidate,Ranked for research discovery; HPI is not evidence of early success.
2882,candidate-2882-stefanía-fernández,Stefanía Fernández,1990,CELEBRITY,Venezuela,F,35,48.71,https://en.wikipedia.org/?curid=18684801,unresearched,unverified_candidate,Ranked for research discovery; HPI is not evidence of early success.
2883,candidate-2883-zdeno-chára,Zdeno Chára,1977,HOCKEY PLAYER,Slovakia,M,22,48.69,https://en.wikipedia.org/?curid=434827,unresearched,unverified_candidate,Ranked for research discovery; HPI is not evidence of early success.
2884,candidate-2884-paul-coffey,Paul Coffey,1961,HOCKEY PLAYER,Canada,M,18,48.68,https://en.wikipedia.org/?curid=586750,unresearched,unverified_candidate,Ranked for research discovery; HPI is not evidence of early success.
2885,candidate-2885-kārlis-skrastiņš,Kārlis Skrastiņš,1974,HOCKEY PLAYER,Latvia,M,21,48.68,https://en.wikipedia.org/?curid=570808,unresearched,unverified_candidate,Ranked for research discovery; HPI is not evidence of early success.
2886,candidate-2886-magaly-carvajal,Magaly Carvajal,1968,VOLLEYBALL PLAYER,Cuba,F,16,48.64,https://en.wikipedia.org/?curid=19150328,unresearched,unverified_candidate,Ranked for research discovery; HPI is not evidence of early success.
2887,candidate-2887-guðjón-valur-sigurðsson,Guðjón Valur Sigurðsson,1979,HANDBALL PLAYER,Iceland,M,26,48.64,https://en.wikipedia.org/?curid=18978801,unresearched,unverified_candidate,Ranked for research discovery; HPI is not evidence of early success.
2888,candidate-2888-barry-cunliffe,Barry Cunliffe,1939,ARCHAEOLOGIST,,M,18,48.64,https://en.wikipedia.org/?curid=210606,unresearched,unverified_candidate,Ranked for research discovery; HPI is not evidence of early success.
2889,candidate-2889-david-barrufet,David Barrufet,1970,HANDBALL PLAYER,Spain,M,23,48.63,https://en.wikipedia.org/?curid=10871144,unresearched,unverified_candidate,Ranked for research discovery; HPI is not evidence of early success.
2890,candidate-2890-the-korean-zombie,The Korean Zombie,1987,MARTIAL ARTS,South Korea,M,16,48.63,https://en.wikipedia.org/?curid=22064417,unresearched,unverified_candidate,Ranked for research discovery; HPI is not evidence of early success.
2891,candidate-2891-ximena-navarrete,Ximena Navarrete,1988,CELEBRITY,Mexico,F,35,48.57,https://en.wikipedia.org/?curid=24439896,unresearched,unverified_candidate,Ranked for research discovery; HPI is not evidence of early success.
2892,candidate-2892-ryu-seung-min,Ryu Seung-min,1982,TABLE TENNIS PLAYER,South Korea,M,25,48.57,https://en.wikipedia.org/?curid=3012641,unresearched,unverified_candidate,Ranked for research discovery; HPI is not evidence of early success.
2893,candidate-2893-maja-ognjenović,Maja Ognjenović,1984,VOLLEYBALL PLAYER,Serbia,F,20,48.55,https://en.wikipedia.org/?curid=16192674,unresearched,unverified_candidate,Ranked for research discovery; HPI is not evidence of early success.
2894,candidate-2894-david-dobrik,David Dobrik,1996,YOUTUBER,Slovakia,M,23,48.52,https://en.wikipedia.org/?curid=59547488,unresearched,unverified_candidate,Ranked for research discovery; HPI is not evidence of early success.
2895,candidate-2895-ramdev,Ramdev,1965,PRESENTER,India,M,26,48.51,https://en.wikipedia.org/?curid=2644439,unresearched,unverified_candidate,Ranked for research discovery; HPI is not evidence of early success.
2896,candidate-2896-ausra-fridrikas,Ausra Fridrikas,1967,HANDBALL PLAYER,Lithuania,F,17,48.50,https://en.wikipedia.org/?curid=14699854,unresearched,unverified_candidate,Ranked for research discovery; HPI is not evidence of early success.
2897,candidate-2897-alberto-nisman,Alberto Nisman,1963,LAWYER,Argentina,M,16,48.50,https://en.wikipedia.org/?curid=45118984,unresearched,unverified_candidate,Ranked for research discovery; HPI is not evidence of early success.
2898,candidate-2898-martin-st-louis,Martin St. Louis,1975,HOCKEY PLAYER,Canada,M,24,48.49,https://en.wikipedia.org/?curid=440032,unresearched,unverified_candidate,Ranked for research discovery; HPI is not evidence of early success.
2899,candidate-2899-andy-bathgate,Andy Bathgate,1932,HOCKEY PLAYER,Canada,M,16,48.48,https://en.wikipedia.org/?curid=539632,unresearched,unverified_candidate,Ranked for research discovery; HPI is not evidence of early success.
2900,candidate-2900-tijana-bošković,Tijana Bošković,1997,VOLLEYBALL PLAYER,Bosnia and Herzegovina,F,30,48.48,https://en.wikipedia.org/?curid=43957336,unresearched,unverified_candidate,Ranked for research discovery; HPI is not evidence of early success.
2901,candidate-2901-hyun-jung-hwa,Hyun Jung-hwa,1969,TABLE TENNIS PLAYER,South Korea,F,18,48.46,https://en.wikipedia.org/?curid=20980591,unresearched,unverified_candidate,Ranked for research discovery; HPI is not evidence of early success.
2902,candidate-2902-ding-junhui,Ding Junhui,1987,SNOOKER,China,M,32,48.44,https://en.wikipedia.org/?curid=457688,unresearched,unverified_candidate,Ranked for research discovery; HPI is not evidence of early success.
2903,candidate-2903-petteri-nummelin,Petteri Nummelin,1972,HOCKEY PLAYER,Finland,M,19,48.44,https://en.wikipedia.org/?curid=3327872,unresearched,unverified_candidate,Ranked for research discovery; HPI is not evidence of early success.
2904,candidate-2904-kim-taek-soo,Kim Taek-soo,1970,TABLE TENNIS PLAYER,South Korea,M,19,48.41,https://en.wikipedia.org/?curid=21001108,unresearched,unverified_candidate,Ranked for research discovery; HPI is not evidence of early success.
2905,candidate-2905-dragan-škrbić,Dragan Škrbić,1968,HANDBALL PLAYER,Serbia,M,16,48.40,https://en.wikipedia.org/?curid=15435536,unresearched,unverified_candidate,Ranked for research discovery; HPI is not evidence of early success.
2906,candidate-2906-oksana-shachko,Oksana Shachko,1987,ARTIST,Ukraine,F,25,48.39,https://en.wikipedia.org/?curid=39827590,unresearched,unverified_candidate,Ranked for research discovery; HPI is not evidence of early success.
2907,candidate-2907-jiang-jialiang,Jiang Jialiang,1964,TABLE TENNIS PLAYER,China,M,15,48.32,https://en.wikipedia.org/?curid=31823428,unresearched,unverified_candidate,Ranked for research discovery; HPI is not evidence of early success.
2908,candidate-2908-olli-jokinen,Olli Jokinen,1978,HOCKEY PLAYER,Finland,M,20,48.30,https://en.wikipedia.org/?curid=2840181,unresearched,unverified_candidate,Ranked for research discovery; HPI is not evidence of early success.
2909,candidate-2909-joël-abati,Joël Abati,1970,HANDBALL PLAYER,Martinique,M,21,48.30,https://en.wikipedia.org/?curid=2561316,unresearched,unverified_candidate,Ranked for research discovery; HPI is not evidence of early success.
2910,candidate-2910-roman-čechmánek,Roman Čechmánek,1971,HOCKEY PLAYER,Czechia,M,20,48.29,https://en.wikipedia.org/?curid=2440702,unresearched,unverified_candidate,Ranked for research discovery; HPI is not evidence of early success.
2911,candidate-2911-viktor-axelsen,Viktor Axelsen,1994,BADMINTON PLAYER,Denmark,M,37,48.25,https://en.wikipedia.org/?curid=29615237,unresearched,unverified_candidate,Ranked for research discovery; HPI is not evidence of early success.
2912,candidate-2912-jesús-gil-manzano,Jesús Gil Manzano,1984,REFEREE,Spain,M,18,48.24,https://en.wikipedia.org/?curid=40620326,unresearched,unverified_candidate,Ranked for research discovery; HPI is not evidence of early success.
2913,candidate-2913-ebru-timtik,Ebru Timtik,1978,LAWYER,,F,15,48.22,https://en.wikipedia.org/?curid=65142157,unresearched,unverified_candidate,Ranked for research discovery; HPI is not evidence of early success.
2914,candidate-2914-aafia-siddiqui,Aafia Siddiqui,1972,MAFIOSO,Pakistan,F,26,48.21,https://en.wikipedia.org/?curid=682195,unresearched,unverified_candidate,Ranked for research discovery; HPI is not evidence of early success.
2915,candidate-2915-leila-seth,Leila Seth,1930,JUDGE,India,F,16,48.21,https://en.wikipedia.org/?curid=1368070,unresearched,unverified_candidate,Ranked for research discovery; HPI is not evidence of early success.
2916,candidate-2916-vera-baboun,Vera Baboun,1964,,,F,15,48.20,https://en.wikipedia.org/?curid=38021017,unresearched,unverified_candidate,Ranked for research discovery; HPI is not evidence of early success.
2917,candidate-2917-michael-maze,Michael Maze,1981,TABLE TENNIS PLAYER,Denmark,M,23,48.18,https://en.wikipedia.org/?curid=917508,unresearched,unverified_candidate,Ranked for research discovery; HPI is not evidence of early success.
2918,candidate-2918-xqc,XQc,1995,GAMER,Canada,M,19,48.15,https://en.wikipedia.org/?curid=56868148,unresearched,unverified_candidate,Ranked for research discovery; HPI is not evidence of early success.
2919,candidate-2919-legna-verdecia,Legna Verdecia,1972,MARTIAL ARTS,Cuba,F,20,48.15,https://en.wikipedia.org/?curid=3385448,unresearched,unverified_candidate,Ranked for research discovery; HPI is not evidence of early success.
2920,candidate-2920-johnny-chan,Johnny Chan,1957,POKER PLAYER,China,M,17,48.11,https://en.wikipedia.org/?curid=923414,unresearched,unverified_candidate,Ranked for research discovery; HPI is not evidence of early success.
2921,candidate-2921-trevor-noah,Trevor Noah,1984,PRESENTER,South Africa,M,44,48.05,https://en.wikipedia.org/?curid=31491224,unresearched,unverified_candidate,Ranked for research discovery; HPI is not evidence of early success.
2922,candidate-2922-raúl-gonzález,Raúl González,1970,HANDBALL PLAYER,Spain,M,18,48.03,https://en.wikipedia.org/?curid=20832877,unresearched,unverified_candidate,Ranked for research discovery; HPI is not evidence of early success.
2923,candidate-2923-nikkietutorials,NikkieTutorials,1994,YOUTUBER,Netherlands,F,29,48.03,https://en.wikipedia.org/?curid=55918184,unresearched,unverified_candidate,Ranked for research discovery; HPI is not evidence of early success.
2924,candidate-2924-maria-bashir,Maria Bashir,1970,LAWYER,Afghanistan,F,21,48.02,https://en.wikipedia.org/?curid=32157696,unresearched,unverified_candidate,Ranked for research discovery; HPI is not evidence of early success.
2925,candidate-2925-narendra-dabholkar,Narendra Dabholkar,1945,PHYSICIAN,India,M,18,48.01,https://en.wikipedia.org/?curid=11974502,unresearched,unverified_candidate,Ranked for research discovery; HPI is not evidence of early success.
2926,candidate-2926-wang-nan,Wang Nan,1978,TABLE TENNIS PLAYER,China,F,24,48.01,https://en.wikipedia.org/?curid=4444887,unresearched,unverified_candidate,Ranked for research discovery; HPI is not evidence of early success.
2927,candidate-2927-salah-abdeslam,Salah Abdeslam,1989,MAFIOSO,Belgium,F,30,47.98,https://en.wikipedia.org/?curid=48561825,unresearched,unverified_candidate,Ranked for research discovery; HPI is not evidence of early success.
2928,candidate-2928-derek-muller,Derek Muller,1982,PRESENTER,Australia,M,17,47.96,https://en.wikipedia.org/?curid=40525317,unresearched,unverified_candidate,Ranked for research discovery; HPI is not evidence of early success.
2929,candidate-2929-peter-blangé,Peter Blangé,1964,VOLLEYBALL PLAYER,Netherlands,M,15,47.94,https://en.wikipedia.org/?curid=10536294,unresearched,unverified_candidate,Ranked for research discovery; HPI is not evidence of early success.
2930,candidate-2930-fan-zhendong,Fan Zhendong,1997,TABLE TENNIS PLAYER,China,F,27,47.89,https://en.wikipedia.org/?curid=42597185,unresearched,unverified_candidate,Ranked for research discovery; HPI is not evidence of early success.
2931,candidate-2931-aida-touma-suleiman,Aida Touma-Suleiman,1964,,Israel,F,15,47.88,https://en.wikipedia.org/?curid=46190932,unresearched,unverified_candidate,Ranked for research discovery; HPI is not evidence of early success.
2932,candidate-2932-julen-aguinagalde,Julen Aguinagalde,1982,HANDBALL PLAYER,Spain,M,26,47.85,https://en.wikipedia.org/?curid=34504375,unresearched,unverified_candidate,Ranked for research discovery; HPI is not evidence of early success.
2933,candidate-2933-gheorghe-dogărescu,Gheorghe Dogărescu,1960,HANDBALL PLAYER,Romania,M,15,47.84,https://en.wikipedia.org/?curid=11975576,unresearched,unverified_candidate,Ranked for research discovery; HPI is not evidence of early success.
2934,candidate-2934-heidi-løke,Heidi Løke,1982,HANDBALL PLAYER,Norway,F,26,47.84,https://en.wikipedia.org/?curid=20549644,unresearched,unverified_candidate,Ranked for research discovery; HPI is not evidence of early success.
2935,candidate-2935-amanda-nunes,Amanda Nunes,1988,MARTIAL ARTS,Brazil,F,26,47.83,https://en.wikipedia.org/?curid=30387040,unresearched,unverified_candidate,Ranked for research discovery; HPI is not evidence of early success.
2936,candidate-2936-maurício-rua,Maurício Rua,1981,MARTIAL ARTS,Brazil,M,20,47.82,https://en.wikipedia.org/?curid=3025201,unresearched,unverified_candidate,Ranked for research discovery; HPI is not evidence of early success.
2937,candidate-2937-bojana-popović,Bojana Popović,1979,HANDBALL PLAYER,Serbia,F,23,47.80,https://en.wikipedia.org/?curid=22229614,unresearched,unverified_candidate,Ranked for research discovery; HPI is not evidence of early success.
2938,candidate-2938-susi-susanti,Susi Susanti,1971,BADMINTON PLAYER,Indonesia,F,29,47.80,https://en.wikipedia.org/?curid=1166977,unresearched,unverified_candidate,Ranked for research discovery; HPI is not evidence of early success.
2939,candidate-2939-michel-ancel,Michel Ancel,1972,GAME DESIGNER,Monaco,M,19,47.79,https://en.wikipedia.org/?curid=1600316,unresearched,unverified_candidate,Ranked for research discovery; HPI is not evidence of early success.
2940,candidate-2940-wilfredo-león,Wilfredo León,1993,VOLLEYBALL PLAYER,Cuba,M,24,47.78,https://en.wikipedia.org/?curid=42669696,unresearched,unverified_candidate,Ranked for research discovery; HPI is not evidence of early success.
2941,candidate-2941-shane-warne,Shane Warne,1969,CRICKETER,Australia,M,42,47.73,https://en.wikipedia.org/?curid=22590160,unresearched,unverified_candidate,Ranked for research discovery; HPI is not evidence of early success.
2942,candidate-2942-katharine-hayhoe,Katharine Hayhoe,1972,POLITICAL SCIENTIST,Canada,F,18,47.72,https://en.wikipedia.org/?curid=40478304,unresearched,unverified_candidate,Ranked for research discovery; HPI is not evidence of early success.
2943,candidate-2943-thaísa-menezes,Thaísa Menezes,1987,VOLLEYBALL PLAYER,Brazil,F,24,47.70,https://en.wikipedia.org/?curid=19070586,unresearched,unverified_candidate,Ranked for research discovery; HPI is not evidence of early success.
2944,candidate-2944-wang-tao,Wang Tao,1967,TABLE TENNIS PLAYER,China,M,17,47.68,https://en.wikipedia.org/?curid=17720515,unresearched,unverified_candidate,Ranked for research discovery; HPI is not evidence of early success.
2945,candidate-2945-kim-moon-soo,Kim Moon-soo,1963,BADMINTON PLAYER,South Korea,M,17,47.65,https://en.wikipedia.org/?curid=10820748,unresearched,unverified_candidate,Ranked for research discovery; HPI is not evidence of early success.
2946,candidate-2946-tania-bruguera,Tania Bruguera,1968,ARTIST,Cuba,F,18,47.65,https://en.wikipedia.org/?curid=14167138,unresearched,unverified_candidate,Ranked for research discovery; HPI is not evidence of early success.
2947,candidate-2947-ana-fernández,Ana Fernández,1973,VOLLEYBALL PLAYER,Cuba,F,16,47.64,https://en.wikipedia.org/?curid=15288624,unresearched,unverified_candidate,Ranked for research discovery; HPI is not evidence of early success.
2948,candidate-2948-tina-kandelaki,Tina Kandelaki,1975,PRESENTER,Georgia,F,18,47.58,https://en.wikipedia.org/?curid=19433161,unresearched,unverified_candidate,Ranked for research discovery; HPI is not evidence of early success.
2949,candidate-2949-camilla-herrem,Camilla Herrem,1986,HANDBALL PLAYER,Norway,F,27,47.56,https://en.wikipedia.org/?curid=20549234,unresearched,unverified_candidate,Ranked for research discovery; HPI is not evidence of early success.
2950,candidate-2950-sandro-ricci,Sandro Ricci,1974,REFEREE,Brazil,M,24,47.55,https://en.wikipedia.org/?curid=38896523,unresearched,unverified_candidate,Ranked for research discovery; HPI is not evidence of early success.
2951,candidate-2951-jiao-zhimin,Jiao Zhimin,1963,TABLE TENNIS PLAYER,China,F,18,47.55,https://en.wikipedia.org/?curid=19033598,unresearched,unverified_candidate,Ranked for research discovery; HPI is not evidence of early success.
2952,candidate-2952-carlos-amarilla,Carlos Amarilla,1970,REFEREE,Paraguay,M,21,47.55,https://en.wikipedia.org/?curid=5524345,unresearched,unverified_candidate,Ranked for research discovery; HPI is not evidence of early success.
2953,candidate-2953-gökhan-saki,Gökhan Saki,1983,MARTIAL ARTS,Netherlands,M,16,47.54,https://en.wikipedia.org/?curid=18484452,unresearched,unverified_candidate,Ranked for research discovery; HPI is not evidence of early success.
2954,candidate-2954-rafael-aghayev,Rafael Aghayev,1985,MARTIAL ARTS,Azerbaijan,M,17,47.53,https://en.wikipedia.org/?curid=20876674,unresearched,unverified_candidate,Ranked for research discovery; HPI is not evidence of early success.
2955,candidate-2955-paweł-nastula,Paweł Nastula,1970,MARTIAL ARTS,Poland,M,19,47.52,https://en.wikipedia.org/?curid=4021442,unresearched,unverified_candidate,Ranked for research discovery; HPI is not evidence of early success.
2956,candidate-2956-hayat-sindi,Hayat Sindi,1967,PHYSICIAN,Saudi Arabia,F,20,47.52,https://en.wikipedia.org/?curid=34578712,unresearched,unverified_candidate,Ranked for research discovery; HPI is not evidence of early success.
2957,candidate-2957-yoon-kyung-shin,Yoon Kyung-shin,1973,HANDBALL PLAYER,South Korea,M,19,47.48,https://en.wikipedia.org/?curid=15433974,unresearched,unverified_candidate,Ranked for research discovery; HPI is not evidence of early success.
2958,candidate-2958-vladimir-alekno,Vladimir Alekno,1966,VOLLEYBALL PLAYER,Belarus,M,18,47.47,https://en.wikipedia.org/?curid=36703629,unresearched,unverified_candidate,Ranked for research discovery; HPI is not evidence of early success.
2959,candidate-2959-hans-lindberg,Hans Lindberg,1981,HANDBALL PLAYER,Denmark,M,23,47.45,https://en.wikipedia.org/?curid=15525897,unresearched,unverified_candidate,Ranked for research discovery; HPI is not evidence of early success.
2960,candidate-2960-marian-cozma,Marian Cozma,1982,HANDBALL PLAYER,Romania,M,20,47.43,https://en.wikipedia.org/?curid=21447225,unresearched,unverified_candidate,Ranked for research discovery; HPI is not evidence of early success.
2961,candidate-2961-lucy-aharish,Lucy Aharish,1981,PRESENTER,Israel,F,18,47.42,https://en.wikipedia.org/?curid=31406711,unresearched,unverified_candidate,Ranked for research discovery; HPI is not evidence of early success.
2962,candidate-2962-waldemar-legień,Waldemar Legień,1963,MARTIAL ARTS,Poland,M,20,47.41,https://en.wikipedia.org/?curid=10436197,unresearched,unverified_candidate,Ranked for research discovery; HPI is not evidence of early success.
2963,candidate-2963-vvs-laxman,VVS Laxman,1974,CRICKETER,India,M,17,47.41,https://en.wikipedia.org/?curid=305502,unresearched,unverified_candidate,Ranked for research discovery; HPI is not evidence of early success.
2964,candidate-2964-siarhei-rutenka,Siarhei Rutenka,1981,HANDBALL PLAYER,Belarus,M,22,47.35,https://en.wikipedia.org/?curid=1476671,unresearched,unverified_candidate,Ranked for research discovery; HPI is not evidence of early success.
2965,candidate-2965-xu-xin,Xu Xin,1990,TABLE TENNIS PLAYER,China,M,26,47.32,https://en.wikipedia.org/?curid=42497982,unresearched,unverified_candidate,Ranked for research discovery; HPI is not evidence of early success.
2966,candidate-2966-pavel-královec,Pavel Královec,1977,REFEREE,Czechia,F,20,47.26,https://en.wikipedia.org/?curid=32262046,unresearched,unverified_candidate,Ranked for research discovery; HPI is not evidence of early success.
2967,candidate-2967-alexander-gustafsson,Alexander Gustafsson,1987,MARTIAL ARTS,Sweden,M,20,47.25,https://en.wikipedia.org/?curid=22516845,unresearched,unverified_candidate,Ranked for research discovery; HPI is not evidence of early success.
2968,candidate-2968-nikolay-solodukhin,Nikolay Solodukhin,1955,MARTIAL ARTS,,M,18,47.24,https://en.wikipedia.org/?curid=15877666,unresearched,unverified_candidate,Ranked for research discovery; HPI is not evidence of early success.
2969,candidate-2969-janny-sikazwe,Janny Sikazwe,1979,REFEREE,Zambia,M,21,47.17,https://en.wikipedia.org/?curid=45293650,unresearched,unverified_candidate,Ranked for research discovery; HPI is not evidence of early success.
2970,candidate-2970-hugo-calderano,Hugo Calderano,1996,TABLE TENNIS PLAYER,Brazil,M,18,47.17,https://en.wikipedia.org/?curid=46550904,unresearched,unverified_candidate,Ranked for research discovery; HPI is not evidence of early success.
2971,candidate-2971-wei-qingguang,Wei Qingguang,1962,TABLE TENNIS PLAYER,China,M,16,47.13,https://en.wikipedia.org/?curid=18849071,unresearched,unverified_candidate,Ranked for research discovery; HPI is not evidence of early success.
2972,candidate-2972-mark-shield,Mark Shield,1973,REFEREE,Australia,M,22,47.10,https://en.wikipedia.org/?curid=4646277,unresearched,unverified_candidate,Ranked for research discovery; HPI is not evidence of early success.
2973,candidate-2973-patrik-ćavar,Patrik Ćavar,1971,HANDBALL PLAYER,Croatia,M,21,47.08,https://en.wikipedia.org/?curid=21136347,unresearched,unverified_candidate,Ranked for research discovery; HPI is not evidence of early success.
2974,candidate-2974-lee-chul-seung,Lee Chul-seung,1972,TABLE TENNIS PLAYER,South Korea,M,17,47.07,https://en.wikipedia.org/?curid=21012500,unresearched,unverified_candidate,Ranked for research discovery; HPI is not evidence of early success.
2975,candidate-2975-ahn-jae-hyung,Ahn Jae-hyung,1965,TABLE TENNIS PLAYER,South Korea,M,18,47.06,https://en.wikipedia.org/?curid=21000310,unresearched,unverified_candidate,Ranked for research discovery; HPI is not evidence of early success.
2976,candidate-2976-junior-dos-santos,Junior dos Santos,1984,MARTIAL ARTS,Brazil,M,20,47.05,https://en.wikipedia.org/?curid=19940888,unresearched,unverified_candidate,Ranked for research discovery; HPI is not evidence of early success.
2977,candidate-2977-ricardo-garcia,Ricardo Garcia,1975,VOLLEYBALL PLAYER,Brazil,M,16,47.03,https://en.wikipedia.org/?curid=21215617,unresearched,unverified_candidate,Ranked for research discovery; HPI is not evidence of early success.
2978,candidate-2978-yael-arad,Yael Arad,1967,MARTIAL ARTS,Israel,F,20,47.03,https://en.wikipedia.org/?curid=4438913,unresearched,unverified_candidate,Ranked for research discovery; HPI is not evidence of early success.
2979,candidate-2979-oh-seong-ok,Oh Seong-ok,1972,HANDBALL PLAYER,South Korea,F,17,46.97,https://en.wikipedia.org/?curid=13005450,unresearched,unverified_candidate,Ranked for research discovery; HPI is not evidence of early success.
2980,candidate-2980-bruno-rezende,Bruno Rezende,1986,VOLLEYBALL PLAYER,Brazil,M,23,46.95,https://en.wikipedia.org/?curid=19070485,unresearched,unverified_candidate,Ranked for research discovery; HPI is not evidence of early success.
2981,candidate-2981-prakash-padukone,Prakash Padukone,1955,BADMINTON PLAYER,India,M,22,46.94,https://en.wikipedia.org/?curid=1220321,unresearched,unverified_candidate,Ranked for research discovery; HPI is not evidence of early success.
2982,candidate-2982-mounir-fatmi,Mounir Fatmi,1970,ARTIST,Morocco,M,19,46.93,https://en.wikipedia.org/?curid=34484818,unresearched,unverified_candidate,Ranked for research discovery; HPI is not evidence of early success.
2983,candidate-2983-daniel-negreanu,Daniel Negreanu,1974,POKER PLAYER,Canada,M,22,46.87,https://en.wikipedia.org/?curid=1023585,unresearched,unverified_candidate,Ranked for research discovery; HPI is not evidence of early success.
2984,candidate-2984-mia-hermansson-högdahl,Mia Hermansson-Högdahl,1965,HANDBALL PLAYER,Sweden,F,16,46.87,https://en.wikipedia.org/?curid=14699724,unresearched,unverified_candidate,Ranked for research discovery; HPI is not evidence of early success.
2985,candidate-2985-artur-soares-dias,Artur Soares Dias,1979,REFEREE,Portugal,M,21,46.85,https://en.wikipedia.org/?curid=37251943,unresearched,unverified_candidate,Ranked for research discovery; HPI is not evidence of early success.
2986,candidate-2986-kang-jae-won,Kang Jae-won,1965,HANDBALL PLAYER,South Korea,M,16,46.78,https://en.wikipedia.org/?curid=15434796,unresearched,unverified_candidate,Ranked for research discovery; HPI is not evidence of early success.
2987,candidate-2987-alvaro-načinović,Alvaro Načinović,1966,HANDBALL PLAYER,Croatia,M,21,46.77,https://en.wikipedia.org/?curid=13054870,unresearched,unverified_candidate,Ranked for research discovery; HPI is not evidence of early success.
2988,candidate-2988-olha-stefanishyna,Olha Stefanishyna,1985,LAWYER,,F,23,46.77,https://en.wikipedia.org/?curid=64186699,unresearched,unverified_candidate,Ranked for research discovery; HPI is not evidence of early success.
2989,candidate-2989-ken-doherty,Ken Doherty,1969,SNOOKER,Ireland,M,29,46.76,https://en.wikipedia.org/?curid=445655,unresearched,unverified_candidate,Ranked for research discovery; HPI is not evidence of early success.
2990,candidate-2990-filip-jícha,Filip Jícha,1982,HANDBALL PLAYER,Czechia,M,28,46.76,https://en.wikipedia.org/?curid=30124272,unresearched,unverified_candidate,Ranked for research discovery; HPI is not evidence of early success.
2991,candidate-2991-kim-ki-taik,Kim Ki-taik,1962,TABLE TENNIS PLAYER,,M,17,46.75,https://en.wikipedia.org/?curid=21122573,unresearched,unverified_candidate,Ranked for research discovery; HPI is not evidence of early success.
2992,candidate-2992-aleksandr-tuchkin,Aleksandr Tuchkin,1964,,Ukraine,M,15,46.75,https://en.wikipedia.org/?curid=15560966,unresearched,unverified_candidate,Ranked for research discovery; HPI is not evidence of early success.
2993,candidate-2993-ravindra-jadeja,Ravindra Jadeja,1988,CRICKETER,India,M,23,46.72,https://en.wikipedia.org/?curid=4080673,unresearched,unverified_candidate,Ranked for research discovery; HPI is not evidence of early success.
2994,candidate-2994-marek-kamiński,Marek Kamiński,1964,EXPLORER,Poland,M,16,46.72,https://en.wikipedia.org/?curid=1027539,unresearched,unverified_candidate,Ranked for research discovery; HPI is not evidence of early success.
2995,candidate-2995-cristina-neagu,Cristina Neagu,1988,HANDBALL PLAYER,Romania,F,31,46.71,https://en.wikipedia.org/?curid=25005879,unresearched,unverified_candidate,Ranked for research discovery; HPI is not evidence of early success.
2996,candidate-2996-ding-ning,Ding Ning,1990,TABLE TENNIS PLAYER,China,F,30,46.68,https://en.wikipedia.org/?curid=28287501,unresearched,unverified_candidate,Ranked for research discovery; HPI is not evidence of early success.
2997,candidate-2997-zhu-ting,Zhu Ting,1994,VOLLEYBALL PLAYER,China,F,23,46.66,https://en.wikipedia.org/?curid=40635855,unresearched,unverified_candidate,Ranked for research discovery; HPI is not evidence of early success.
2998,candidate-2998-nazim-huseynov,Nazim Huseynov,1969,MARTIAL ARTS,Azerbaijan,F,22,46.66,https://en.wikipedia.org/?curid=15574369,unresearched,unverified_candidate,Ranked for research discovery; HPI is not evidence of early success.
2999,candidate-2999-enrique-cáceres,Enrique Cáceres,1974,REFEREE,Paraguay,M,17,46.60,https://en.wikipedia.org/?curid=39657419,unresearched,unverified_candidate,Ranked for research discovery; HPI is not evidence of early success.
3000,candidate-3000-osmany-juantorena,Osmany Juantorena,1985,VOLLEYBALL PLAYER,Cuba,M,25,46.59,https://en.wikipedia.org/?curid=30578852,unresearched,unverified_candidate,Ranked for research discovery; HPI is not evidence of early success.
