person_id,name,cohort_group,category,age_at_milestone,milestone_by_age_26,early_history_summary,primary_leverage_engine,normalized_primary_engine,secondary_engine,started_serious_reps_before_20_score,prior_reps_score,scarce_skill_depth_score,native_distribution_score,elite_ecosystem_network_score,complementary_team_score,structural_wave_score,concentration_intensity_score,capital_safety_score,domain_proximity_score,total_leverage_score,success_tier,leverage_evidence_confidence,family_context_summary,parent_family_domain_summary,early_family_financial_platform_support_score,parent_family_domain_advantage_score,inherited_audience_business_network_score,elite_institution_performance_pipeline_score,frontier_geography_ecosystem_score,rare_early_tools_facilities_score,dedicated_mentor_coach_tutor_score,exceptional_peer_cofounder_sibling_score,early_online_platform_community_score,direct_customer_domain_exposure_score,prodigy_physical_edge_score,adversity_constraint_catalyst_score,inherited_access_stack_count,exceptional_inherited_access_count,all_documented_early_condition_count,primary_early_advantage_archetype,primary_early_advantage_tags,evidence_summary,early_advantage_evidence_confidence,source_count,primary_source_url,source_urls_pipe,annotation_status,source_audit_status,data_version
bill-gates,Bill Gates,Founders / operators,Technology founder,20,Co-founded Microsoft and secured an early software deal for the Altair,"Programmed from age 13 at Lakeside, where unusually early computer access and a strong peer group let him accumulate thousands of hours before college.",Technical depth,Scarce technical / intellectual depth,Timing/platform wave,1,3,3,1,3,2,3,3,2,2,23,4,Medium,"Affluent, highly connected professional family; private Lakeside schooling and substantial educational latitude.",Parents were accomplished professionals; his mother had major civic/corporate networks and the family deliberately selected an unusually demanding school.,2,1,1,2,2,2,0,2,0,2,0,0,6,4,8,Inherited distribution/capital,"Rare tools/facilities, Frontier ecosystem, Family capital/safety, Elite peer/collaborator, Elite institution/pipeline","Programmed from age 13 at Lakeside, where unusually early computer access and a strong peer group let him accumulate thousands of hours before college. Family: Affluent, highly connected professional family; private Lakeside schooling and substantial educational latitude. Parents/family: Parents were accomplished professionals; his mother had major civic/corporate networks and the family deliberately selected an unusually demanding school.",Medium,3,https://en.wikipedia.org/wiki/Bill_Gates,https://en.wikipedia.org/wiki/Bill_Gates | https://www.gatesfoundation.org/ideas/speeches/2005/09/bill-gates-lakeside-school | https://achievement.org/achiever/william-h-gates-iii/,curated_interpretive_beta,not_independently_audited,0.1.0-beta
steve-jobs,Steve Jobs,Founders / operators,Technology founder,21,Co-founded Apple and began selling the Apple I,"Spent adolescence around Silicon Valley electronics culture, worked at Atari, attended the Homebrew Computer Club and partnered with Wozniak.",Product/design taste,Product / domain insight,Network + complementary cofounder,1,2,2,3,3,2,3,3,1,2,22,4,Medium,"Adoptive parents were working/middle class rather than wealthy, but committed to funding college and supported his interests.",His adoptive father was a machinist/mechanic who taught hands-on electronics and craftsmanship.,0,1,0,0,2,2,0,2,0,2,0,0,3,2,5,High-trust peer team,"Rare tools/facilities, Frontier ecosystem, Elite peer/collaborator, Direct domain exposure","Spent adolescence around Silicon Valley electronics culture, worked at Atari, attended the Homebrew Computer Club and partnered with Wozniak. Family: Adoptive parents were working/middle class rather than wealthy, but committed to funding college and supported his interests. Parents/family: His adoptive father was a machinist/mechanic who taught hands-on electronics and craftsmanship.",Medium,1,https://en.wikipedia.org/wiki/Steve_Jobs,https://en.wikipedia.org/wiki/Steve_Jobs,curated_interpretive_beta,not_independently_audited,0.1.0-beta
steve-wozniak,Steve Wozniak,Founders / operators,Engineer-founder,25,"Designed the Apple I, the core technical artifact behind Apple","Built electronics and computers for years as a hobby, worked at HP and developed unusually deep hardware design ability before Apple existed.",Technical depth,Scarce technical / intellectual depth,Complementary cofounder,1,3,3,0,2,2,3,3,1,2,20,4,Medium,Stable technical household in Silicon Valley.,His father was an electrical engineer who taught electronics and encouraged technical projects.,1,2,0,1,0,2,0,2,0,2,0,0,4,2,6,Family-domain apprenticeship,"Rare tools/facilities, Parent/domain knowledge, Elite peer/collaborator, Direct domain exposure","Built electronics and computers for years as a hobby, worked at HP and developed unusually deep hardware design ability before Apple existed. Family: Stable technical household in Silicon Valley. Parents/family: His father was an electrical engineer who taught electronics and encouraged technical projects.",Medium,1,https://en.wikipedia.org/wiki/Steve_Wozniak,https://en.wikipedia.org/wiki/Steve_Wozniak,curated_interpretive_beta,not_independently_audited,0.1.0-beta
michael-dell,Michael Dell,Founders / operators,Technology founder,19,Founded PC's Limited from his university dorm,"Took apart computers as a child, sold upgrade kits and saw that PCs could be sold directly to buyers at lower cost.",Sales/operations,Execution / operations,Lived customer insight,1,3,2,3,2,0,3,3,2,2,21,4,Medium,Comfortable professional household; parents were a physician and stockbroker.,"Family exposed him to professional discipline, markets, and business.",1,1,0,0,0,1,0,0,0,2,0,0,3,0,4,Self-created domain repetition,"Direct domain exposure, Rare tools/facilities, Parent/domain knowledge, Family capital/safety","Took apart computers as a child, sold upgrade kits and saw that PCs could be sold directly to buyers at lower cost. Family: Comfortable professional household; parents were a physician and stockbroker. Parents/family: Family exposed him to professional discipline, markets, and business.",Medium,1,https://en.wikipedia.org/wiki/Michael_Dell,https://en.wikipedia.org/wiki/Michael_Dell,curated_interpretive_beta,not_independently_audited,0.1.0-beta
mark-zuckerberg,Mark Zuckerberg,Founders / operators,Technology founder,19,Launched Facebook at Harvard,"Programmed from childhood, built multiple social and communication tools, and launched inside a dense, high-status campus network.",Technical product execution,Scarce technical / intellectual depth,Native distribution,1,3,3,3,3,2,3,3,2,2,25,4,Medium,Comfortable professional household with private-school access and resources for tutoring.,"His father introduced programming, bought a home computer and hired a software tutor; graduate coursework followed while he was in school.",1,2,0,2,2,2,2,2,0,2,0,0,6,5,8,Family-domain apprenticeship,"Rare tools/facilities, Parent/domain knowledge, Frontier ecosystem, Elite peer/collaborator, Elite institution/pipeline","Programmed from childhood, built multiple social and communication tools, and launched inside a dense, high-status campus network. Family: Comfortable professional household with private-school access and resources for tutoring. Parents/family: His father introduced programming, bought a home computer and hired a software tutor; graduate coursework followed while he was in school.",Medium,2,https://en.wikipedia.org/wiki/Mark_Zuckerberg,https://en.wikipedia.org/wiki/Mark_Zuckerberg | https://www.newyorker.com/magazine/2010/09/20/the-face-of-facebook,curated_interpretive_beta,not_independently_audited,0.1.0-beta
dustin-moskovitz,Dustin Moskovitz,Founders / operators,Technology founder,19,Co-founded Facebook and led early engineering/operations,Harvard roommate network gave him direct access to Zuckerberg and the initial campus market; he left college to scale the company.,Execution/operations,Execution / operations,Network + cofounder,0,1,2,2,3,2,3,3,2,2,20,4,Medium,Stable professional family and access to Harvard.,No directly relevant parental domain advantage established.,1,0,0,2,2,0,0,2,0,2,0,0,3,2,5,Institutional ecosystem acceleration,"Frontier ecosystem, Elite peer/collaborator, Elite institution/pipeline, Direct domain exposure",Harvard roommate network gave him direct access to Zuckerberg and the initial campus market; he left college to scale the company. Family: Stable professional family and access to Harvard. Parents/family: No directly relevant parental domain advantage established.,Medium,1,https://en.wikipedia.org/wiki/Dustin_Moskovitz,https://en.wikipedia.org/wiki/Dustin_Moskovitz,curated_interpretive_beta,not_independently_audited,0.1.0-beta
eduardo-saverin,Eduardo Saverin,Founders / operators,Technology founder,21,Co-founded and initially financed Facebook,"Harvard network, business experience and personal capital complemented the technical founders during the earliest stage.",Capital/network,Network / capital,Business execution,0,1,1,2,3,2,3,2,2,1,17,4,Medium,Wealthy business family and personal capital available at Facebook's earliest stage.,Family/business background and his own investing experience supplied commercial fluency.,2,1,1,2,2,0,0,2,0,1,0,0,5,3,7,Inherited distribution/capital,"Frontier ecosystem, Family capital/safety, Elite peer/collaborator, Elite institution/pipeline","Harvard network, business experience and personal capital complemented the technical founders during the earliest stage. Family: Wealthy business family and personal capital available at Facebook's earliest stage. Parents/family: Family/business background and his own investing experience supplied commercial fluency.",Medium,1,https://en.wikipedia.org/wiki/Eduardo_Saverin,https://en.wikipedia.org/wiki/Eduardo_Saverin,curated_interpretive_beta,not_independently_audited,0.1.0-beta
sean-parker,Sean Parker,Founders / operators,Technology founder,19,Co-founded Napster and later became a key early Facebook operator,"Hacked and programmed as a teenager, built a reputation online and accumulated startup/network experience unusually early.",Network/distribution,Distribution / audience,Prior reps,1,3,2,3,3,2,3,3,1,2,23,4,Medium,No major family-capital advantage established; unusual early internet access and autonomy mattered more.,His father taught him programming when he was young.,0,1,0,0,0,0,0,2,1,2,0,0,1,0,4,High-trust peer team,"Elite peer/collaborator, Direct domain exposure, Parent/domain knowledge, Early platform/community","Hacked and programmed as a teenager, built a reputation online and accumulated startup/network experience unusually early. Family: No major family-capital advantage established; unusual early internet access and autonomy mattered more. Parents/family: His father taught him programming when he was young.",Medium,1,https://en.wikipedia.org/wiki/Sean_Parker,https://en.wikipedia.org/wiki/Sean_Parker,curated_interpretive_beta,not_independently_audited,0.1.0-beta
shawn-fanning,Shawn Fanning,Founders / operators,Technology founder,18,Created Napster,Learned programming early and built the product around a direct pain: finding and sharing music files.,Technical product insight,Scarce technical / intellectual depth,Timing/platform wave,1,2,3,3,2,2,3,3,1,2,22,4,Medium,No major family-capital advantage established.,An uncle provided a computer and helped cultivate programming/networking interests.,0,1,0,0,0,1,0,2,0,2,0,0,2,0,4,High-trust peer team,"Elite peer/collaborator, Direct domain exposure, Rare tools/facilities, Parent/domain knowledge",Learned programming early and built the product around a direct pain: finding and sharing music files. Family: No major family-capital advantage established. Parents/family: An uncle provided a computer and helped cultivate programming/networking interests.,Medium,1,https://en.wikipedia.org/wiki/Shawn_Fanning,https://en.wikipedia.org/wiki/Shawn_Fanning,curated_interpretive_beta,not_independently_audited,0.1.0-beta
marc-andreessen,Marc Andreessen,Founders / operators,Engineer-founder,22,"Co-created Mosaic, then co-founded Netscape at 23","Worked at the University of Illinois NCSA, where institutional infrastructure and the early web gave him a frontier technical environment.",Technical depth,Scarce technical / intellectual depth,Timing/platform wave,1,2,3,2,3,2,3,3,1,2,22,4,Medium,Rural Midwestern upbringing; no major family-capital advantage established.,No directly relevant parental domain advantage established.,0,0,0,2,2,2,0,2,0,2,0,0,3,3,5,Institutional ecosystem acceleration,"Rare tools/facilities, Frontier ecosystem, Elite peer/collaborator, Elite institution/pipeline, Direct domain exposure","Worked at the University of Illinois NCSA, where institutional infrastructure and the early web gave him a frontier technical environment. Family: Rural Midwestern upbringing; no major family-capital advantage established. Parents/family: No directly relevant parental domain advantage established.",Medium,1,https://en.wikipedia.org/wiki/Marc_Andreessen,https://en.wikipedia.org/wiki/Marc_Andreessen,curated_interpretive_beta,not_independently_audited,0.1.0-beta
larry-page,Larry Page,Founders / operators,Technology founder,25,Co-founded Google from Stanford research,"Entered Stanford's PhD ecosystem, investigated the link structure of the web and converted a research idea into PageRank with Brin.",Research/intellectual synthesis,Scarce technical / intellectual depth,Elite ecosystem,1,2,3,1,3,2,3,3,2,2,22,4,Medium,Academically privileged professional household with early home-computer access.,Father was a computer-science/AI professor and mother taught programming; the home contained computers and technical literature.,1,2,0,2,2,2,0,2,0,2,0,0,5,4,7,Family-domain apprenticeship,"Rare tools/facilities, Parent/domain knowledge, Frontier ecosystem, Elite peer/collaborator, Elite institution/pipeline","Entered Stanford's PhD ecosystem, investigated the link structure of the web and converted a research idea into PageRank with Brin. Family: Academically privileged professional household with early home-computer access. Parents/family: Father was a computer-science/AI professor and mother taught programming; the home contained computers and technical literature.",Medium,2,https://en.wikipedia.org/wiki/Larry_Page,https://en.wikipedia.org/wiki/Larry_Page | https://achievement.org/achiever/larry-page/,curated_interpretive_beta,not_independently_audited,0.1.0-beta
sergey-brin,Sergey Brin,Founders / operators,Technology founder,25,Co-founded Google and developed PageRank/search infrastructure,Strong mathematics/computer science background and Stanford PhD access paired him with Page on a high-value research problem.,Research/technical depth,Scarce technical / intellectual depth,Complementary cofounder,1,2,3,1,3,2,3,3,2,2,22,4,Medium,Highly educated scientific immigrant family with stable academic support after migration.,Father was a mathematics professor and mother a researcher; strong mathematical culture and tutoring.,1,2,0,2,2,1,0,2,0,2,1,0,6,3,8,Family-domain apprenticeship,"Parent/domain knowledge, Frontier ecosystem, Elite peer/collaborator, Elite institution/pipeline, Direct domain exposure",Strong mathematics/computer science background and Stanford PhD access paired him with Page on a high-value research problem. Family: Highly educated scientific immigrant family with stable academic support after migration. Parents/family: Father was a mathematics professor and mother a researcher; strong mathematical culture and tutoring.,Medium,1,https://en.wikipedia.org/wiki/Sergey_Brin,https://en.wikipedia.org/wiki/Sergey_Brin,curated_interpretive_beta,not_independently_audited,0.1.0-beta
jerry-yang,Jerry Yang,Founders / operators,Technology founder,25,Co-created Yahoo as an early web directory,"Built the directory while at Stanford, at a moment when web navigation was unsolved and user demand was exploding.",Product curation/distribution,Distribution / audience,Timing/platform wave,0,1,2,3,3,2,3,3,2,2,21,4,Medium,Immigrant family; no major financial advantage established.,No directly relevant parental domain advantage established.,0,0,0,2,2,0,0,2,0,2,0,0,2,2,4,Institutional ecosystem acceleration,"Frontier ecosystem, Elite peer/collaborator, Elite institution/pipeline, Direct domain exposure","Built the directory while at Stanford, at a moment when web navigation was unsolved and user demand was exploding. Family: Immigrant family; no major financial advantage established. Parents/family: No directly relevant parental domain advantage established.",Medium,1,https://en.wikipedia.org/wiki/Jerry_Yang,https://en.wikipedia.org/wiki/Jerry_Yang,curated_interpretive_beta,not_independently_audited,0.1.0-beta
elon-musk,Elon Musk,Founders / operators,Technology founder,24,Co-founded Zip2,"Taught himself programming early, sold a game as a child, moved toward the internet ecosystem and worked with extreme intensity.",Technical-commercial intensity,Scarce technical / intellectual depth,Timing/platform wave,1,3,2,2,2,2,3,3,1,2,21,4,Medium,"Professional family and computer access; claims of extraordinary inherited wealth are disputed, so this is not scored as major wealth.",Father had engineering experience; mother had a professional career and supported mobility.,1,1,0,0,1,0,0,2,0,2,0,0,3,0,5,High-trust peer team,"Elite peer/collaborator, Direct domain exposure, Parent/domain knowledge, Frontier ecosystem","Taught himself programming early, sold a game as a child, moved toward the internet ecosystem and worked with extreme intensity. Family: Professional family and computer access; claims of extraordinary inherited wealth are disputed, so this is not scored as major wealth. Parents/family: Father had engineering experience; mother had a professional career and supported mobility.",Medium,1,https://en.wikipedia.org/wiki/Elon_Musk,https://en.wikipedia.org/wiki/Elon_Musk,curated_interpretive_beta,not_independently_audited,0.1.0-beta
max-levchin,Max Levchin,Founders / operators,Technology founder,23,"Co-founded Confinity, which became PayPal","Developed deep cryptography/security skills, attempted prior companies and entered Silicon Valley's emerging internet-payments network.",Technical depth,Scarce technical / intellectual depth,Prior reps + network,1,3,3,1,3,2,3,3,1,2,22,4,Medium,Immigrant transition from the Soviet Union with family disruption; no major early capital advantage.,"Scientifically educated family environment, though the decisive advantage became self-built cryptography expertise.",0,1,0,0,2,0,0,2,0,2,1,2,3,1,6,Constraint-driven self-creation,"Frontier ecosystem, Elite peer/collaborator, Direct domain exposure, Constraint-driven urgency","Developed deep cryptography/security skills, attempted prior companies and entered Silicon Valley's emerging internet-payments network. Family: Immigrant transition from the Soviet Union with family disruption; no major early capital advantage. Parents/family: Scientifically educated family environment, though the decisive advantage became self-built cryptography expertise.",Medium,1,https://en.wikipedia.org/wiki/Max_Levchin,https://en.wikipedia.org/wiki/Max_Levchin,curated_interpretive_beta,not_independently_audited,0.1.0-beta
tony-hsieh,Tony Hsieh,Founders / operators,Technology founder,24,Sold LinkExchange to Microsoft,"Built web projects at Harvard, used aggressive online distribution and formed a strong technical/business peer network.",Distribution/sales,Distribution / audience,Elite network,1,2,2,3,3,2,3,3,1,2,22,4,Medium,Stable professional immigrant household and Harvard access.,Parents were highly education-oriented professionals.,1,1,0,2,2,1,0,2,1,2,0,0,5,2,8,Institutional ecosystem acceleration,"Frontier ecosystem, Elite peer/collaborator, Elite institution/pipeline, Direct domain exposure","Built web projects at Harvard, used aggressive online distribution and formed a strong technical/business peer network. Family: Stable professional immigrant household and Harvard access. Parents/family: Parents were highly education-oriented professionals.",Medium,1,https://en.wikipedia.org/wiki/Tony_Hsieh,https://en.wikipedia.org/wiki/Tony_Hsieh,curated_interpretive_beta,not_independently_audited,0.1.0-beta
garrett-camp,Garrett Camp,Founders / operators,Technology founder,24,Co-founded StumbleUpon,"Created a discovery product while in graduate school, combining algorithmic product thinking with the early-web discovery problem.",Product/technical insight,Scarce technical / intellectual depth,Timing/platform wave,1,2,3,2,2,2,3,3,1,2,21,3,Medium,Not established in the reviewed public biography.,No directly relevant parental/domain advantage established in the reviewed source.,0,0,0,1,0,0,0,2,0,2,0,0,1,0,3,High-trust peer team,"Elite peer/collaborator, Direct domain exposure, Elite institution/pipeline","Created a discovery product while in graduate school, combining algorithmic product thinking with the early-web discovery problem.",Medium,1,https://en.wikipedia.org/wiki/Garrett_Camp,https://en.wikipedia.org/wiki/Garrett_Camp,curated_interpretive_beta,not_independently_audited,0.1.0-beta
aaron-levie,Aaron Levie,Founders / operators,Technology founder,19,Co-founded Box,"Built websites and small businesses as a teenager, then pursued cloud file sharing after observing enterprise collaboration pain.",Sales/product execution,Product / domain insight,Timing/platform wave,1,3,2,3,2,2,3,3,1,2,22,4,Medium,Not established in the reviewed public biography.,No directly relevant parental/domain advantage established in the reviewed source.,0,0,0,0,0,1,0,2,0,2,0,0,1,0,3,High-trust peer team,"Elite peer/collaborator, Direct domain exposure, Rare tools/facilities","Built websites and small businesses as a teenager, then pursued cloud file sharing after observing enterprise collaboration pain.",Medium,1,https://en.wikipedia.org/wiki/Aaron_Levie,https://en.wikipedia.org/wiki/Aaron_Levie,curated_interpretive_beta,not_independently_audited,0.1.0-beta
dylan-smith,Dylan Smith,Founders / operators,Technology founder,19,Co-founded Box and became CFO,Longstanding friendship with Levie and complementary financial/operating capability enabled an unusually young founding team.,Operations/finance,Execution / operations,Complementary cofounder,1,1,1,1,2,2,3,3,1,1,16,4,Medium,Not established in the reviewed public biography.,No directly relevant parental/domain advantage established in the reviewed source.,0,0,0,0,0,0,0,2,0,1,0,0,0,0,2,High-trust peer team,"Elite peer/collaborator, Direct domain exposure",Longstanding friendship with Levie and complementary financial/operating capability enabled an unusually young founding team.,Medium,1,https://en.wikipedia.org/wiki/Dylan_Smith,https://en.wikipedia.org/wiki/Dylan_Smith,curated_interpretive_beta,not_independently_audited,0.1.0-beta
alexis-ohanian,Alexis Ohanian,Founders / operators,Technology founder,22,Co-founded Reddit through Y Combinator,"Met Huffman at university, applied to YC, accepted a pivot and focused on building an initial community.",Community/distribution,Distribution / audience,Accelerator network,0,2,1,3,3,2,3,3,1,2,20,4,Medium,Not established in the reviewed public biography.,No directly relevant parental/domain advantage established in the reviewed source.,0,0,0,1,0,0,0,2,1,2,0,0,1,0,4,High-trust peer team,"Elite peer/collaborator, Direct domain exposure, Elite institution/pipeline, Early platform/community","Met Huffman at university, applied to YC, accepted a pivot and focused on building an initial community.",Medium,1,https://en.wikipedia.org/wiki/Alexis_Ohanian,https://en.wikipedia.org/wiki/Alexis_Ohanian,curated_interpretive_beta,not_independently_audited,0.1.0-beta
steve-huffman,Steve Huffman,Founders / operators,Technology founder,22,Built Reddit as co-founder,"Programmed from childhood, studied computer science and paired with Ohanian inside YC.",Technical execution,Scarce technical / intellectual depth,Complementary distribution cofounder,1,2,3,1,3,2,3,3,1,2,21,4,Medium,Not established in the reviewed public biography.,No directly relevant parental/domain advantage established in the reviewed source.,0,0,0,1,0,1,0,2,0,2,0,0,2,0,4,High-trust peer team,"Elite peer/collaborator, Direct domain exposure, Rare tools/facilities, Elite institution/pipeline","Programmed from childhood, studied computer science and paired with Ohanian inside YC.",Medium,1,https://en.wikipedia.org/wiki/Steve_Huffman,https://en.wikipedia.org/wiki/Steve_Huffman,curated_interpretive_beta,not_independently_audited,0.1.0-beta
sam-altman,Sam Altman,Founders / operators,Technology founder,19,Co-founded Loopt and entered Y Combinator,"Learned programming young, attended Stanford and gained extraordinary network access through YC despite Loopt's eventual limits.",Network/capital formation,Network / capital,Technical product,1,2,2,2,3,2,3,3,2,2,22,3,Medium,Comfortable professional household and elite private-school/Stanford access.,No directly relevant parental technical or startup expertise established.,1,0,0,2,2,0,0,2,0,2,0,0,3,2,5,Institutional ecosystem acceleration,"Frontier ecosystem, Elite peer/collaborator, Elite institution/pipeline, Direct domain exposure","Learned programming young, attended Stanford and gained extraordinary network access through YC despite Loopt's eventual limits. Family: Comfortable professional household and elite private-school/Stanford access. Parents/family: No directly relevant parental technical or startup expertise established.",Medium,1,https://en.wikipedia.org/wiki/Sam_Altman,https://en.wikipedia.org/wiki/Sam_Altman,curated_interpretive_beta,not_independently_audited,0.1.0-beta
drew-houston,Drew Houston,Founders / operators,Technology founder,24,Co-founded Dropbox and entered YC,"Programmed from childhood, built multiple startups and created Dropbox after repeatedly experiencing file-sync pain.",Technical product insight,Scarce technical / intellectual depth,Prior reps,1,3,3,2,3,2,3,3,1,2,23,4,Medium,Stable professional household with early computer access.,Father was an electrical engineer and supported early computing.,1,1,0,2,2,2,0,2,0,2,0,0,5,3,7,Institutional ecosystem acceleration,"Rare tools/facilities, Frontier ecosystem, Elite peer/collaborator, Elite institution/pipeline, Direct domain exposure","Programmed from childhood, built multiple startups and created Dropbox after repeatedly experiencing file-sync pain. Family: Stable professional household with early computer access. Parents/family: Father was an electrical engineer and supported early computing.",Medium,1,https://en.wikipedia.org/wiki/Drew_Houston,https://en.wikipedia.org/wiki/Drew_Houston,curated_interpretive_beta,not_independently_audited,0.1.0-beta
arash-ferdowsi,Arash Ferdowsi,Founders / operators,Technology founder,22,Co-founded Dropbox,"MIT student who left school to build with Houston, providing complementary technical execution.",Technical execution,Scarce technical / intellectual depth,Complementary cofounder,1,1,3,0,3,2,3,3,1,2,19,4,Medium,Not established in the reviewed public biography.,No directly relevant parental/domain advantage established in the reviewed source.,0,0,0,2,2,0,0,2,0,2,0,0,2,2,4,Institutional ecosystem acceleration,"Frontier ecosystem, Elite peer/collaborator, Elite institution/pipeline, Direct domain exposure","MIT student who left school to build with Houston, providing complementary technical execution.",Medium,1,https://en.wikipedia.org/wiki/Arash_Ferdowsi,https://en.wikipedia.org/wiki/Arash_Ferdowsi,curated_interpretive_beta,not_independently_audited,0.1.0-beta
brian-chesky,Brian Chesky,Founders / operators,Technology founder,26,Co-founded Airbnb and reached early product-market signal,"RISD-trained designer; used the founders' own rent problem, lived with hosts, photographed listings and persisted through rejection.",Product/design taste,Product / domain insight,Founder-led sales,0,2,2,3,3,2,3,3,1,2,21,4,Medium,"Stable, supportive middle-class family; both parents were social workers.",No directly relevant design/startup parental advantage established.,1,0,0,2,0,0,0,2,0,2,0,1,2,1,5,High-trust peer team,"Elite peer/collaborator, Elite institution/pipeline, Direct domain exposure, Family capital/safety","RISD-trained designer; used the founders' own rent problem, lived with hosts, photographed listings and persisted through rejection. Family: Stable, supportive middle-class family; both parents were social workers. Parents/family: No directly relevant design/startup parental advantage established.",Medium,1,https://en.wikipedia.org/wiki/Brian_Chesky,https://en.wikipedia.org/wiki/Brian_Chesky,curated_interpretive_beta,not_independently_audited,0.1.0-beta
joe-gebbia,Joe Gebbia,Founders / operators,Technology founder,26,Co-founded Airbnb,RISD design background and long friendship with Chesky; generated the air-mattress idea from their own apartment constraint.,Product/design taste,Product / domain insight,Complementary cofounder,0,2,2,2,3,2,3,3,1,2,20,4,Medium,Stable family support and elite design-school access.,No directly relevant parental domain advantage established.,1,0,0,2,0,0,0,2,0,2,0,1,2,1,5,High-trust peer team,"Elite peer/collaborator, Elite institution/pipeline, Direct domain exposure, Family capital/safety",RISD design background and long friendship with Chesky; generated the air-mattress idea from their own apartment constraint. Family: Stable family support and elite design-school access. Parents/family: No directly relevant parental domain advantage established.,Medium,1,https://en.wikipedia.org/wiki/Joe_Gebbia,https://en.wikipedia.org/wiki/Joe_Gebbia,curated_interpretive_beta,not_independently_audited,0.1.0-beta
nathan-blecharczyk,Nathan Blecharczyk,Founders / operators,Technology founder,24,Joined Airbnb as technical co-founder and built the platform,Programmed and ran online businesses as a teenager before joining Chesky and Gebbia.,Technical depth,Scarce technical / intellectual depth,Prior commercial reps,1,3,3,1,2,2,3,3,1,2,21,4,Medium,Stable family and early computing access.,"Father was an electrical engineer, reinforcing technical exposure.",1,1,0,0,0,0,0,2,1,2,0,0,2,0,5,High-trust peer team,"Elite peer/collaborator, Direct domain exposure, Parent/domain knowledge, Family capital/safety","Programmed and ran online businesses as a teenager before joining Chesky and Gebbia. Family: Stable family and early computing access. Parents/family: Father was an electrical engineer, reinforcing technical exposure.",Medium,1,https://en.wikipedia.org/wiki/Nathan_Blecharczyk,https://en.wikipedia.org/wiki/Nathan_Blecharczyk,curated_interpretive_beta,not_independently_audited,0.1.0-beta
daniel-ek,Daniel Ek,Founders / operators,Technology founder,23,Co-founded Spotify,"Built websites and companies as a teenager, became financially successful before Spotify and understood both technology and advertising.",Prior reps,Early specialization / prior reps,Product + timing,1,3,3,2,3,2,3,3,2,2,24,4,Medium,Raised largely by a single mother in a working-class Stockholm suburb.,No directly relevant parental domain advantage established.,0,0,0,0,0,1,0,2,0,2,0,1,1,0,4,High-trust peer team,"Elite peer/collaborator, Direct domain exposure, Rare tools/facilities, Constraint-driven urgency","Built websites and companies as a teenager, became financially successful before Spotify and understood both technology and advertising. Family: Raised largely by a single mother in a working-class Stockholm suburb. Parents/family: No directly relevant parental domain advantage established.",Medium,1,https://en.wikipedia.org/wiki/Daniel_Ek,https://en.wikipedia.org/wiki/Daniel_Ek,curated_interpretive_beta,not_independently_audited,0.1.0-beta
tobi-l-tke,Tobi Lütke,Founders / operators,Technology founder,25,Turned an online snowboard shop's software into Shopify,"Apprenticed as a programmer, contributed to open source and built commerce software from a merchant problem he personally experienced.",Technical depth,Scarce technical / intellectual depth,Lived problem,1,3,3,1,2,2,3,3,1,2,21,4,Medium,Not established in the reviewed public biography.,No directly relevant parental/domain advantage established in the reviewed source.,0,0,0,0,1,0,0,2,2,2,0,0,1,0,4,Platform-native compounding,"Elite peer/collaborator, Early platform/community, Direct domain exposure, Frontier ecosystem","Apprenticed as a programmer, contributed to open source and built commerce software from a merchant problem he personally experienced.",Medium,1,https://en.wikipedia.org/wiki/Tobias_L%C3%BCtke,https://en.wikipedia.org/wiki/Tobias_L%C3%BCtke,curated_interpretive_beta,not_independently_audited,0.1.0-beta
david-karp,David Karp,Founders / operators,Technology founder,20,Founded Tumblr,"Learned coding young, left school, worked in software and used a gap in simple blogging formats as the product wedge.",Technical product taste,Scarce technical / intellectual depth,Timing/platform wave,1,3,3,2,2,1,3,3,1,2,21,4,Medium,Creative/professional New York household that allowed unusually flexible schooling and early work.,Mother was a teacher and father a composer; family supported alternative education and creative autonomy.,1,1,0,0,0,1,0,1,0,2,0,0,3,0,5,Self-created domain repetition,"Direct domain exposure, Rare tools/facilities, Parent/domain knowledge, Family capital/safety","Learned coding young, left school, worked in software and used a gap in simple blogging formats as the product wedge. Family: Creative/professional New York household that allowed unusually flexible schooling and early work. Parents/family: Mother was a teacher and father a composer; family supported alternative education and creative autonomy.",Medium,1,https://en.wikipedia.org/wiki/David_Karp,https://en.wikipedia.org/wiki/David_Karp,curated_interpretive_beta,not_independently_audited,0.1.0-beta
matt-mullenweg,Matt Mullenweg,Founders / operators,Open-source founder,19,Co-created WordPress,"Blogged, coded and joined an existing open-source project; distribution came through a community rather than paid acquisition.",Open-source community,Distribution / audience,Technical product,1,2,3,3,2,2,3,3,1,2,22,4,Medium,Not established in the reviewed public biography.,No directly relevant parental/domain advantage established in the reviewed source.,0,0,0,0,0,0,0,2,2,2,0,0,0,0,3,Platform-native compounding,"Elite peer/collaborator, Early platform/community, Direct domain exposure","Blogged, coded and joined an existing open-source project; distribution came through a community rather than paid acquisition.",Medium,1,https://en.wikipedia.org/wiki/Matt_Mullenweg,https://en.wikipedia.org/wiki/Matt_Mullenweg,curated_interpretive_beta,not_independently_audited,0.1.0-beta
david-heinemeier-hansson,David Heinemeier Hansson,Founders / operators,Engineer-founder,25,Created Ruby on Rails and became a Basecamp partner,"Combined programming, opinionated product design and prolific writing, making his technical work itself a distribution channel.",Technical depth,Scarce technical / intellectual depth,Technical distribution,1,3,3,3,2,2,3,3,1,2,23,4,Medium,Not established in the reviewed public biography.,No directly relevant parental/domain advantage established in the reviewed source.,0,0,0,0,0,0,0,2,2,2,0,0,0,0,3,Platform-native compounding,"Elite peer/collaborator, Early platform/community, Direct domain exposure","Combined programming, opinionated product design and prolific writing, making his technical work itself a distribution channel.",Medium,1,https://en.wikipedia.org/wiki/David_Heinemeier_Hansson,https://en.wikipedia.org/wiki/David_Heinemeier_Hansson,curated_interpretive_beta,not_independently_audited,0.1.0-beta
palmer-luckey,Palmer Luckey,Founders / operators,Hardware founder,20,Founded Oculus VR and launched a breakout Kickstarter,"Collected and modified VR headsets as a teenager, built prototypes and shared them with a niche enthusiast community.",Technical obsession,Scarce technical / intellectual depth,Niche community distribution,1,3,3,3,2,2,3,3,1,2,23,4,Medium,Supportive household with homeschooling and enough autonomy/space to collect and modify hardware.,Mother homeschooled him and parents tolerated highly unusual hardware experimentation.,1,1,0,0,0,2,0,2,2,2,0,0,3,1,6,Platform-native compounding,"Rare tools/facilities, Elite peer/collaborator, Early platform/community, Direct domain exposure","Collected and modified VR headsets as a teenager, built prototypes and shared them with a niche enthusiast community. Family: Supportive household with homeschooling and enough autonomy/space to collect and modify hardware. Parents/family: Mother homeschooled him and parents tolerated highly unusual hardware experimentation.",Medium,1,https://en.wikipedia.org/wiki/Palmer_Luckey,https://en.wikipedia.org/wiki/Palmer_Luckey,curated_interpretive_beta,not_independently_audited,0.1.0-beta
austin-russell,Austin Russell,Founders / operators,Deep-tech founder,17,Founded Luminar and later received a Thiel Fellowship,"Studied optics and lasers from childhood, built prototypes and gained fellowship capital/network at a very young age.",Technical depth,Scarce technical / intellectual depth,Capital/network,1,3,3,1,3,1,3,3,2,2,22,4,Medium,"Affluent environment with private schooling, a home garage lab and access to university research before college.","Parents introduced him at 15 to laser entrepreneur Jason Eichenholz, who became mentor and cofounder.",2,2,0,2,0,2,2,1,0,2,2,0,6,6,8,Family-domain apprenticeship,"Rare tools/facilities, Prodigy/physical edge, Parent/domain knowledge, Family capital/safety, Elite institution/pipeline","Studied optics and lasers from childhood, built prototypes and gained fellowship capital/network at a very young age. Family: Affluent environment with private schooling, a home garage lab and access to university research before college. Parents/family: Parents introduced him at 15 to laser entrepreneur Jason Eichenholz, who became mentor and cofounder.",Medium,1,https://en.wikipedia.org/wiki/Austin_Russell_(entrepreneur),https://en.wikipedia.org/wiki/Austin_Russell_(entrepreneur),curated_interpretive_beta,not_independently_audited,0.1.0-beta
nick-d-aloisio,Nick D'Aloisio,Founders / operators,Technology founder,15,"Built Summly, later sold to Yahoo",Learned app development as a child and used the early App Store plus concise mobile news consumption as a wedge.,Technical product execution,Scarce technical / intellectual depth,Timing/platform wave,1,3,2,2,2,0,3,3,1,2,19,4,Medium,"Stable, highly educated family and London access; parents supported unusually early app development.",Professional parents enabled early education and technology access.,1,1,0,0,2,1,0,0,2,2,0,0,4,1,6,Platform-native compounding,"Frontier ecosystem, Early platform/community, Direct domain exposure, Rare tools/facilities","Learned app development as a child and used the early App Store plus concise mobile news consumption as a wedge. Family: Stable, highly educated family and London access; parents supported unusually early app development. Parents/family: Professional parents enabled early education and technology access.",Medium,1,https://en.wikipedia.org/wiki/Nick_D%27Aloisio,https://en.wikipedia.org/wiki/Nick_D%27Aloisio,curated_interpretive_beta,not_independently_audited,0.1.0-beta
josh-browder,Josh Browder,Founders / operators,Technology founder,18,Built DoNotPay,Created a tool after personally accumulating parking tickets; used press-friendly framing and automation to reach users.,Product/distribution,Distribution / audience,Lived problem,1,2,2,3,3,1,3,3,2,2,22,3,Medium,"Son of prominent financier and activist Bill Browder; exceptional financial, educational and network safety.","Direct exposure to law, finance, advocacy and high-status networks through his father.",2,2,1,0,0,0,0,1,1,2,0,0,3,2,6,Inherited distribution/capital,"Parent/domain knowledge, Family capital/safety, Direct domain exposure, Inherited platform/network","Created a tool after personally accumulating parking tickets; used press-friendly framing and automation to reach users. Family: Son of prominent financier and activist Bill Browder; exceptional financial, educational and network safety. Parents/family: Direct exposure to law, finance, advocacy and high-status networks through his father.",Medium,1,https://en.wikipedia.org/wiki/DoNotPay,https://en.wikipedia.org/wiki/DoNotPay,curated_interpretive_beta,not_independently_audited,0.1.0-beta
boyan-slat,Boyan Slat,Founders / operators,Social-impact founder,18,Founded The Ocean Cleanup,"Became fixated on ocean plastic as a teenager, developed a technical concept and used a viral talk to attract talent and funding.",Mission-driven distribution,Distribution / audience,Technical concept,1,2,2,3,2,1,3,3,1,2,20,3,Medium,Supportive family allowed intensive experimentation and public advocacy as a teenager.,No directly relevant engineering parental advantage established.,1,0,0,0,0,0,0,1,2,2,0,0,1,0,4,Platform-native compounding,"Early platform/community, Direct domain exposure, Family capital/safety, Elite peer/collaborator","Became fixated on ocean plastic as a teenager, developed a technical concept and used a viral talk to attract talent and funding. Family: Supportive family allowed intensive experimentation and public advocacy as a teenager. Parents/family: No directly relevant engineering parental advantage established.",Medium,1,https://en.wikipedia.org/wiki/Boyan_Slat,https://en.wikipedia.org/wiki/Boyan_Slat,curated_interpretive_beta,not_independently_audited,0.1.0-beta
george-hotz,George Hotz,Founders / operators,Engineer-founder,17,Became known for unlocking the iPhone; founded comma.ai at 25,"Hacked hardware and security systems in public, building a reputation and technical distribution before founding a company.",Technical depth,Scarce technical / intellectual depth,Public reputation,1,3,3,3,2,0,3,3,1,2,21,4,Medium,Not established in the reviewed public biography.,No directly relevant parental/domain advantage established in the reviewed source.,0,0,0,0,0,0,0,0,2,2,0,0,0,0,2,Platform-native compounding,"Early platform/community, Direct domain exposure","Hacked hardware and security systems in public, building a reputation and technical distribution before founding a company.",Medium,1,https://en.wikipedia.org/wiki/George_Hotz,https://en.wikipedia.org/wiki/George_Hotz,curated_interpretive_beta,not_independently_audited,0.1.0-beta
alexandr-wang,Alexandr Wang,Founders / operators,AI founder,19,Co-founded Scale AI,"Math-competition background, early software/ML work and YC access helped him identify data operations as AI's bottleneck.",Market insight,Product / domain insight,Technical + network,1,2,3,2,3,2,3,3,2,2,23,4,Medium,"Scientific professional household in Los Alamos, an unusually research-dense environment.",Both parents were nuclear physicists at Los Alamos National Laboratory.,1,2,0,2,2,0,0,2,0,2,2,0,5,4,7,Institutional ecosystem acceleration,"Prodigy/physical edge, Parent/domain knowledge, Frontier ecosystem, Elite peer/collaborator, Elite institution/pipeline","Math-competition background, early software/ML work and YC access helped him identify data operations as AI's bottleneck. Family: Scientific professional household in Los Alamos, an unusually research-dense environment. Parents/family: Both parents were nuclear physicists at Los Alamos National Laboratory.",Medium,2,https://en.wikipedia.org/wiki/Alexandr_Wang,https://en.wikipedia.org/wiki/Alexandr_Wang | https://economictimes.indiatimes.com/tech/artificial-intelligence/from-mit-dropout-to-ai-billionaire-who-is-scale-ais-alexandr-wang/articleshow/121845855.cms,curated_interpretive_beta,not_independently_audited,0.1.0-beta
lucy-guo,Lucy Guo,Founders / operators,AI founder,21,Co-founded Scale AI,"Coded young, worked at Quora/Snapchat and brought product/design ability to an AI infrastructure company.",Technical product taste,Scarce technical / intellectual depth,Elite network,1,3,3,2,3,2,3,3,1,2,23,4,Medium,"Stable immigrant engineering household, though not an inherited startup platform.","Both parents were electrical engineers, giving early technical exposure.",1,2,0,1,0,1,0,2,0,2,0,0,4,1,6,Family-domain apprenticeship,"Parent/domain knowledge, Elite peer/collaborator, Direct domain exposure, Rare tools/facilities","Coded young, worked at Quora/Snapchat and brought product/design ability to an AI infrastructure company. Family: Stable immigrant engineering household, though not an inherited startup platform. Parents/family: Both parents were electrical engineers, giving early technical exposure.",Medium,1,https://en.wikipedia.org/wiki/Lucy_Guo,https://en.wikipedia.org/wiki/Lucy_Guo,curated_interpretive_beta,not_independently_audited,0.1.0-beta
dylan-field,Dylan Field,Founders / operators,Technology founder,20,Co-founded Figma,"Brown CS/design exposure, Thiel Fellowship runway and unusual conviction that professional design would move into the browser.",Product taste,Product / domain insight,Timing + capital,1,2,2,2,3,2,3,3,2,2,22,4,Medium,Stable educational environment; the decisive non-family advantage was Thiel Fellowship runway.,No directly relevant parental domain advantage established.,1,0,0,2,2,0,1,2,0,2,0,0,4,2,6,Institutional ecosystem acceleration,"Frontier ecosystem, Elite peer/collaborator, Elite institution/pipeline, Direct domain exposure","Brown CS/design exposure, Thiel Fellowship runway and unusual conviction that professional design would move into the browser. Family: Stable educational environment; the decisive non-family advantage was Thiel Fellowship runway. Parents/family: No directly relevant parental domain advantage established.",Medium,1,https://en.wikipedia.org/wiki/Dylan_Field,https://en.wikipedia.org/wiki/Dylan_Field,curated_interpretive_beta,not_independently_audited,0.1.0-beta
evan-wallace,Evan Wallace,Founders / operators,Engineer-founder,22,Co-founded Figma and built its browser graphics foundation,Developed WebGL expertise and technically de-risked a product many believed browsers could not support.,Technical depth,Scarce technical / intellectual depth,Complementary cofounder,1,2,3,0,3,2,3,3,1,2,20,4,Medium,Not established in the reviewed public biography.,No directly relevant parental/domain advantage established in the reviewed source.,0,0,0,2,2,0,0,2,0,2,1,0,3,2,5,Institutional ecosystem acceleration,"Frontier ecosystem, Elite peer/collaborator, Elite institution/pipeline, Direct domain exposure",Developed WebGL expertise and technically de-risked a product many believed browsers could not support.,Medium,1,https://en.wikipedia.org/wiki/Figma,https://en.wikipedia.org/wiki/Figma,curated_interpretive_beta,not_independently_audited,0.1.0-beta
vitalik-buterin,Vitalik Buterin,Founders / operators,Protocol founder,19,Published Ethereum's white paper,"Deeply studied Bitcoin, wrote extensively for the crypto community and synthesized programming, cryptography and economics.",Intellectual synthesis,Scarce technical / intellectual depth,Technical distribution,1,3,3,3,3,2,3,3,1,2,24,4,Medium,Highly educated immigrant family and access to gifted education/private schooling.,Computer-scientist father introduced him to Bitcoin at 17.,1,2,0,0,1,1,1,2,2,2,2,0,6,2,9,Family-domain apprenticeship,"Prodigy/physical edge, Parent/domain knowledge, Elite peer/collaborator, Early platform/community, Direct domain exposure","Deeply studied Bitcoin, wrote extensively for the crypto community and synthesized programming, cryptography and economics. Family: Highly educated immigrant family and access to gifted education/private schooling. Parents/family: Computer-scientist father introduced him to Bitcoin at 17.",Medium,2,https://en.wikipedia.org/wiki/Vitalik_Buterin,https://en.wikipedia.org/wiki/Vitalik_Buterin | https://time.com/6158182/vitalik-buterin-ethereum-profile/,curated_interpretive_beta,not_independently_audited,0.1.0-beta
whitney-wolfe-herd,Whitney Wolfe Herd,Founders / operators,Consumer founder,25,Founded Bumble,"Built growth and campus distribution at Tinder, then used first-hand knowledge of dating-product dynamics to design Bumble.",Distribution/community,Distribution / audience,Lived industry experience,0,2,2,3,3,2,3,3,2,2,22,4,Medium,Comfortable family with business exposure and international educational experiences.,"Father was a property developer, giving commercial exposure.",1,1,0,0,1,0,0,2,0,2,0,0,3,0,5,High-trust peer team,"Elite peer/collaborator, Direct domain exposure, Parent/domain knowledge, Frontier ecosystem","Built growth and campus distribution at Tinder, then used first-hand knowledge of dating-product dynamics to design Bumble. Family: Comfortable family with business exposure and international educational experiences. Parents/family: Father was a property developer, giving commercial exposure.",Medium,1,https://en.wikipedia.org/wiki/Whitney_Wolfe_Herd,https://en.wikipedia.org/wiki/Whitney_Wolfe_Herd,curated_interpretive_beta,not_independently_audited,0.1.0-beta
melanie-perkins,Melanie Perkins,Founders / operators,Technology founder,25,Co-founded Canva after building Fusion Books,"Observed students struggling with design software, tested the idea in the narrow yearbook market and endured years of investor rejection.",Product insight,Product / domain insight,Persistence/prior reps,1,3,2,2,2,2,3,3,1,2,21,4,Medium,Stable professional household; family supported education and early entrepreneurship.,Father was an engineer and mother a teacher.,1,1,0,0,0,0,0,2,0,2,0,0,2,0,4,High-trust peer team,"Elite peer/collaborator, Direct domain exposure, Parent/domain knowledge, Family capital/safety","Observed students struggling with design software, tested the idea in the narrow yearbook market and endured years of investor rejection. Family: Stable professional household; family supported education and early entrepreneurship. Parents/family: Father was an engineer and mother a teacher.",Medium,1,https://en.wikipedia.org/wiki/Melanie_Perkins,https://en.wikipedia.org/wiki/Melanie_Perkins,curated_interpretive_beta,not_independently_audited,0.1.0-beta
ben-francis,Ben Francis,Founders / operators,Consumer brand founder,19,Founded Gymshark,"Lived inside online fitness culture, made products himself and used athletes/social media as native distribution.",Community distribution,Distribution / audience,Product/operations,1,3,1,3,1,2,3,3,1,2,20,4,Medium,Not established in the reviewed public biography.,No directly relevant parental/domain advantage established in the reviewed source.,0,0,0,0,0,0,0,2,2,2,0,0,0,0,3,Platform-native compounding,"Elite peer/collaborator, Early platform/community, Direct domain exposure","Lived inside online fitness culture, made products himself and used athletes/social media as native distribution.",Medium,1,https://en.wikipedia.org/wiki/Ben_Francis,https://en.wikipedia.org/wiki/Ben_Francis,curated_interpretive_beta,not_independently_audited,0.1.0-beta
sophia-amoruso,Sophia Amoruso,Founders / operators,Commerce founder,22,Built Nasty Gal from an eBay store,"Developed product taste, photography, copywriting and marketplace distribution through high-volume direct selling.",Marketplace distribution,Distribution / audience,Product taste,0,3,1,3,1,0,3,3,0,2,16,3,Medium,Not established in the reviewed public biography.,No directly relevant parental/domain advantage established in the reviewed source.,0,0,0,0,0,0,0,0,2,2,0,1,0,0,3,Platform-native compounding,"Early platform/community, Direct domain exposure, Constraint-driven urgency","Developed product taste, photography, copywriting and marketplace distribution through high-volume direct selling.",Medium,1,https://en.wikipedia.org/wiki/Sophia_Amoruso,https://en.wikipedia.org/wiki/Sophia_Amoruso,curated_interpretive_beta,not_independently_audited,0.1.0-beta
gurbaksh-chahal,Gurbaksh Chahal,Founders / operators,Adtech founder,18,Sold ClickAgents for a reported large acquisition price,"Dropped out, learned online advertising and sold aggressively during the dot-com advertising expansion.",Sales/distribution,Distribution / audience,Timing/platform wave,1,2,1,3,2,1,3,3,1,2,19,4,Medium,Immigrant family with limited resources and discrimination; no inherited capital advantage.,No directly relevant parental domain advantage established.,0,0,0,0,0,0,0,1,1,2,0,2,0,0,4,Constraint-driven self-creation,"Direct domain exposure, Constraint-driven urgency, Elite peer/collaborator, Early platform/community","Dropped out, learned online advertising and sold aggressively during the dot-com advertising expansion. Family: Immigrant family with limited resources and discrimination; no inherited capital advantage. Parents/family: No directly relevant parental domain advantage established.",Medium,1,https://en.wikipedia.org/wiki/Gurbaksh_Chahal,https://en.wikipedia.org/wiki/Gurbaksh_Chahal,curated_interpretive_beta,not_independently_audited,0.1.0-beta
evan-spiegel,Evan Spiegel,Founders / operators,Consumer founder,21,Co-founded Snapchat,"Stanford product network, repeated student projects and insight that ephemeral communication matched young users' behavior.",Product taste,Product / domain insight,Native distribution,0,2,2,3,3,2,3,3,2,2,22,4,Medium,"Very affluent Los Angeles household with elite schooling, legal/business networks and a substantial safety net.","Both parents were lawyers, providing professional networks and legal fluency.",2,1,1,2,2,0,0,2,0,2,0,0,5,3,7,Inherited distribution/capital,"Frontier ecosystem, Family capital/safety, Elite peer/collaborator, Elite institution/pipeline, Direct domain exposure","Stanford product network, repeated student projects and insight that ephemeral communication matched young users' behavior. Family: Very affluent Los Angeles household with elite schooling, legal/business networks and a substantial safety net. Parents/family: Both parents were lawyers, providing professional networks and legal fluency.",Medium,1,https://en.wikipedia.org/wiki/Evan_Spiegel,https://en.wikipedia.org/wiki/Evan_Spiegel,curated_interpretive_beta,not_independently_audited,0.1.0-beta
bobby-murphy,Bobby Murphy,Founders / operators,Engineer-founder,23,Co-founded Snapchat and built the early product,Stanford computer science background and a stable partnership with Spiegel supplied the technical half of the company.,Technical execution,Scarce technical / intellectual depth,Complementary cofounder,0,2,3,1,3,2,3,3,2,2,21,4,Medium,Not established in the reviewed public biography.,No directly relevant parental/domain advantage established in the reviewed source.,0,0,0,2,2,0,0,2,0,2,0,0,2,2,4,Institutional ecosystem acceleration,"Frontier ecosystem, Elite peer/collaborator, Elite institution/pipeline, Direct domain exposure",Stanford computer science background and a stable partnership with Spiegel supplied the technical half of the company.,Medium,1,https://en.wikipedia.org/wiki/Bobby_Murphy,https://en.wikipedia.org/wiki/Bobby_Murphy,curated_interpretive_beta,not_independently_audited,0.1.0-beta
kevin-systrom,Kevin Systrom,Founders / operators,Consumer founder,26,Co-founded Instagram,"Stanford, Google and Nextstop experience; learned to code evenings and narrowed a cluttered app to photo sharing.",Product taste,Product / domain insight,Network + timing,0,3,2,3,3,2,3,3,2,2,23,4,Medium,Affluent professional household with strong education and technology-industry exposure.,Mother was a tech executive and father a senior HR executive.,1,2,0,2,2,0,0,2,0,2,0,0,4,3,6,Institutional ecosystem acceleration,"Parent/domain knowledge, Frontier ecosystem, Elite peer/collaborator, Elite institution/pipeline, Direct domain exposure","Stanford, Google and Nextstop experience; learned to code evenings and narrowed a cluttered app to photo sharing. Family: Affluent professional household with strong education and technology-industry exposure. Parents/family: Mother was a tech executive and father a senior HR executive.",Medium,1,https://en.wikipedia.org/wiki/Kevin_Systrom,https://en.wikipedia.org/wiki/Kevin_Systrom,curated_interpretive_beta,not_independently_audited,0.1.0-beta
mike-krieger,Mike Krieger,Founders / operators,Engineer-founder,24,Co-founded Instagram and built the service,Stanford systems/design background and prior collaboration with Systrom created a high-trust technical pairing.,Technical execution,Scarce technical / intellectual depth,Complementary cofounder,0,2,3,1,3,2,3,3,1,2,20,4,Medium,Not established in the reviewed public biography.,No directly relevant parental/domain advantage established in the reviewed source.,0,0,0,2,2,0,0,2,0,2,0,0,2,2,4,Institutional ecosystem acceleration,"Frontier ecosystem, Elite peer/collaborator, Elite institution/pipeline, Direct domain exposure",Stanford systems/design background and prior collaboration with Systrom created a high-trust technical pairing.,Medium,1,https://en.wikipedia.org/wiki/Mike_Krieger,https://en.wikipedia.org/wiki/Mike_Krieger,curated_interpretive_beta,not_independently_audited,0.1.0-beta
john-zimmer,John Zimmer,Founders / operators,Mobility founder,23,"Co-founded Zimride, predecessor to Lyft","Studied hospitality and finance, identified empty-car capacity and partnered with technical founder Logan Green.",Business/product insight,Product / domain insight,Complementary cofounder,0,1,1,2,2,2,3,3,1,2,17,3,Medium,Not established in the reviewed public biography.,No directly relevant parental/domain advantage established in the reviewed source.,0,0,0,0,0,0,0,2,0,2,0,0,0,0,2,High-trust peer team,"Elite peer/collaborator, Direct domain exposure","Studied hospitality and finance, identified empty-car capacity and partnered with technical founder Logan Green.",Medium,1,https://en.wikipedia.org/wiki/John_Zimmer,https://en.wikipedia.org/wiki/John_Zimmer,curated_interpretive_beta,not_independently_audited,0.1.0-beta
logan-green,Logan Green,Founders / operators,Mobility founder,23,Founded Zimride,"Experienced transportation constraints personally, studied ride-sharing systems and built a Facebook-based campus product.",Lived problem,Product / domain insight,Technical/product execution,0,2,2,2,2,2,3,3,1,2,19,3,Medium,Not established in the reviewed public biography.,No directly relevant parental/domain advantage established in the reviewed source.,0,0,0,0,1,0,0,2,1,2,0,1,1,0,5,High-trust peer team,"Elite peer/collaborator, Direct domain exposure, Frontier ecosystem, Early platform/community","Experienced transportation constraints personally, studied ride-sharing systems and built a Facebook-based campus product.",Medium,1,https://en.wikipedia.org/wiki/Logan_Green,https://en.wikipedia.org/wiki/Logan_Green,curated_interpretive_beta,not_independently_audited,0.1.0-beta
ritesh-agarwal,Ritesh Agarwal,Founders / operators,Hospitality founder,19,Built OYO's predecessor and joined the Thiel Fellowship,"Traveled extensively on a low budget, started Oravel, entered accelerators and gained $100,000 plus global network through Thiel.",Market insight,Product / domain insight,Network/capital,1,3,1,3,3,1,3,3,2,2,22,4,Medium,"Family ran a small business; not elite wealth, but early commercial exposure and later fellowship runway.",Family-business background gave direct exposure to commerce.,1,1,0,1,1,0,2,1,0,2,0,1,5,1,8,Self-created domain repetition,"Direct domain exposure, Mentor/coach, Parent/domain knowledge, Frontier ecosystem","Traveled extensively on a low budget, started Oravel, entered accelerators and gained $100,000 plus global network through Thiel. Family: Family ran a small business; not elite wealth, but early commercial exposure and later fellowship runway. Parents/family: Family-business background gave direct exposure to commerce.",Medium,1,https://en.wikipedia.org/wiki/Ritesh_Agarwal,https://en.wikipedia.org/wiki/Ritesh_Agarwal,curated_interpretive_beta,not_independently_audited,0.1.0-beta
aadit-palicha,Aadit Palicha,Founders / operators,Commerce founder,19,Co-founded Zepto after an earlier grocery startup,"Childhood friend of Vohra, built projects as a teenager, left Stanford and iterated from KiranaKart to dark-store quick commerce.",Operational intensity,Execution / operations,Timing + cofounder,1,3,2,2,3,2,3,3,2,2,23,4,Medium,"Internationally mobile, financially safe background with access to Stanford; exact resources are incompletely documented.",No directly relevant parental domain advantage established.,1,0,0,2,2,1,0,2,0,2,0,0,4,2,6,Institutional ecosystem acceleration,"Frontier ecosystem, Elite peer/collaborator, Elite institution/pipeline, Direct domain exposure","Childhood friend of Vohra, built projects as a teenager, left Stanford and iterated from KiranaKart to dark-store quick commerce. Family: Internationally mobile, financially safe background with access to Stanford; exact resources are incompletely documented. Parents/family: No directly relevant parental domain advantage established.",Medium,1,https://en.wikipedia.org/wiki/Zepto_(company),https://en.wikipedia.org/wiki/Zepto_(company),curated_interpretive_beta,not_independently_audited,0.1.0-beta
kaivalya-vohra,Kaivalya Vohra,Founders / operators,Commerce founder,19,Co-founded Zepto,Technical childhood friend of Palicha; left Stanford and handled the engineering/operational system behind rapid delivery.,Technical/operations execution,Scarce technical / intellectual depth,Complementary cofounder,1,2,3,1,3,2,3,3,2,2,22,4,Medium,"Internationally mobile, financially safe background with access to Stanford; exact resources are incompletely documented.",No directly relevant parental domain advantage established.,1,0,0,2,2,0,0,2,0,2,0,0,3,2,5,Institutional ecosystem acceleration,"Frontier ecosystem, Elite peer/collaborator, Elite institution/pipeline, Direct domain exposure","Technical childhood friend of Palicha; left Stanford and handled the engineering/operational system behind rapid delivery. Family: Internationally mobile, financially safe background with access to Stanford; exact resources are incompletely documented. Parents/family: No directly relevant parental domain advantage established.",Medium,1,https://en.wikipedia.org/wiki/Zepto_(company),https://en.wikipedia.org/wiki/Zepto_(company),curated_interpretive_beta,not_independently_audited,0.1.0-beta
harshil-mathur,Harshil Mathur,Founders / operators,Fintech founder,23,Co-founded Razorpay,"Met Shashank at IIT Roorkee, worked briefly in industry and attacked the painful process of accepting online payments in India.",Product/market insight,Product / domain insight,Elite technical network,0,2,2,2,3,2,3,3,1,2,20,4,High,Not established in the reviewed public biography.,No directly relevant parental/domain advantage established in the reviewed source.,0,0,0,2,1,0,0,2,1,2,0,0,2,1,5,High-trust peer team,"Elite peer/collaborator, Elite institution/pipeline, Direct domain exposure, Frontier ecosystem","Met Shashank at IIT Roorkee, worked briefly in industry and attacked the painful process of accepting online payments in India.",Medium,1,https://razorpay.com/blog/harshil-mathur-on-funding-accelerators/,https://razorpay.com/blog/harshil-mathur-on-funding-accelerators/,curated_interpretive_beta,not_independently_audited,0.1.0-beta
shashank-kumar,Shashank Kumar,Founders / operators,Fintech founder,23,Co-founded Razorpay and built its technical foundation,IIT Roorkee peer of Mathur with software experience; complemented commercial vision with engineering.,Technical execution,Scarce technical / intellectual depth,Complementary cofounder,0,2,3,0,3,2,3,3,1,2,19,4,Medium,Not established in the reviewed public biography.,No directly relevant parental/domain advantage established in the reviewed source.,0,0,0,2,1,0,0,2,0,2,0,0,2,1,4,High-trust peer team,"Elite peer/collaborator, Elite institution/pipeline, Direct domain exposure, Frontier ecosystem",IIT Roorkee peer of Mathur with software experience; complemented commercial vision with engineering.,Medium,1,https://en.wikipedia.org/wiki/Razorpay,https://en.wikipedia.org/wiki/Razorpay,curated_interpretive_beta,not_independently_audited,0.1.0-beta
bhavish-aggarwal,Bhavish Aggarwal,Founders / operators,Mobility founder,25,Co-founded Ola,IIT Bombay and Microsoft Research background; a poor taxi experience prompted an initial travel-rental service that evolved into Ola.,Local product insight,Product / domain insight,Timing + execution,0,2,2,2,3,2,3,3,1,2,20,4,Medium,Middle-class background; elite educational access was earned through IIT.,No directly relevant parental domain advantage established.,0,0,0,2,1,0,0,2,0,2,0,0,2,1,4,High-trust peer team,"Elite peer/collaborator, Elite institution/pipeline, Direct domain exposure, Frontier ecosystem",IIT Bombay and Microsoft Research background; a poor taxi experience prompted an initial travel-rental service that evolved into Ola. Family: Middle-class background; elite educational access was earned through IIT. Parents/family: No directly relevant parental domain advantage established.,Medium,1,https://en.wikipedia.org/wiki/Bhavish_Aggarwal,https://en.wikipedia.org/wiki/Bhavish_Aggarwal,curated_interpretive_beta,not_independently_audited,0.1.0-beta
vijay-shekhar-sharma,Vijay Shekhar Sharma,Founders / operators,Fintech founder,22,Founded One97 Communications,"Learned coding, built an earlier content-management venture and sold it before starting One97 during India's mobile-internet emergence.",Prior reps,Early specialization / prior reps,Timing/platform wave,1,3,2,3,2,1,3,3,1,2,21,4,Medium,Modest small-town teacher family and major English-language/institutional barriers.,"Father was a schoolteacher, creating educational emphasis but not capital or startup access.",0,1,0,0,0,0,0,1,0,2,0,2,1,0,4,Constraint-driven self-creation,"Direct domain exposure, Constraint-driven urgency, Parent/domain knowledge, Elite peer/collaborator","Learned coding, built an earlier content-management venture and sold it before starting One97 during India's mobile-internet emergence. Family: Modest small-town teacher family and major English-language/institutional barriers. Parents/family: Father was a schoolteacher, creating educational emphasis but not capital or startup access.",Medium,1,https://en.wikipedia.org/wiki/Vijay_Shekhar_Sharma,https://en.wikipedia.org/wiki/Vijay_Shekhar_Sharma,curated_interpretive_beta,not_independently_audited,0.1.0-beta
nikhil-kamath,Nikhil Kamath,Founders / operators,Finance founder,23,Co-founded Zerodha after years of trading,"Left school, worked at a call centre, traded from age 17 and ran a brokerage operation before Zerodha.",Domain practice,Product / domain insight,Operational/commercial insight,1,3,2,2,1,2,3,3,1,2,20,4,Medium,No elite family-capital advantage established; left school and worked in a call centre.,No directly relevant parental finance advantage established.,0,0,0,0,0,0,0,2,0,2,0,1,0,0,3,High-trust peer team,"Elite peer/collaborator, Direct domain exposure, Constraint-driven urgency","Left school, worked at a call centre, traded from age 17 and ran a brokerage operation before Zerodha. Family: No elite family-capital advantage established; left school and worked in a call centre. Parents/family: No directly relevant parental finance advantage established.",Medium,1,https://en.wikipedia.org/wiki/Nikhil_Kamath,https://en.wikipedia.org/wiki/Nikhil_Kamath,curated_interpretive_beta,not_independently_audited,0.1.0-beta
sachin-bansal,Sachin Bansal,Founders / operators,Commerce founder,25,Co-founded Flipkart,IIT Delhi and Amazon engineering experience gave direct exposure to e-commerce infrastructure and a trusted cofounder.,Domain experience,Product / domain insight,Timing + cofounder,0,2,3,2,3,2,3,3,1,2,21,4,Medium,Not established in the reviewed public biography.,No directly relevant parental/domain advantage established in the reviewed source.,0,0,0,2,1,0,0,2,0,2,0,0,2,1,4,High-trust peer team,"Elite peer/collaborator, Elite institution/pipeline, Direct domain exposure, Frontier ecosystem",IIT Delhi and Amazon engineering experience gave direct exposure to e-commerce infrastructure and a trusted cofounder.,Medium,1,https://en.wikipedia.org/wiki/Sachin_Bansal,https://en.wikipedia.org/wiki/Sachin_Bansal,curated_interpretive_beta,not_independently_audited,0.1.0-beta
binny-bansal,Binny Bansal,Founders / operators,Commerce founder,24,Co-founded Flipkart,IIT Delhi and Amazon background; supplied technical and operational execution during India's early e-commerce wave.,Technical/operations,Scarce technical / intellectual depth,Complementary cofounder,0,2,3,1,3,2,3,3,1,2,20,4,Medium,Not established in the reviewed public biography.,No directly relevant parental/domain advantage established in the reviewed source.,0,0,0,2,1,0,0,2,0,2,0,0,2,1,4,High-trust peer team,"Elite peer/collaborator, Elite institution/pipeline, Direct domain exposure, Frontier ecosystem",IIT Delhi and Amazon background; supplied technical and operational execution during India's early e-commerce wave.,Medium,1,https://en.wikipedia.org/wiki/Binny_Bansal,https://en.wikipedia.org/wiki/Binny_Bansal,curated_interpretive_beta,not_independently_audited,0.1.0-beta
kavin-bharti-mittal,Kavin Bharti Mittal,Founders / operators,Consumer founder,25,Founded Hike Messenger,"Engineering/product background combined with access to Bharti's capital, telecom knowledge and network.",Capital/network,Network / capital,Product + timing,0,1,2,3,3,1,3,3,2,2,20,4,Medium,"Billionaire telecom family with extraordinary capital, credibility, telecom knowledge and access.",Father Sunil Bharti Mittal built Bharti Enterprises/Airtel.,2,2,2,0,2,0,0,1,0,2,0,0,4,4,6,Inherited distribution/capital,"Parent/domain knowledge, Inherited platform/network, Frontier ecosystem, Family capital/safety, Direct domain exposure","Engineering/product background combined with access to Bharti's capital, telecom knowledge and network. Family: Billionaire telecom family with extraordinary capital, credibility, telecom knowledge and access. Parents/family: Father Sunil Bharti Mittal built Bharti Enterprises/Airtel.",Medium,1,https://en.wikipedia.org/wiki/Kavin_Bharti_Mittal,https://en.wikipedia.org/wiki/Kavin_Bharti_Mittal,curated_interpretive_beta,not_independently_audited,0.1.0-beta
trishneet-arora,Trishneet Arora,Founders / operators,Cybersecurity founder,19,Founded TAC Security,"Self-taught cybersecurity after struggling academically, wrote books, consulted and converted public expertise into enterprise sales.",Technical reputation,Scarce technical / intellectual depth,Sales/distribution,1,3,2,3,2,1,3,3,1,2,21,3,Medium,No major family-capital advantage established; academic struggle and self-teaching shaped the path.,No directly relevant parental cybersecurity advantage established.,0,0,0,0,0,0,0,1,2,2,0,2,0,0,4,Constraint-driven self-creation,"Early platform/community, Direct domain exposure, Constraint-driven urgency, Elite peer/collaborator","Self-taught cybersecurity after struggling academically, wrote books, consulted and converted public expertise into enterprise sales. Family: No major family-capital advantage established; academic struggle and self-teaching shaped the path. Parents/family: No directly relevant parental cybersecurity advantage established.",Medium,1,https://en.wikipedia.org/wiki/Trishneet_Arora,https://en.wikipedia.org/wiki/Trishneet_Arora,curated_interpretive_beta,not_independently_audited,0.1.0-beta
harshita-arora,Harshita Arora,Founders / operators,Fintech founder,18,Co-founded AtoB after earlier mobile-app success,"Left school young, self-taught coding, built a widely recognized crypto-price app and moved into the startup ecosystem.",Technical product execution,Scarce technical / intellectual depth,Early reputation/network,1,3,2,2,3,2,3,3,1,2,22,4,Medium,No major family-capital advantage established; autonomy and internet access mattered more.,No directly relevant parental technical advantage established.,0,0,0,0,0,0,0,2,2,2,0,1,0,0,4,Platform-native compounding,"Elite peer/collaborator, Early platform/community, Direct domain exposure, Constraint-driven urgency","Left school young, self-taught coding, built a widely recognized crypto-price app and moved into the startup ecosystem. Family: No major family-capital advantage established; autonomy and internet access mattered more. Parents/family: No directly relevant parental technical advantage established.",Medium,1,https://en.wikipedia.org/wiki/Harshita_Arora,https://en.wikipedia.org/wiki/Harshita_Arora,curated_interpretive_beta,not_independently_audited,0.1.0-beta
zach-yadegari,Zach Yadegari,Founders / operators,Consumer AI founder,17,Co-founded Cal AI after selling an earlier app,"Began coding at seven, built and sold Totally Science as a teenager, then used fitness pain and influencer distribution for Cal AI.",Prior reps,Early specialization / prior reps,Distribution + timing,1,3,2,3,2,2,3,3,2,2,23,4,Medium,Not established in the reviewed public biography.,No directly relevant parental/domain advantage established in the reviewed source.,0,0,0,0,0,1,0,2,2,2,0,0,1,0,4,Platform-native compounding,"Elite peer/collaborator, Early platform/community, Direct domain exposure, Rare tools/facilities","Began coding at seven, built and sold Totally Science as a teenager, then used fitness pain and influencer distribution for Cal AI.",Medium,1,https://www.businessinsider.com/teenager-built-million-dollar-startup-how-he-did-it-2025-10,https://www.businessinsider.com/teenager-built-million-dollar-startup-how-he-did-it-2025-10,curated_interpretive_beta,not_independently_audited,0.1.0-beta
michael-truell,Michael Truell,Founders / operators,AI founder,23,Co-founded Anysphere/Cursor,"MIT technical cohort, prior AI interest and a team of four attacked coding just as foundation models became useful.",Product/technical execution,Scarce technical / intellectual depth,Elite team + timing,1,2,3,2,3,2,3,3,2,2,23,4,High,Not established in the reviewed public biography.,No directly relevant parental/domain advantage established in the reviewed source.,0,0,0,2,2,0,0,2,0,2,0,0,2,2,4,Institutional ecosystem acceleration,"Frontier ecosystem, Elite peer/collaborator, Elite institution/pipeline, Direct domain exposure","MIT technical cohort, prior AI interest and a team of four attacked coding just as foundation models became useful.",Medium,1,https://www.ycombinator.com/library/MU-cursor-ceo-going-beyond-code-superintelligent-ai-agents-and-why-taste-still-matters,https://www.ycombinator.com/library/MU-cursor-ceo-going-beyond-code-superintelligent-ai-agents-and-why-taste-still-matters,curated_interpretive_beta,not_independently_audited,0.1.0-beta
sualeh-asif,Sualeh Asif,Founders / operators,AI founder,24,Co-founded Anysphere/Cursor,"IMO participant, MIT graduate and early work on LLM-powered search before Cursor.",Technical depth,Scarce technical / intellectual depth,Elite team + timing,1,3,3,1,3,2,3,3,2,2,23,4,High,Not established in the reviewed public biography.,No directly relevant parental/domain advantage established in the reviewed source.,0,0,0,2,2,0,0,2,0,2,2,0,3,3,5,Institutional ecosystem acceleration,"Prodigy/physical edge, Frontier ecosystem, Elite peer/collaborator, Elite institution/pipeline, Direct domain exposure","IMO participant, MIT graduate and early work on LLM-powered search before Cursor.",Medium,1,https://www.hurun.net/en-US/Info/Detail?num=7OUKOTSI3K1B,https://www.hurun.net/en-US/Info/Detail?num=7OUKOTSI3K1B,curated_interpretive_beta,not_independently_audited,0.1.0-beta
aman-sanger,Aman Sanger,Founders / operators,AI founder,24,Co-founded Anysphere/Cursor,MIT technical network and sustained collaboration with three peers before the coding-agent market exploded.,Technical execution,Scarce technical / intellectual depth,Elite team + timing,1,2,3,1,3,2,3,3,2,2,22,4,Medium,Not established in the reviewed public biography.,No directly relevant parental/domain advantage established in the reviewed source.,0,0,0,2,2,0,0,2,0,2,0,0,2,2,4,Institutional ecosystem acceleration,"Frontier ecosystem, Elite peer/collaborator, Elite institution/pipeline, Direct domain exposure",MIT technical network and sustained collaboration with three peers before the coding-agent market exploded.,Medium,1,https://www.forbes.com/sites/sarahemerson/2024/12/03/30-under-30-ai-2025-the-young-entrepreneurs-coding-the-future/,https://www.forbes.com/sites/sarahemerson/2024/12/03/30-under-30-ai-2025-the-young-entrepreneurs-coding-the-future/,curated_interpretive_beta,not_independently_audited,0.1.0-beta
arvid-lunnemark,Arvid Lunnemark,Founders / operators,AI founder,25,Co-founded Anysphere/Cursor,"IMO gold and IOI silver medalist, then MIT work in performance engineering, cryptography and game theory.",Technical depth,Scarce technical / intellectual depth,Elite team + timing,1,3,3,1,3,2,3,3,2,2,23,4,Medium,Not established in the reviewed public biography.,No directly relevant parental/domain advantage established in the reviewed source.,0,0,0,2,2,0,0,2,0,2,2,0,3,3,5,Institutional ecosystem acceleration,"Prodigy/physical edge, Frontier ecosystem, Elite peer/collaborator, Elite institution/pipeline, Direct domain exposure","IMO gold and IOI silver medalist, then MIT work in performance engineering, cryptography and game theory.",Medium,1,https://www.linkedin.com/in/arvid-lunnemark,https://www.linkedin.com/in/arvid-lunnemark,curated_interpretive_beta,not_independently_audited,0.1.0-beta
brendan-foody,Brendan Foody,Founders / operators,AI founder,20,Co-founded Mercor,High-school debate teammate of his cofounders; serial entrepreneurial experiments and strong persuasion/sales ability preceded Mercor.,Sales/distribution,Distribution / audience,High-trust team + timing,1,3,2,3,3,2,3,3,2,2,24,4,Medium,Not established in the reviewed public biography.,No directly relevant parental/domain advantage established in the reviewed source.,0,0,0,0,0,0,0,2,0,2,0,0,0,0,2,High-trust peer team,"Elite peer/collaborator, Direct domain exposure",High-school debate teammate of his cofounders; serial entrepreneurial experiments and strong persuasion/sales ability preceded Mercor.,Medium,1,https://en.wikipedia.org/wiki/Mercor,https://en.wikipedia.org/wiki/Mercor,curated_interpretive_beta,not_independently_audited,0.1.0-beta
adarsh-hiremath,Adarsh Hiremath,Founders / operators,AI founder,20,Co-founded Mercor as CTO,"High-school debate network, strong technical ability and willingness to leave Harvard to build full-time.",Technical depth,Scarce technical / intellectual depth,High-trust team + timing,1,2,3,1,3,2,3,3,2,2,22,4,Medium,Not established in the reviewed public biography.,No directly relevant parental/domain advantage established in the reviewed source.,0,0,0,2,2,0,0,2,0,2,0,0,2,2,4,Institutional ecosystem acceleration,"Frontier ecosystem, Elite peer/collaborator, Elite institution/pipeline, Direct domain exposure","High-school debate network, strong technical ability and willingness to leave Harvard to build full-time.",Medium,1,https://en.wikipedia.org/wiki/Mercor,https://en.wikipedia.org/wiki/Mercor,curated_interpretive_beta,not_independently_audited,0.1.0-beta
surya-midha,Surya Midha,Founders / operators,AI founder,20,Co-founded Mercor,"Long-standing debate-team relationship with Foody and Hiremath, combining trust, communication and execution.",Team/network,Network / capital,Timing + execution,1,2,2,2,3,2,3,3,2,2,22,4,Medium,Not established in the reviewed public biography.,No directly relevant parental/domain advantage established in the reviewed source.,0,0,0,0,0,0,0,2,0,2,0,0,0,0,2,High-trust peer team,"Elite peer/collaborator, Direct domain exposure","Long-standing debate-team relationship with Foody and Hiremath, combining trust, communication and execution.",Medium,1,https://en.wikipedia.org/wiki/Mercor,https://en.wikipedia.org/wiki/Mercor,curated_interpretive_beta,not_independently_audited,0.1.0-beta
chris-zhu,Chris Zhu,Founders / operators,AI hardware founder,22,Co-founded Etched,"Harvard mathematics/computer science, teaching and internship experience; left school to make a concentrated transformer-chip bet.",Technical depth,Scarce technical / intellectual depth,Contrarian timing,1,2,3,0,3,2,3,3,2,2,21,4,High,Not established in the reviewed public biography.,No directly relevant parental/domain advantage established in the reviewed source.,0,0,0,2,2,1,0,2,0,2,0,0,3,2,5,Institutional ecosystem acceleration,"Frontier ecosystem, Elite peer/collaborator, Elite institution/pipeline, Direct domain exposure","Harvard mathematics/computer science, teaching and internship experience; left school to make a concentrated transformer-chip bet.",Medium,1,https://www.rambus.com/blogs/from-dorm-room-beginnings-to-a-pioneer-in-the-ai-chip-revolution-how-etched-is-collaborating-with-rambus-to-achieve-their-vision/,https://www.rambus.com/blogs/from-dorm-room-beginnings-to-a-pioneer-in-the-ai-chip-revolution-how-etched-is-collaborating-with-rambus-to-achieve-their-vision/,curated_interpretive_beta,not_independently_audited,0.1.0-beta
gavin-uberti,Gavin Uberti,Founders / operators,AI hardware founder,22,Co-founded Etched,Harvard math/CS and prior AI systems experience; teamed with Zhu around specialized inference hardware.,Technical depth,Scarce technical / intellectual depth,Contrarian timing,1,2,3,1,3,2,3,3,2,2,22,4,High,Not established in the reviewed public biography.,No directly relevant parental/domain advantage established in the reviewed source.,0,0,0,2,2,1,0,2,0,2,0,0,3,2,5,Institutional ecosystem acceleration,"Frontier ecosystem, Elite peer/collaborator, Elite institution/pipeline, Direct domain exposure",Harvard math/CS and prior AI systems experience; teamed with Zhu around specialized inference hardware.,Medium,1,https://www.reuters.com/technology/artificial-intelligence/ai-startup-etched-raises-120-million-develop-specialized-chip-2024-06-25/,https://www.reuters.com/technology/artificial-intelligence/ai-startup-etched-raises-120-million-develop-specialized-chip-2024-06-25/,curated_interpretive_beta,not_independently_audited,0.1.0-beta
chungin-roy-lee,"Chungin ""Roy"" Lee",Founders / operators,AI founder/marketer,21,Co-founded Cluely after Interview Coder went viral,"Built a controversial real-time interview aid, accepted institutional punishment and converted attention into company distribution.",Viral distribution,Distribution / audience,Fast product execution,1,2,2,3,3,2,3,3,2,2,23,3,Medium,Not established in the reviewed public biography.,No directly relevant parental/domain advantage established in the reviewed source.,0,0,0,0,0,0,0,2,0,2,0,1,0,0,3,High-trust peer team,"Elite peer/collaborator, Direct domain exposure, Constraint-driven urgency","Built a controversial real-time interview aid, accepted institutional punishment and converted attention into company distribution.",Medium,1,https://en.wikipedia.org/wiki/Cluely,https://en.wikipedia.org/wiki/Cluely,curated_interpretive_beta,not_independently_audited,0.1.0-beta
avi-schiffmann,Avi Schiffmann,Founders / operators,Technology founder,17,Built a globally used COVID-19 tracking site,"Self-taught builder who repeatedly launched timely public-interest products, later using that reputation to raise for Friend.",Timing + public distribution,Distribution / audience,Technical execution,1,3,2,3,3,1,3,3,1,2,22,3,Medium,Not established in the reviewed public biography.,No directly relevant parental/domain advantage established in the reviewed source.,0,0,0,0,0,0,0,1,0,2,0,0,0,0,2,Self-created domain repetition,"Direct domain exposure, Elite peer/collaborator","Self-taught builder who repeatedly launched timely public-interest products, later using that reputation to raise for Friend.",Medium,1,https://en.wikipedia.org/wiki/Avi_Schiffmann,https://en.wikipedia.org/wiki/Avi_Schiffmann,curated_interpretive_beta,not_independently_audited,0.1.0-beta
edward-tian,Edward Tian,Founders / operators,AI founder,22,"Launched GPTZero, reaching rapid viral adoption","Studied computer science and journalism at Princeton, then built over a holiday break in direct response to ChatGPT's classroom impact.",Timing/product wedge,Product / domain insight,Media distribution,0,2,2,3,3,2,3,3,2,2,22,3,High,Not established in the reviewed public biography.,No directly relevant parental/domain advantage established in the reviewed source.,0,0,0,2,2,0,0,2,0,2,0,0,2,2,4,Institutional ecosystem acceleration,"Frontier ecosystem, Elite peer/collaborator, Elite institution/pipeline, Direct domain exposure","Studied computer science and journalism at Princeton, then built over a holiday break in direct response to ChatGPT's classroom impact.",Medium,1,https://gptzero.me/news/inside-gptzeros-office-hours-with-founder-edward-tian/,https://gptzero.me/news/inside-gptzeros-office-hours-with-founder-edward-tian/,curated_interpretive_beta,not_independently_audited,0.1.0-beta
ethan-thornton,Ethan Thornton,Founders / operators,Defense founder,19,Founded Mach Industries,"Grew up around machinery, ran metal/woodworking operations in high school, built prototypes and left MIT for a defense thesis.",Hardware/operations depth,Scarce technical / intellectual depth,Concentration + capital,1,3,3,1,3,1,3,3,2,2,22,4,Medium,"Access to machinery, workshops and enough autonomy to run metal/woodworking operations in high school.",Family/environment provided direct hands-on manufacturing exposure.,1,1,0,2,2,2,0,1,0,2,0,0,5,3,7,Institutional ecosystem acceleration,"Rare tools/facilities, Frontier ecosystem, Elite institution/pipeline, Direct domain exposure","Grew up around machinery, ran metal/woodworking operations in high school, built prototypes and left MIT for a defense thesis. Family: Access to machinery, workshops and enough autonomy to run metal/woodworking operations in high school. Parents/family: Family/environment provided direct hands-on manufacturing exposure.",Medium,1,https://research.contrary.com/company/mach-industries,https://research.contrary.com/company/mach-industries,curated_interpretive_beta,not_independently_audited,0.1.0-beta
steven-wang,Steven Wang,Founders / operators,Fintech founder,19,Founded dub,"Sold small creations as a child, left high school to co-found a VR startup that was acquired, worked at Apple and later left Harvard.",Prior reps,Early specialization / prior reps,Product + network,1,3,2,3,3,1,3,3,2,2,23,4,Medium,Not established in the reviewed public biography.,No directly relevant parental/domain advantage established in the reviewed source.,0,0,0,2,2,1,0,1,0,2,0,0,3,2,5,Institutional ecosystem acceleration,"Frontier ecosystem, Elite institution/pipeline, Direct domain exposure, Rare tools/facilities","Sold small creations as a child, left high school to co-found a VR startup that was acquired, worked at Apple and later left Harvard.",Medium,1,https://www.businessinsider.com/harvard-dropped-out-business-entrepreneur-dub-2025-2,https://www.businessinsider.com/harvard-dropped-out-business-entrepreneur-dub-2025-2,curated_interpretive_beta,not_independently_audited,0.1.0-beta
alfred-wahlforss,Alfred Wahlforss,Founders / operators,AI founder,25,Co-founded Listen Labs,"Computer science/data-science training, prior startups and research into AI-moderated qualitative interviews.",Technical product insight,Scarce technical / intellectual depth,Prior reps + enterprise sales,1,3,3,2,3,2,3,3,2,2,24,4,High,Not established in the reviewed public biography.,No directly relevant parental/domain advantage established in the reviewed source.,0,0,0,2,2,0,0,2,0,2,0,0,2,2,4,Institutional ecosystem acceleration,"Frontier ecosystem, Elite peer/collaborator, Elite institution/pipeline, Direct domain exposure","Computer science/data-science training, prior startups and research into AI-moderated qualitative interviews.",Medium,1,https://sequoiacap.com/podcast/knowing-what-your-customers-want-all-the-time-listen-labs-alfred-wahlforss/,https://sequoiacap.com/podcast/knowing-what-your-customers-want-all-the-time-listen-labs-alfred-wahlforss/,curated_interpretive_beta,not_independently_audited,0.1.0-beta
allan-maman,Allan Maman,Founders / operators,Consumer fintech founder,18,Built and scaled Fidget360 before later co-founding Bloom,"Started businesses in high school, manufactured and sold fidget spinners, then used growth experience in politics and fintech.",Distribution/growth,Distribution / audience,Prior reps,1,3,1,3,2,2,3,3,1,2,21,3,Medium,Not established in the reviewed public biography.,No directly relevant parental/domain advantage established in the reviewed source.,0,0,0,0,0,0,0,2,0,2,0,0,0,0,2,High-trust peer team,"Elite peer/collaborator, Direct domain exposure","Started businesses in high school, manufactured and sold fidget spinners, then used growth experience in politics and fintech.",Medium,1,https://mercury.com/blog/founder-spotlight-allan-maman-bloom,https://mercury.com/blog/founder-spotlight-allan-maman-bloom,curated_interpretive_beta,not_independently_audited,0.1.0-beta
andrew-zelaya,Andrew Zelaya,Founders / operators,Healthtech founder,21,Co-founded Gradia Health and raised institutional funding,Stanford CS student with thousands of hours of personal clinic exposure; dropped out to build ongoing-care software.,Lived problem,Product / domain insight,Technical execution + network,0,2,2,1,3,2,3,3,2,2,20,3,High,Not established in the reviewed public biography.,No directly relevant parental/domain advantage established in the reviewed source.,0,0,0,2,2,0,0,2,0,2,0,1,2,2,5,Institutional ecosystem acceleration,"Frontier ecosystem, Elite peer/collaborator, Elite institution/pipeline, Direct domain exposure",Stanford CS student with thousands of hours of personal clinic exposure; dropped out to build ongoing-care software.,Medium,1,https://www.ycombinator.com/companies/gradia-health,https://www.ycombinator.com/companies/gradia-health,curated_interpretive_beta,not_independently_audited,0.1.0-beta
rithvik-seela,Rithvik Seela,Founders / operators,Healthtech founder,21,Co-founded Gradia Health,Stanford CS plus extensive clinic exposure for personal reasons; spent time observing care workflows before dropping out.,Lived problem,Product / domain insight,Product/operations,0,2,2,1,3,2,3,3,2,2,20,3,Medium,Not established in the reviewed public biography.,No directly relevant parental/domain advantage established in the reviewed source.,0,0,0,2,2,0,0,2,0,2,0,1,2,2,5,Institutional ecosystem acceleration,"Frontier ecosystem, Elite peer/collaborator, Elite institution/pipeline, Direct domain exposure",Stanford CS plus extensive clinic exposure for personal reasons; spent time observing care workflows before dropping out.,Medium,1,https://www.healthcareittoday.com/2023/07/27/gradia-health-secures-4-2m-in-seed-funding-to-improve-ongoing-care-for-patients-with-chronic-conditions/,https://www.healthcareittoday.com/2023/07/27/gradia-health-secures-4-2m-in-seed-funding-to-improve-ongoing-care-for-patients-with-chronic-conditions/,curated_interpretive_beta,not_independently_audited,0.1.0-beta
alex-rothberg,Alex Rothberg,Founders / operators,Healthtech founder,21,Co-founded Intus Care while at Brown,"Built with Brown classmates, won university venture support and developed around a specific elder-care operating model.",Domain-specific product,Product / domain insight,University ecosystem + team,0,2,2,1,3,2,2,3,2,2,19,3,High,Not established in the reviewed public biography.,No directly relevant parental/domain advantage established in the reviewed source.,0,0,0,2,2,0,0,2,0,2,0,0,2,2,4,Institutional ecosystem acceleration,"Frontier ecosystem, Elite peer/collaborator, Elite institution/pipeline, Direct domain exposure","Built with Brown classmates, won university venture support and developed around a specific elder-care operating model.",Medium,1,https://entrepreneurship.brown.edu/brown-ventures-action/intus-care,https://entrepreneurship.brown.edu/brown-ventures-action/intus-care,curated_interpretive_beta,not_independently_audited,0.1.0-beta
steven-schwartz,Steven Schwartz,Founders / operators,Marketplace founder,20,Co-founded Whop after years selling digital products,Met Cameron Zoub at 13 through sneaker-reselling communities; they built bots and digital businesses together for years.,Native distribution,Distribution / audience,Prior reps + team,1,3,2,3,2,2,3,3,1,2,22,4,Medium,Not established in the reviewed public biography.,No directly relevant parental/domain advantage established in the reviewed source.,0,0,0,0,0,0,0,2,0,2,0,0,0,0,2,High-trust peer team,"Elite peer/collaborator, Direct domain exposure",Met Cameron Zoub at 13 through sneaker-reselling communities; they built bots and digital businesses together for years.,Medium,1,https://en.wikipedia.org/wiki/Whop.com,https://en.wikipedia.org/wiki/Whop.com,curated_interpretive_beta,not_independently_audited,0.1.0-beta
cameron-zoub,Cameron Zoub,Founders / operators,Marketplace founder,20,Co-founded Whop,"Built sneaker bots and online products with Schwartz from early adolescence, later owning growth at Whop.",Distribution/growth,Distribution / audience,High-trust cofounder,1,3,2,3,2,2,3,3,1,2,22,4,Medium,Not established in the reviewed public biography.,No directly relevant parental/domain advantage established in the reviewed source.,0,0,0,0,0,0,0,2,1,2,0,0,0,0,3,High-trust peer team,"Elite peer/collaborator, Direct domain exposure, Early platform/community","Built sneaker bots and online products with Schwartz from early adolescence, later owning growth at Whop.",Medium,1,https://en.wikipedia.org/wiki/Whop.com,https://en.wikipedia.org/wiki/Whop.com,curated_interpretive_beta,not_independently_audited,0.1.0-beta
jimmy-donaldson,Jimmy Donaldson,Creators / artists,Creator-entrepreneur,18,Reached meaningful YouTube scale; later built the MrBeast content machine,"Uploaded from age 13, studied YouTube obsessively with peers, tested formats for years and reinvested nearly everything.",Algorithmic distribution,Distribution / audience,Extreme experimentation,1,3,2,3,2,2,3,3,1,2,22,4,Medium,Not established in the reviewed public biography.,No directly relevant parental/domain advantage established in the reviewed source.,0,0,0,0,1,1,0,2,2,2,0,0,2,0,5,Platform-native compounding,"Elite peer/collaborator, Early platform/community, Direct domain exposure, Rare tools/facilities","Uploaded from age 13, studied YouTube obsessively with peers, tested formats for years and reinvested nearly everything.",Medium,1,https://en.wikipedia.org/wiki/MrBeast,https://en.wikipedia.org/wiki/MrBeast,curated_interpretive_beta,not_independently_audited,0.1.0-beta
marques-brownlee,Marques Brownlee,Creators / artists,Creator-entrepreneur,20,Built a 1.8M-subscriber technology review channel,"Started reviewing products in high school, published consistently for six years and improved production while studying.",Technical distribution,Distribution / audience,Consistency + domain credibility,1,3,2,3,1,1,3,3,1,2,20,4,Medium,"Stable professional family with early access to computers, cameras and consumer electronics.","Parents supported technology interests and a long, low-revenue creation period.",1,1,0,0,0,1,0,1,2,2,0,0,3,0,6,Platform-native compounding,"Early platform/community, Direct domain exposure, Rare tools/facilities, Parent/domain knowledge","Started reviewing products in high school, published consistently for six years and improved production while studying. Family: Stable professional family with early access to computers, cameras and consumer electronics. Parents/family: Parents supported technology interests and a long, low-revenue creation period.",Medium,1,https://www.wired.com/2014/11/marques-brownlee,https://www.wired.com/2014/11/marques-brownlee,curated_interpretive_beta,not_independently_audited,0.1.0-beta
felix-kjellberg-pewdiepie,Felix Kjellberg (PewDiePie),Creators / artists,Creator-entrepreneur,24,Became YouTube's most-subscribed individual creator,"Made gaming commentary at high volume, connected directly with internet gaming culture and benefited from YouTube's global expansion.",Native distribution,Distribution / audience,Timing/platform wave,1,3,1,3,1,1,3,3,1,2,19,4,Medium,Comfortable professional Swedish household with safety to experiment before YouTube monetization matured.,Mother was a corporate information executive and father a corporate executive.,1,1,0,0,1,0,0,1,2,2,0,0,3,0,6,Platform-native compounding,"Early platform/community, Direct domain exposure, Parent/domain knowledge, Frontier ecosystem","Made gaming commentary at high volume, connected directly with internet gaming culture and benefited from YouTube's global expansion. Family: Comfortable professional Swedish household with safety to experiment before YouTube monetization matured. Parents/family: Mother was a corporate information executive and father a corporate executive.",Medium,1,https://en.wikipedia.org/wiki/PewDiePie,https://en.wikipedia.org/wiki/PewDiePie,curated_interpretive_beta,not_independently_audited,0.1.0-beta
ksi,KSI,Creators / artists,Creator-entrepreneur,19,Built a major YouTube audience from gaming content,"Posted from adolescence, developed a distinctive on-camera personality and repeatedly expanded into music, boxing and businesses.",Personality distribution,Distribution / audience,Cross-platform expansion,1,3,1,3,1,2,3,3,1,2,20,4,Medium,Not established in the reviewed public biography.,No directly relevant parental/domain advantage established in the reviewed source.,0,0,0,0,0,1,0,2,2,2,0,0,1,0,4,Platform-native compounding,"Elite peer/collaborator, Early platform/community, Direct domain exposure, Rare tools/facilities","Posted from adolescence, developed a distinctive on-camera personality and repeatedly expanded into music, boxing and businesses.",Medium,1,https://en.wikipedia.org/wiki/KSI,https://en.wikipedia.org/wiki/KSI,curated_interpretive_beta,not_independently_audited,0.1.0-beta
emma-chamberlain,Emma Chamberlain,Creators / artists,Creator-entrepreneur,17,Became a breakout YouTube creator,"Started at 16, developed a distinct editing voice and authentic persona, then moved into Los Angeles creator networks.",Creative taste,Product / domain insight,Native distribution,1,2,2,3,2,1,3,3,1,2,20,4,Medium,Parents divorced and finances were at times strained; no inherited media platform.,Father was an artist and supported creative experimentation.,0,1,0,0,2,1,0,1,2,2,0,1,3,1,7,Platform-native compounding,"Frontier ecosystem, Early platform/community, Direct domain exposure, Rare tools/facilities","Started at 16, developed a distinct editing voice and authentic persona, then moved into Los Angeles creator networks. Family: Parents divorced and finances were at times strained; no inherited media platform. Parents/family: Father was an artist and supported creative experimentation.",Medium,1,https://en.wikipedia.org/wiki/Emma_Chamberlain,https://en.wikipedia.org/wiki/Emma_Chamberlain,curated_interpretive_beta,not_independently_audited,0.1.0-beta
bhuvan-bam,Bhuvan Bam,Creators / artists,Creator-entrepreneur,21,Built BB Ki Vines into a major Indian channel,"Used a phone, repeatable characters and Hindi observational humor suited to mobile-first Indian audiences.",Localized distribution,Distribution / audience,Creative character craft,0,2,2,3,1,0,3,3,0,2,16,4,Medium,Not established in the reviewed public biography.,No directly relevant parental/domain advantage established in the reviewed source.,0,0,0,0,0,0,0,0,2,2,0,0,0,0,2,Platform-native compounding,"Early platform/community, Direct domain exposure","Used a phone, repeatable characters and Hindi observational humor suited to mobile-first Indian audiences.",Medium,1,https://en.wikipedia.org/wiki/Bhuvan_Bam,https://en.wikipedia.org/wiki/Bhuvan_Bam,curated_interpretive_beta,not_independently_audited,0.1.0-beta
ajey-nagar-carryminati,Ajey Nagar (CarryMinati),Creators / artists,Creator-entrepreneur,17,Built a large Hindi gaming/roast audience,Experimented with YouTube from around age ten and iterated through multiple channel formats before breakout.,Native distribution,Distribution / audience,Years of prior reps,1,3,1,3,1,0,3,3,1,2,18,4,Medium,Not established in the reviewed public biography.,No directly relevant parental/domain advantage established in the reviewed source.,0,0,0,0,1,1,0,0,2,2,0,0,2,0,4,Platform-native compounding,"Early platform/community, Direct domain exposure, Rare tools/facilities, Frontier ecosystem",Experimented with YouTube from around age ten and iterated through multiple channel formats before breakout.,Medium,1,https://en.wikipedia.org/wiki/CarryMinati,https://en.wikipedia.org/wiki/CarryMinati,curated_interpretive_beta,not_independently_audited,0.1.0-beta
nuseir-yassin,Nuseir Yassin,Creators / artists,Creator-entrepreneur,24,"Quit Venmo to begin 1,000 daily Nas Daily videos","Harvard and software-job runway, prior startup attempts and an explicit high-volume public commitment.",Distribution through consistency,Distribution / audience,Financial runway + storytelling,0,2,1,3,3,1,3,3,2,2,20,3,Medium,Middle-class family plus Harvard and software-job runway; no inherited audience.,Educated professional household strongly emphasized schooling.,1,1,0,2,2,0,0,1,2,2,0,0,4,2,7,Platform-native compounding,"Frontier ecosystem, Elite institution/pipeline, Early platform/community, Direct domain exposure","Harvard and software-job runway, prior startup attempts and an explicit high-volume public commitment. Family: Middle-class family plus Harvard and software-job runway; no inherited audience. Parents/family: Educated professional household strongly emphasized schooling.",Medium,1,https://en.wikipedia.org/wiki/Nas_Daily,https://en.wikipedia.org/wiki/Nas_Daily,curated_interpretive_beta,not_independently_audited,0.1.0-beta
ali-abdaal,Ali Abdaal,Creators / artists,Creator-entrepreneur,23,Built an education/productivity channel alongside medical training,Cambridge medicine supplied credibility; teaching experience and searchable exam content created initial distribution.,Expertise-based distribution,Distribution / audience,Consistency/productization,0,2,2,3,3,1,3,3,2,2,21,3,Medium,Highly education-oriented professional family and Cambridge access.,Medical/academic family context supported entry into medicine and teaching credibility.,1,1,0,2,0,0,0,1,2,2,0,0,3,1,6,Platform-native compounding,"Elite institution/pipeline, Early platform/community, Direct domain exposure, Parent/domain knowledge",Cambridge medicine supplied credibility; teaching experience and searchable exam content created initial distribution. Family: Highly education-oriented professional family and Cambridge access. Parents/family: Medical/academic family context supported entry into medicine and teaching credibility.,Medium,1,https://en.wikipedia.org/wiki/Ali_Abdaal,https://en.wikipedia.org/wiki/Ali_Abdaal,curated_interpretive_beta,not_independently_audited,0.1.0-beta
kylie-jenner,Kylie Jenner,Founders / operators,Consumer brand founder,18,Launched Kylie Lip Kits with immediate large-scale demand,"Inherited enormous family media reach, capital, management and social distribution before launching a product.",Inherited distribution,Distribution / audience,Capital/network,1,1,1,3,3,2,3,2,2,1,19,4,Medium,"Inherited global celebrity, management, production infrastructure, capital and social distribution.","Family members were already expert operators in reality television, celebrity management and brand monetization.",2,2,2,0,2,0,0,2,2,1,0,0,4,4,7,Inherited distribution/capital,"Parent/domain knowledge, Inherited platform/network, Frontier ecosystem, Family capital/safety, Elite peer/collaborator","Inherited enormous family media reach, capital, management and social distribution before launching a product. Family: Inherited global celebrity, management, production infrastructure, capital and social distribution. Parents/family: Family members were already expert operators in reality television, celebrity management and brand monetization.",Medium,1,https://en.wikipedia.org/wiki/Kylie_Jenner,https://en.wikipedia.org/wiki/Kylie_Jenner,curated_interpretive_beta,not_independently_audited,0.1.0-beta
taylor-swift,Taylor Swift,Creators / artists,Artist-entrepreneur,16,Released a successful debut album,"Wrote songs from childhood, moved near Nashville with family support and performed/pitched persistently inside the music industry.",Early specialization,Early specialization / prior reps,Storytelling + industry network,1,3,3,3,3,2,2,3,2,2,24,4,Medium,"Affluent, highly involved family financed lessons, travel, relocation to Nashville, management and an early label stake.",Father brought finance/business skills; mother brought marketing/logistics and full-time career support.,2,2,1,0,2,1,2,2,0,2,0,0,6,4,8,Inherited distribution/capital,"Parent/domain knowledge, Frontier ecosystem, Family capital/safety, Elite peer/collaborator, Direct domain exposure","Wrote songs from childhood, moved near Nashville with family support and performed/pitched persistently inside the music industry. Family: Affluent, highly involved family financed lessons, travel, relocation to Nashville, management and an early label stake. Parents/family: Father brought finance/business skills; mother brought marketing/logistics and full-time career support.",Medium,1,https://en.wikipedia.org/wiki/Taylor_Swift,https://en.wikipedia.org/wiki/Taylor_Swift,curated_interpretive_beta,not_independently_audited,0.1.0-beta
billie-eilish,Billie Eilish,Creators / artists,Artist-entrepreneur,15,Broke out globally with 'Ocean Eyes',"Home-schooled in a musical family, created with her brother Finneas and distributed music through SoundCloud.",Creative specialization,Early specialization / prior reps,Complementary sibling + timing,1,3,3,3,2,2,3,3,2,2,24,4,Medium,Unusually supportive Los Angeles creative household with homeschooling and time autonomy.,Both parents were actors/musicians; brother Finneas became a world-class co-writer and producer.,1,2,0,0,2,2,0,2,2,2,0,0,4,3,7,Family-domain apprenticeship,"Rare tools/facilities, Parent/domain knowledge, Frontier ecosystem, Elite peer/collaborator, Early platform/community","Home-schooled in a musical family, created with her brother Finneas and distributed music through SoundCloud. Family: Unusually supportive Los Angeles creative household with homeschooling and time autonomy. Parents/family: Both parents were actors/musicians; brother Finneas became a world-class co-writer and producer.",Medium,2,https://en.wikipedia.org/wiki/Billie_Eilish,https://en.wikipedia.org/wiki/Billie_Eilish | https://people.com/all-about-billie-eilish-brother-finneas-8598180,curated_interpretive_beta,not_independently_audited,0.1.0-beta
linus-torvalds,Linus Torvalds,Researchers / independent engineers,Open-source engineer,21,Released the Linux kernel,"Programmed from childhood, studied computer science and published a useful system to an online developer community.",Technical depth,Scarce technical / intellectual depth,Open-source distribution,1,3,3,3,2,1,3,3,1,2,22,4,Medium,Educated Finnish family with home-computer and university access.,Journalistic/academic family and a statistician grandfather contributed intellectual exposure.,1,1,0,0,1,1,0,1,2,2,0,0,4,0,7,Platform-native compounding,"Early platform/community, Direct domain exposure, Rare tools/facilities, Parent/domain knowledge","Programmed from childhood, studied computer science and published a useful system to an online developer community. Family: Educated Finnish family with home-computer and university access. Parents/family: Journalistic/academic family and a statistician grandfather contributed intellectual exposure.",Medium,1,https://en.wikipedia.org/wiki/Linus_Torvalds,https://en.wikipedia.org/wiki/Linus_Torvalds,curated_interpretive_beta,not_independently_audited,0.1.0-beta
john-carmack,John Carmack,Founders / operators,Engineer-founder,22,"Built core technology behind Commander Keen, Wolfenstein 3D and Doom",Programmed intensively from childhood and became unusually deep in real-time graphics and engine optimization.,Technical depth,Scarce technical / intellectual depth,Concentration/intensity,1,3,3,1,1,2,3,3,0,2,19,4,Medium,No major family-capital advantage established; access came through personal computers and obsessive self-study.,No directly relevant parental graphics/programming advantage established.,0,0,0,0,0,0,0,2,2,2,0,0,0,0,3,Platform-native compounding,"Elite peer/collaborator, Early platform/community, Direct domain exposure",Programmed intensively from childhood and became unusually deep in real-time graphics and engine optimization. Family: No major family-capital advantage established; access came through personal computers and obsessive self-study. Parents/family: No directly relevant parental graphics/programming advantage established.,Medium,1,https://en.wikipedia.org/wiki/John_Carmack,https://en.wikipedia.org/wiki/John_Carmack,curated_interpretive_beta,not_independently_audited,0.1.0-beta
ilya-sutskever,Ilya Sutskever,Researchers / independent engineers,AI researcher,26,Co-authored AlexNet and joined the deep-learning breakthrough,Studied under Geoffrey Hinton in a uniquely strong research environment and focused deeply on neural networks before the field's explosion.,Research depth,Scarce technical / intellectual depth,Mentor/ecosystem,0,2,3,1,3,2,3,3,2,2,21,4,Medium,Immigrant family; no major family capital advantage established.,No directly relevant parental AI advantage established.,0,0,0,2,2,0,2,2,0,2,2,0,4,4,6,Institutional ecosystem acceleration,"Prodigy/physical edge, Frontier ecosystem, Elite peer/collaborator, Elite institution/pipeline, Direct domain exposure",Studied under Geoffrey Hinton in a uniquely strong research environment and focused deeply on neural networks before the field's explosion. Family: Immigrant family; no major family capital advantage established. Parents/family: No directly relevant parental AI advantage established.,Medium,1,https://en.wikipedia.org/wiki/Ilya_Sutskever,https://en.wikipedia.org/wiki/Ilya_Sutskever,curated_interpretive_beta,not_independently_audited,0.1.0-beta
terence-tao,Terence Tao,Researchers / independent engineers,Mathematician,24,Became a full professor at UCLA,"Internationally identified child prodigy, advanced education, Olympiad medals and sustained institutional support.",Exceptional innate/early talent,Early specialization / prior reps,Institutional acceleration,1,3,3,0,3,0,1,3,2,2,18,4,Medium,Highly educated professional household capable of supporting radical acceleration.,Mother taught mathematics/physics and father was a physician; parents and institutions designed accelerated education.,1,2,0,2,0,2,2,0,0,2,2,0,6,5,7,Elite performance pipeline,"Rare tools/facilities, Prodigy/physical edge, Parent/domain knowledge, Elite institution/pipeline, Direct domain exposure","Internationally identified child prodigy, advanced education, Olympiad medals and sustained institutional support. Family: Highly educated professional household capable of supporting radical acceleration. Parents/family: Mother taught mathematics/physics and father was a physician; parents and institutions designed accelerated education.",Medium,1,https://en.wikipedia.org/wiki/Terence_Tao,https://en.wikipedia.org/wiki/Terence_Tao,curated_interpretive_beta,not_independently_audited,0.1.0-beta
magnus-carlsen,Magnus Carlsen,Athletes,Athlete/competitor,22,Became world chess champion,"Learned young, showed exceptional memory and pattern recognition, received elite coaching and competed continuously from childhood.",Early specialization/talent,Early specialization / prior reps,Deliberate competition,1,3,3,2,3,1,2,3,2,2,22,4,Medium,Stable professional family able to travel extensively for tournaments.,"Engineer father introduced chess, recognized unusual ability, coached him and organized competition.",1,2,0,2,0,0,2,1,0,2,2,0,5,4,7,Elite performance pipeline,"Prodigy/physical edge, Parent/domain knowledge, Elite institution/pipeline, Direct domain exposure, Mentor/coach","Learned young, showed exceptional memory and pattern recognition, received elite coaching and competed continuously from childhood. Family: Stable professional family able to travel extensively for tournaments. Parents/family: Engineer father introduced chess, recognized unusual ability, coached him and organized competition.",Medium,1,https://en.wikipedia.org/wiki/Magnus_Carlsen,https://en.wikipedia.org/wiki/Magnus_Carlsen,curated_interpretive_beta,not_independently_audited,0.1.0-beta
lionel-messi,Lionel Messi,Athletes,Athlete,22,Won his first Ballon d'Or,"Exceptional early talent, academy development at Barcelona and medical/family support enabled a full-time football pipeline.",Early specialization/talent,Early specialization / prior reps,Elite institutional system,1,3,3,3,3,2,2,3,2,2,24,4,Medium,Working-class family; later made a major relocation sacrifice while Barcelona covered treatment and development.,Father coached locally and family organized the move to Spain.,0,1,0,2,2,2,2,2,0,2,2,2,6,5,9,Elite performance pipeline,"Rare tools/facilities, Prodigy/physical edge, Frontier ecosystem, Elite peer/collaborator, Elite institution/pipeline","Exceptional early talent, academy development at Barcelona and medical/family support enabled a full-time football pipeline. Family: Working-class family; later made a major relocation sacrifice while Barcelona covered treatment and development. Parents/family: Father coached locally and family organized the move to Spain.",Medium,1,https://en.wikipedia.org/wiki/Lionel_Messi,https://en.wikipedia.org/wiki/Lionel_Messi,curated_interpretive_beta,not_independently_audited,0.1.0-beta
serena-williams,Serena Williams,Athletes,Athlete,20,Reached world No. 1 and won multiple Grand Slams,Trained intensely from early childhood under parental coaching and entered elite competition as a teenager.,Early specialization/talent,Early specialization / prior reps,Family coaching + competition,1,3,3,3,3,2,2,3,2,2,24,4,Medium,Working/middle-class family in a dangerous neighborhood; no inherited elite-tennis network.,"Parents deliberately created a training plan, coached Serena and Venus from age four and selected elite coaching.",0,2,0,2,0,2,2,2,0,2,2,2,5,5,8,Elite performance pipeline,"Rare tools/facilities, Prodigy/physical edge, Parent/domain knowledge, Elite peer/collaborator, Elite institution/pipeline","Trained intensely from early childhood under parental coaching and entered elite competition as a teenager. Family: Working/middle-class family in a dangerous neighborhood; no inherited elite-tennis network. Parents/family: Parents deliberately created a training plan, coached Serena and Venus from age four and selected elite coaching.",Medium,1,https://en.wikipedia.org/wiki/Serena_Williams,https://en.wikipedia.org/wiki/Serena_Williams,curated_interpretive_beta,not_independently_audited,0.1.0-beta
pv-sindhu,PV Sindhu,Athletes,Athlete,21,Won Olympic silver in badminton,"Started badminton young, entered the Gopichand academy and followed a demanding elite training schedule for years.",Early specialization,Early specialization / prior reps,Elite coaching system,1,3,3,2,3,1,2,3,2,2,22,4,Medium,Stable sports family with deep knowledge of professional training and competition.,Both parents were national-level volleyball players; father represented India and won an Arjuna Award.,1,2,0,2,0,2,2,1,0,2,2,0,6,5,8,Elite performance pipeline,"Rare tools/facilities, Prodigy/physical edge, Parent/domain knowledge, Elite institution/pipeline, Direct domain exposure","Started badminton young, entered the Gopichand academy and followed a demanding elite training schedule for years. Family: Stable sports family with deep knowledge of professional training and competition. Parents/family: Both parents were national-level volleyball players; father represented India and won an Arjuna Award.",Medium,2,https://en.wikipedia.org/wiki/P._V._Sindhu,https://en.wikipedia.org/wiki/P._V._Sindhu | https://www.olympics.com/en/news/pv-sindhu-parents-pv-ramana-vijaya-indian-badminton-player-volleyball,curated_interpretive_beta,not_independently_audited,0.1.0-beta
neeraj-chopra,Neeraj Chopra,Athletes,Athlete,23,Won Olympic gold in javelin,"Began training as a teenager, entered national sports institutions and developed a rare physical/technical capability.",Specialized talent,Early specialization / prior reps,Institutional coaching,1,3,3,2,3,1,2,3,1,2,21,4,Medium,Agricultural family without an inherited elite-sport platform.,Family noticed health/fitness needs and enabled gym/sport participation; institutions later supplied elite coaching.,0,1,0,2,0,2,2,1,0,2,2,1,5,4,8,Elite performance pipeline,"Rare tools/facilities, Prodigy/physical edge, Elite institution/pipeline, Direct domain exposure, Mentor/coach","Began training as a teenager, entered national sports institutions and developed a rare physical/technical capability. Family: Agricultural family without an inherited elite-sport platform. Parents/family: Family noticed health/fitness needs and enabled gym/sport participation; institutions later supplied elite coaching.",Medium,1,https://en.wikipedia.org/wiki/Neeraj_Chopra,https://en.wikipedia.org/wiki/Neeraj_Chopra,curated_interpretive_beta,not_independently_audited,0.1.0-beta
virat-kohli,Virat Kohli,Athletes,Athlete,26,Became India's Test captain after a major international career,"Entered a cricket academy at nine, captained India's under-19 World Cup team and accumulated elite competition from childhood.",Early specialization,Early specialization / prior reps,Competitive intensity,1,3,3,3,3,2,2,3,2,2,24,4,Medium,Stable professional family that could fund academy participation and sustained competition.,"Father recognized talent, enrolled him in a formal cricket academy at nine and strongly supported the career.",1,2,0,2,0,2,2,2,0,2,2,0,6,5,8,Elite performance pipeline,"Rare tools/facilities, Prodigy/physical edge, Parent/domain knowledge, Elite peer/collaborator, Elite institution/pipeline","Entered a cricket academy at nine, captained India's under-19 World Cup team and accumulated elite competition from childhood. Family: Stable professional family that could fund academy participation and sustained competition. Parents/family: Father recognized talent, enrolled him in a formal cricket academy at nine and strongly supported the career.",Medium,1,https://en.wikipedia.org/wiki/Virat_Kohli,https://en.wikipedia.org/wiki/Virat_Kohli,curated_interpretive_beta,not_independently_audited,0.1.0-beta
alakh-pandey,Alakh Pandey,Creators / artists,Education creator-founder,26,Built a large Physics Wallah YouTube teaching audience before forming the company,"Taught physics for years, understood exam-prep students directly and used free Hindi instruction to build trust and distribution.",Expertise-based distribution,Distribution / audience,Lived customer problem,0,3,2,3,1,1,3,3,0,2,18,3,Medium,Documented financial constraints; family sacrifices and teaching income substituted for early capital.,No inherited education-business platform; advantage came from teaching repetitions and student proximity.,0,0,0,0,0,0,0,1,2,2,0,2,0,0,4,Constraint-driven self-creation,"Early platform/community, Direct domain exposure, Constraint-driven urgency, Elite peer/collaborator","Taught physics for years, understood exam-prep students directly and used free Hindi instruction to build trust and distribution. Family: Documented financial constraints; family sacrifices and teaching income substituted for early capital. Parents/family: No inherited education-business platform; advantage came from teaching repetitions and student proximity.",Medium,1,https://en.wikipedia.org/wiki/Physics_Wallah,https://en.wikipedia.org/wiki/Physics_Wallah,curated_interpretive_beta,not_independently_audited,0.1.0-beta
candidate-0159-anatoly-karpov,Anatoly Karpov,Athletes,Chess player,24,"Became World Chess Champion in 1975 at age 24 when Bobby Fischer defaulted, having already won the World Junior Championship (1969, age 18) and earned the grandmaster title (1970, age 19).","Karpov learned chess at age four and became a candidate master by eleven. At twelve he was accepted into Mikhail Botvinnik's prestigious chess school, and under Botvinnik's tutelage became the youngest Soviet master in history at fifteen in 1966. He won the World Junior Championship at Stockholm in 1969 at age 18, earned the grandmaster title in 1970, and through a series of Candidates tournament victories became World Chess Champion in 1975 at age 24.",Early specialization,Early specialization / prior reps,"Elite coaching (Botvinnik, Furman)",1,3,3,0,3,0,1,2,1,2,16,1,High,Karpov was born into a Russian family in Zlatoust in the Urals region. No specific information about parental occupation or financial status was found in reviewed sources.,Not documented in reviewed sources; no evidence that parents or close family members were chess players or had relevant domain expertise.,0,0,0,2,1,1,2,0,0,1,1,0,6,2,6,Elite performance pipeline,"Soviet chess pipeline, Botvinnik school, early prodigy, elite coaching, Furman","Karpov's early rise was driven by the Soviet chess pipeline: he learned chess at four, became a candidate master at eleven, and was accepted into Botvinnik's elite chess school at twelve. Botvinnik's sustained coaching transformed his game, making him the youngest Soviet master at fifteen. He later transferred to Leningrad State University to be closer to coach Semyon Furman. By 24 he was World Chess Champion. Family background is not documented in reviewed sources; the dominant early advantage was the elite Soviet chess development system and world-class coaching from Botvinnik and Furman.",High,3,https://en.wikipedia.org/wiki/Anatoly_Karpov,https://en.wikipedia.org/wiki/Anatoly_Karpov | https://www.britannica.com/biography/Anatoly-Yevgenyevich-Karpov | https://www.chess.com/players/anatoly-karpov,subagent_researched_beta,not_independently_audited,0.2.0-subagent-beta
candidate-0165-emerson-fittipaldi,Emerson Fittipaldi,Athletes,Racing driver,25,"Won the Formula One World Drivers' Championship in 1972 at age 25 with Team Lotus, becoming the youngest ever F1 world champion at the time, a record held for 33 years.","Fittipaldi grew up in a motorsports family in São Paulo, racing motorcycles at 14, hydroplanes at 16, and karts at 17 before moving to cars at 18. He won the Brazilian Formula Vee title at 21, then moved to England in 1969 with no money, working as a mechanic to fund his Formula Ford racing. His talent was quickly spotted by Jim Russell, who put him in an F3 car, and within two years he was in Formula One with Lotus, winning his first Grand Prix in 1970 and the World Championship in 1972 at age 25.",Physical talent,Physical / athletic talent,Family domain expertise,1,2,2,0,2,1,1,2,1,2,14,1,High,"Born in São Paulo to Wilson Fittipaldi Sr, an Italian-Brazilian motorsports journalist and radio commentator who organized the first Mil Milhas race in 1956, and Józefa Wojciechowska, an immigrant from Saint Petersburg of Polish and Russian descent. Both parents had raced production cars after WWII. Emerson and his brother Wilson became motorsports enthusiasts as young children and built a company with their parents to fund their racing.","Deep family immersion in motorsports: father was a motorsports journalist, commentator, and race organizer; both parents raced production cars; brother Wilson was also a racing driver and Formula One team owner. The family built a business together to support the brothers' racing careers.",1,2,1,1,1,1,1,1,0,2,1,1,11,2,11,Family-domain apprenticeship,"Motorsports family, father journalist and race organizer, brother racing partner, hands-on from childhood, worked as mechanic in England","Fittipaldi's racing career was built on deep family-domain immersion: his father was a motorsports journalist and race organizer, both parents had raced cars, and his brother Wilson was his racing partner. The family built a company together to fund the brothers' racing. Emerson started racing at 14 (motorcycles), moved to cars at 18, and won the Brazilian Formula Vee at 21. He then moved to England with no money, working as a mechanic to fund Formula Ford racing. His natural talent was quickly recognized by Jim Russell and Colin Chapman, propelling him to the F1 World Championship at 25. The combination of family domain expertise, early hands-on exposure, and natural driving talent defined his early path.",High,3,https://en.wikipedia.org/wiki/Emerson_Fittipaldi,https://en.wikipedia.org/wiki/Emerson_Fittipaldi | https://www.autosport.com/f1/news/fittipaldi-how-i-broke-into-formula-1-5104060/5104060/ | https://www.formula1.com/en/latest/article/lights-to-flag-emerson-fittipaldi-on-f1-title-glory-with-lotus-and-mclaren.3M9gKcppVYnrzd61ipWuKc,subagent_researched_beta,not_independently_audited,0.2.0-subagent-beta
candidate-0123-celine-dion,Celine Dion,Creators / artists,Singer,20,"Won the Eurovision Song Contest in 1988 at age 20 representing Switzerland, and had already recorded nine French-language albums with numerous Felix and Juno awards by age 18, making her a teen star across the Francophone world.","The youngest of 14 children in a poor but musical family in Charlemagne, Quebec, Dion began performing at her parents' piano bar at age five. At twelve, she and her mother wrote her first song, and a demo was sent to manager René Angélil, who was so moved he mortgaged his home to fund her debut album in 1981 when she was 13. She released nine French-language albums during the 1980s, won multiple Felix and Juno awards, became the first Canadian artist to receive a gold record in France, and won the Eurovision Song Contest in 1988 at age 20.",Early specialization,Early specialization / prior reps,Mentor commitment (Angélil),1,3,2,1,1,1,1,2,0,2,14,1,High,"Born the youngest of 14 children to Thérèse (née Tanguay), a homemaker, and Adhémar Dion, a butcher, in Charlemagne, Quebec. The family was poor; Dion wore hand-me-downs, shared a bed with sisters, and slept in a drawer as a baby. Both parents were musical: her mother was a violinist and her father an accordionist, and the family performed together.","Both parents were musicians (mother violinist, father accordionist) who ran a small piano bar called Le Vieux Baril. The family formed a singing group called Dion's Family and toured Canada when Céline was an infant. Music was deeply embedded in family life, with most of the 14 children active in show business.",0,1,0,0,0,0,2,1,0,1,2,1,6,2,6,Mentor-accelerated,"Dedicated mentor Angélil, prodigy voice, musical family, early performance, poverty urgency","Dion's early path was defined by an extraordinary vocal gift discovered in a poor but deeply musical family of 14 children in rural Quebec. Her parents were both musicians who ran a piano bar where she performed from age five. At twelve, her mother helped write her first song, and a demo reached manager René Angélil, who mortgaged his home to fund her debut album. Angélil's total commitment as a sustained mentor was the catalytic advantage. By 18 she had nine albums and multiple awards; at 20 she won Eurovision. Despite poverty and bullying, her prodigy-level voice and early immersion in performance drove her rapid ascent.",High,3,https://en.wikipedia.org/wiki/Celine_dion,https://en.wikipedia.org/wiki/Celine_dion | https://thecanadianencyclopedia.ca/en/article/celine-dion | https://www.britannica.com/question/How-did-Celine-Dion-start-her-music-career,subagent_researched_beta,not_independently_audited,0.2.0-subagent-beta
candidate-0258-roger-federer,Roger Federer,Athletes,Tennis player,21,"Won his first Wimbledon title in 2003 at age 21, and by age 26 (August 2007) had accumulated 12 Grand Slam singles titles including five consecutive Wimbledon championships, reaching world No. 1 in 2004.","Born in Basel to a Swiss father and South African mother, both employed at Ciba-Geigy Pharmaceuticals, Federer started playing tennis at age three on the company's private courts. He became the best in his age group by six, enrolled in the elite junior program at Old Boys Tennis Club at eight, and was coached by Peter Carter from ages 10 to 14 and 16 to 19. He won the U12 Swiss national junior championship at 12, trained at the Swiss National Tennis Center in Ecublens from 14, won the Wimbledon junior singles and doubles titles in 1998 at 17, and was named ITF World Junior Champion. He won his first ATP title in 2001 at 19 and his first Wimbledon in 2003 at 21.",Early specialization,Early specialization / prior reps,Elite coaching (Carter),1,3,3,0,2,0,1,2,1,2,15,1,High,"Born in Basel to Robert Federer, a Swiss father from Berneck, and Lynette Federer (née Durand), an Afrikaner mother from Kempton Park, South Africa. Both parents worked for Ciba-Geigy Pharmaceuticals, providing a middle-class background. He has one older sister, Diana. The family had access to the company's private tennis courts where Federer first played at age three.","Parents were not tennis professionals but worked at Ciba-Geigy, whose private tennis courts provided Federer's earliest playing environment. His mother enrolled him in the elite junior program at Old Boys Tennis Club at age eight, showing active investment in his tennis development. No evidence of parental tennis expertise or professional sports background.",1,0,0,2,1,1,2,0,0,1,1,1,8,2,8,Elite performance pipeline,"Swiss National Tennis Center, Peter Carter coaching, Ciba-Geigy courts, junior Wimbledon champion, ITF World Junior Champion","Federer's early path was shaped by the Swiss tennis development pipeline: company tennis courts at Ciba-Geigy where his parents worked, elite junior training at Old Boys Tennis Club from age eight, and the Swiss National Tennis Center at Ecublens from age 14. His most influential coach, Peter Carter, provided sustained individualized coaching from ages 10 to 19, credited by Federer for his entire technique. He won the Wimbledon junior title at 17 and was ITF World Junior Champion in 1998. His parents' middle-class stability and access to company tennis courts provided early infrastructure. A difficult period at Ecublens, dealing with bullying and homesickness, fostered his independence. By 21 he won his first Wimbledon, and by 26 he had 12 Grand Slam titles.",High,3,https://en.wikipedia.org/wiki/Roger_Federer,https://en.wikipedia.org/wiki/Roger_Federer | https://en.wikipedia.org/wiki/Roger_Federer_juniors_years | https://en.wikipedia.org/wiki/Roger_Federer%27s_early_career,subagent_researched_beta,not_independently_audited,0.2.0-subagent-beta
candidate-0293-věra-čáslavská,Věra Čáslavská,Athletes,Gymnast,22,"Won three Olympic gold medals at the 1964 Tokyo Olympics at age 22 (all-around, balance beam, vault), having already won a World Championship vault title in 1962 at age 20 and multiple European titles from 1959 onward. By 26 she had 22 international titles including seven Olympic golds.","Born in Prague, Čáslavská began as a figure skater before switching to gymnastics in her early teens. She trained under Czechoslovak gymnastics legend Eva Bosáková, sneaking into the gym to practice when Bosáková was away with the national team. She debuted internationally at the 1958 World Championships at age 16, winning a team silver. Her first individual international title came at the 1959 European Championships (gold on vault, silver on beam). She won her first world title (vault) at the 1962 World Championships at age 20, and dominated the 1964 Tokyo Olympics with three golds and a silver at age 22.",Early specialization,Early specialization / prior reps,Elite coaching (Bosáková),1,2,3,0,2,0,1,2,0,2,13,1,High,"Born in Prague, Protectorate of Bohemia and Moravia (now Czech Republic). Originally trained as a figure skater before switching to gymnastics. No specific information about parental occupation or financial status was found in reviewed sources.",Not documented in reviewed sources; no evidence of parental gymnastics or athletic background.,0,0,0,1,1,1,2,0,0,1,1,0,6,1,6,Mentor-accelerated,"Bosáková mentorship, Czech gymnastics system, early international debut, figure skating background","Čáslavská's early gymnastics career was shaped by her mentor Eva Bosáková, a Czechoslovak gymnastics legend who provided sustained, elite-level coaching. She began with figure skating before switching to gymnastics, training under Bosáková and sneaking into the gym for extra practice. Czechoslovakia was a gymnastics powerhouse, providing a strong training ecosystem. She debuted internationally at 16 at the 1958 World Championships, won her first European title at 17, her first world title at 20, and three Olympic golds at 22. Family background is not documented in reviewed sources. Her dominant early advantage was the combination of world-class mentorship and the Czechoslovak gymnastics pipeline.",Medium,3,https://en.wikipedia.org/wiki/V%C4%9Bra_%C4%8C%C3%A1slavsk%C3%A1,https://en.wikipedia.org/wiki/V%C4%9Bra_%C4%8C%C3%A1slavsk%C3%A1 | https://www.britannica.com/biography/Vera-Caslavska | https://www.gymnastics-history.com/2022/12/caslavskas-early-years-in-the-road-to-olympus/,subagent_researched_beta,not_independently_audited,0.2.0-subagent-beta
candidate-0039-eusebio,Eusébio,Athletes,Soccer player,20,"Won the 1962 European Cup final with Benfica, scoring two goals against Real Madrid at age 20, and finished as Ballon d'Or runner-up that same year.","Born in extreme poverty in the Mafalala neighborhood of Lourenço Marques, Mozambique, Eusébio played barefoot football with stuffed socks as a child. He joined Sporting Clube de Lourenço Marques at age 12, scored 77 goals in 42 appearances, and was spotted by Brazilian coach Carlos Bauer, leading to his signing by Benfica in 1961 at age 19. In his first full season he won the European Cup, scoring twice in the final against Real Madrid.",Physical talent,Physical / athletic talent,Early specialization,1,2,2,0,1,1,1,1,0,2,11,1,High,"Born to a white Angolan railroad worker father and a black Mozambican mother in the extremely poor Mafalala neighborhood. His father died of tetanus when Eusébio was eight, leaving his mother to raise him alone. Three of his siblings became engineers.","His father played football in his youth and supported Benfica, and worked as a kit man connection at a local club, providing early exposure to the sport. The family had no financial resources but football was part of the household culture.",0,1,0,1,1,0,1,0,0,2,2,2,8,3,8,Prodigy / physical edge,"prodigy talent, poverty, colonial scouting pipeline, Benfica system, fatherless upbringing","Eusébio grew up in extreme poverty in colonial Mozambique, playing barefoot football with improvised balls after his father died when he was eight. His exceptional speed, technique, and kicking power were evident from a young age, and he joined Sporting Lourenço Marques at 12, scoring prolifically. The Portuguese club scouting pipeline connecting Mozambique to Lisbon enabled his transfer to Benfica at 19, where coach Béla Guttman developed him. Within his first full season, he won the European Cup and became Ballon d'Or runner-up, demonstrating that his physical talent and early immersion in football overcame his complete lack of financial resources.",High,3,https://en.wikipedia.org/wiki/Eus%C3%A9bio,https://en.wikipedia.org/wiki/Eus%C3%A9bio | https://www.uefa.com/uefachampionsleague/news/0258-0e6a045944ea-75ee25be6a88-1000--1961-62-eusebio-strikes-gold-for-benfica/ | https://www.espn.com/soccer/story/_/id/37391398/land-eusebio,subagent_researched_beta,not_independently_audited,0.2.0-subagent-beta
candidate-0339-anatoly-fomenko,Anatoly Fomenko,Researchers / independent engineers,Mathematician,24,"Defended his PhD thesis in differential geometry at Moscow State University in December 1969 at age 24, having graduated from MSU's Mechanics and Mathematics Department in 1967.","Born in Donetsk and raised in Magadan in the Soviet Far East, Fomenko showed early mathematical talent, winning All-Soviet Union math olympiads and earning a gold medal in secondary school. He entered Moscow State University in 1962, graduated in 1967, and defended his PhD thesis on totally geodesic manifolds in 1969 under P.K. Rashevskii, one of the founders of the Soviet topology school.",Technical depth,Scarce technical / intellectual depth,Early specialization,1,2,2,0,2,0,1,1,1,1,11,3,Medium,"Son of an industrial engineer father (candidate of technical sciences) and a philologist mother who taught Russian language and literature. The family lived in Magadan in the Far East before moving to Luhansk, Ukraine. Both parents were academically inclined and later co-authored his works.","His father was a mining engineer with a candidate degree and 150 scientific articles, providing a scientifically oriented household. His mother was a teacher and philologist who fostered his interest in drawing and visualization, which later informed his topological work.",1,1,0,2,1,1,1,0,0,1,1,1,10,1,10,Institutional ecosystem acceleration,"educated family, MSU pipeline, math olympiads, Soviet education, topology mentorship","Fomenko grew up in an educated family in the Soviet Union, with an engineer father and teacher mother who provided an academically oriented environment. He won math olympiads in secondary school and entered Moscow State University, one of the world's top mathematics departments, where he studied under P.K. Rashevskii. The Soviet educational pipeline, including the olympiad system and MSU's differential geometry program, concentrated opportunity for talented students. He defended his PhD at 24, benefiting from the institutional ecosystem but also from nine difficult years in Magadan that shaped his determination.",Medium,4,https://en.wikipedia.org/wiki/Anatoly_Fomenko,https://en.wikipedia.org/wiki/Anatoly_Fomenko | https://www.mathgenealogy.org/id.php?id=59795 | https://chronologia.org/en/autors_fomenko.html | https://www.math.uci.edu/~vmm/mathart/ArtGalleryAnatoly/CV.html,subagent_researched_beta,not_independently_audited,0.2.0-subagent-beta
candidate-0348-viktor-saneyev,Viktor Saneyev,Athletes,Triple jumper,23,"Won the 1968 Olympic gold medal in the triple jump at age 23, setting a world record of 17.39m, and followed with the 1969 European Championship gold at age 24.","Born in Sukhumi, Georgian SSR, Saneyev took up athletics at age 11 in 1956, originally as a high jumper. A knee injury forced him to switch to the triple jump in 1963 at age 18, guided by coach Kerselyan. He finished third in the Schoolchildren's Spartakiad that year, then rose to win the USSR Championships and Olympic gold in 1968, setting the world record twice in the final.",Physical talent,Physical / athletic talent,Early specialization,1,2,2,0,2,0,1,1,1,1,11,2,Medium,"Not documented in reviewed sources. Saneyev was born in Sukhumi, Georgian SSR, and trained at Dynamo Sukhumi and later Dinamo Tbilisi, but no family background details were found in the sources reviewed.",Not documented in reviewed sources.,0,0,0,2,1,1,1,0,0,1,1,0,7,1,7,Elite performance pipeline,"Soviet sports system, Dynamo club, early athletics, coaching guidance","Saneyev entered the Soviet athletics pipeline at age 11, training at Dynamo Sukhumi and later Dinamo Tbilisi, which provided structured coaching and facilities. His coach Kerselyan guided his transition from high jump to triple jump after a knee injury, a pivotal decision that channeled his athletic ability. The Soviet sports system concentrated resources on promising athletes, providing the institutional support that enabled him to reach world-record level by 23. No family background information was available in the reviewed sources, so early-advantage scores reflect only the documented institutional pipeline.",Medium,4,https://en.wikipedia.org/wiki/Viktor_Saneyev,https://en.wikipedia.org/wiki/Viktor_Saneyev | https://www.olympedia.org/results/9030476 | https://www.olympics.com/en/athletes/viktor-saneev | https://www.britannica.com/biography/Viktor-Saneyev,subagent_researched_beta,not_independently_audited,0.2.0-subagent-beta
candidate-0100-cristiano-ronaldo,Cristiano Ronaldo,Athletes,Soccer player,23,"Won the 2007-08 UEFA Champions League with Manchester United and was awarded his first Ballon d'Or at age 23 in December 2008, having already won three Premier League titles and the 2008 FIFA Club World Cup.","Born in a working-class family in Madeira, Ronaldo began playing for Andorinha at age 7, moved to Nacional at 10, and was signed by Sporting CP's academy at 12, relocating alone to Lisbon. He made his first-team debut for Sporting at 17, was signed by Manchester United at 18 after impressing Alex Ferguson in a friendly, and rapidly developed into one of the world's best players, winning the Ballon d'Or at 23.",Physical talent,Physical / athletic talent,Early specialization / prior reps,1,3,3,1,2,1,2,2,0,2,17,1,High,"Born to a municipal gardener father who was also a part-time kit man at a local football club, and a mother who worked as a cook and cleaner. The family was working-class in one of Madeira's poorest neighborhoods. His father struggled with alcoholism after serving in the Portuguese Colonial War, and died when Ronaldo was 20. Ronaldo was the youngest of four children.","His father's role as kit man at Andorinha provided direct early exposure to football, and his godfather was a player at the club who facilitated his introduction. The family had no financial resources but football was woven into daily life through his father's involvement.",0,1,0,2,1,1,1,0,0,2,2,1,11,3,11,Prodigy / physical edge,"prodigy talent, Sporting CP academy, working-class background, early specialization, father kit man connection","Ronaldo grew up in poverty in Madeira with a father who worked as a kit man at the local football club, giving him direct early exposure to the sport. Recognized as a phenom by age 10, he was signed by Sporting CP's academy at 12 and moved alone to Lisbon, demonstrating exceptional dedication. The Sporting CP academy pipeline and subsequent signing by Manchester United under Alex Ferguson provided elite institutional support. His combination of prodigy-level physical talent, extreme early specialization, and the Portuguese football development system enabled him to win the Ballon d'Or by 23 despite having no financial resources.",High,3,https://en.wikipedia.org/wiki/Cristiano_Ronaldo,https://en.wikipedia.org/wiki/Cristiano_Ronaldo | https://www.biography.com/athletes/a71709091/cristiano-ronaldo-biography | https://www.goal.com/en/news/the-little-bee-who-always-cried---the-story-of-young-ronaldos-path-to-greatness-in-madeira/k927thno26e41b42er1z9zhqo,subagent_researched_beta,not_independently_audited,0.2.0-subagent-beta
candidate-0054-lemmy,Lemmy,Creators / artists,Rock musician,26,"Sang lead vocals on Hawkwind's 'Silver Machine,' released as a single in June 1972, which reached #3 on the UK singles chart at age 26.","Born Ian Fraser Kilmister in Stoke-on-Trent, Lemmy was influenced by the Beatles and began playing in local bands as a teenager. He joined the Rockin' Vickers in 1965 at age 20, toured Europe, then moved to London in 1967 and worked as a roadie for the Jimi Hendrix Experience. After stints with Sam Gopal and Opal Butterfly, he joined Hawkwind as bassist in August 1971 at age 25, and his vocal on 'Silver Machine' became their biggest hit.",Early specialization,Early specialization / prior reps,Distribution / audience,1,2,1,1,2,1,2,1,0,2,13,2,Medium,"His father, an ex-RAF chaplain and concert pianist, left the family when Lemmy was three months old. He was raised by his mother and grandmother, later moving with his mother and a stepfather (a former rugby player) to Wales. The family was working-class and the childhood was marked by instability.","His father was a concert pianist and ex-RAF chaplain, but he left when Lemmy was an infant, so no direct musical mentorship occurred. His mother had a guitar that Lemmy took to school, providing his first instrument, but no sustained family-domain advantage is documented.",0,0,0,0,2,0,0,1,0,2,0,1,6,2,6,Frontier geography immersion,"London music scene, counterculture, band experience, working-class, fatherless upbringing","Lemmy grew up fatherless in a working-class family, with his father (a concert pianist) leaving when he was three months old. His musical career was built through years of playing in local bands from his teens, culminating in his move to London in 1967 where he became immersed in the counterculture scene and worked as a roadie for the Jimi Hendrix Experience. The Ladbroke Grove underground music scene of early 1970s London was a cultural frontier that provided the ecosystem for Hawkwind's success. His lead vocal on 'Silver Machine' at age 26 was the result of years of accumulated band experience and proximity to the London music network rather than formal training or family advantage.",Medium,4,https://en.wikipedia.org/wiki/Lemmy,https://en.wikipedia.org/wiki/Lemmy | https://www.bbc.co.uk/news/entertainment-arts-24806076 | https://en.wikipedia.org/wiki/Silver_Machine | https://www.songfacts.com/facts/hawkwind/silver-machine,subagent_researched_beta,not_independently_audited,0.2.0-subagent-beta
candidate-0078-alain-prost,Alain Prost,Athletes,Racing driver,24,"Won the 1979 FIA European Formula 3 Championship at age 24, having already won the French Formula Renault title (1976), European Formula Renault title (1977), and French Formula 3 title (1978). Made his Formula One debut in 1980 at age 25 and took his first F1 victory at the 1981 French Grand Prix at age 26.","Born in Lorette, Loire, Prost discovered karting at age 14 during a family trip to Monaco. He left school at 16 to focus on racing, working in his father's store to save money for karts. He won the French junior karting championship and the Winfield racing school competition, which earned him a place in Formula Renault. He dominated junior categories, winning the European Formula 3 Championship in 1979, and signed for McLaren's F1 team in 1980.",Early specialization,Early specialization / prior reps,Scarce technical / intellectual depth,1,2,2,0,2,1,1,2,1,2,14,1,High,"Born to a French father who manufactured kitchen furnishings and an Armenian mother. His father owned a store where Prost worked to save money for his first go-kart. The family was middle-class, and his father supported his racing ambitions, taking him to the Monaco Grand Prix at age 15.","His father was a small business owner (kitchen furnishings manufacturer) who provided financial support and encouragement for Prost's racing career. The family had no direct motorsport background, but his father's willingness to take him to the Monaco GP and let him leave school at 16 to pursue racing was instrumental.",1,1,0,2,1,1,1,0,0,2,1,0,10,2,10,Elite performance pipeline,"French motorsport pipeline, karting, family business support, Winfield racing school, early specialization","Prost grew up in a middle-class French family where his father's small business provided enough financial stability for him to pursue racing. He discovered karting at 14 and left school at 16 to focus entirely on motorsport, funded partly by working in his father's store. The French motorsport pipeline—Winfield racing school, Formula Renault, Formula 3—provided a structured progression from karting to professional racing. His father took him to the Monaco Grand Prix at 15, providing direct domain exposure, and the ELF Winfield scholarship system gave him entry to Formula Renault. By 24, he had won the European Formula 3 Championship, and by 26 he had his first F1 victory.",High,4,https://en.wikipedia.org/wiki/Alain_Prost,https://en.wikipedia.org/wiki/Alain_Prost | https://www.britannica.com/biography/Alain-Prost | https://humansideofracing.com/portraits/alain-prost-formula-renault/ | https://www.alainprost.net/1970_71.htm,subagent_researched_beta,not_independently_audited,0.2.0-subagent-beta
cher,Cher,Creators / artists,Singer and actress,19,"Sonny & Cher's debut single 'I Got You Babe' reached #1 on the Billboard Hot 100 in August 1965, and her solo debut album 'All I Really Want to Do' charted the same year.","Cher left school at 16 and moved to Los Angeles, where she met Sonny Bono in November 1962 while he was working for producer Phil Spector. She began as a backing vocalist for Spector before recording her first solo single in early 1964. By mid-1965, both her solo career and the Sonny & Cher duo had achieved major chart success.",Complementary partnership,Product / domain insight,Distribution / audience,1,1,1,1,1,2,2,1,0,1,11,1,High,"Cher was born to Georgia Holt, a model and actress, and John Sarkisian, a truck driver who left the family when Cher was months old. Her mother remarried several times and the family moved frequently, living modestly.","Her mother Georgia Holt had some involvement in entertainment as a model and actress, but this did not constitute a direct domain advantage for Cher's music career.",0,0,0,0,1,0,1,2,0,1,1,1,7,1,7,High-trust peer team,"complementary-partnership,sonny-bono,LA-music-scene,counterculture-wave,stage-fright-overcome","Cher left home at 16 with no financial safety net and immersed herself in the Los Angeles music scene. Her partnership with Sonny Bono, 11 years her senior, was the decisive catalyst: he mentored her, produced her recordings, and eventually became her performing partner. The 1965 counterculture wave propelled 'I Got You Babe' to #1. Her distinctive contralto voice and striking appearance set her apart, but the complementary duo dynamic with Sonny was the primary engine of her early breakthrough.",High,3,https://en.wikipedia.org/wiki/Cher,https://en.wikipedia.org/wiki/Cher | https://www.billboard.com/pro/rewinding-the-charts-fifty-years-ago-sonny-cher-got-to-no-1/ | https://en.wikipedia.org/wiki/I_Got_You_Babe,subagent_researched_beta,not_independently_audited,0.2.0-subagent-beta
marianne-faithfull,Marianne Faithfull,Creators / artists,Singer and actress,17,"Her debut single 'As Tears Go By' peaked at #9 on the UK Singles Chart in 1964, launching her career as a major singer; her self-titled debut album followed in 1965.","Faithfull was discovered at a Rolling Stones launch party in early 1964 by the band's manager Andrew Loog Oldham, who had Jagger and Richards write a song for her. 'As Tears Go By' was recorded and released when she was 17, becoming an immediate chart hit in the UK and internationally.",Network / discovery,Network / capital,Structural wave,1,0,0,1,2,0,2,0,0,1,7,2,High,"Faithfull was born in Hampstead, London to Major Robert Glynn Faithfull, a British intelligence officer and professor of Italian literature, and Eva von Sacher-Masoch, from Austrian nobility. The family lived in underprivileged circumstances after her parents separated, and she spent part of her childhood in a commune and at a convent school.",Her father was an academic and British intelligence officer; her mother was from Austrian nobility with a background in ballet. The family's cultured but financially strained environment does not show a direct domain advantage for popular music.,0,1,0,0,1,0,1,1,0,1,1,1,7,0,7,Mentor-accelerated,"andrew-loog-oldham,rolling-stones-circle,british-invasion,london-music-scene,extraordinary-appearance","Faithfull's entry into music was catalyzed by her discovery by Rolling Stones manager Andrew Loog Oldham at a party in 1964. With virtually no prior musical training, she was propelled into the British Invasion wave by her connection to the Rolling Stones circle and her striking appearance. Her childhood was marked by tuberculosis, underprivileged circumstances, and time in a commune and convent school, but her aristocratic heritage provided a cultured if not financially stable background. The structural wave of the 1960s British music boom was the dominant external force.",Medium,3,https://en.wikipedia.org/wiki/Marianne_Faithfull,https://en.wikipedia.org/wiki/Marianne_Faithfull | https://www.officialcharts.com/songs/marianne-faithfull-as-tears-go-by/ | https://www.songfacts.com/facts/marianne-faithfull/as-tears-go-by,subagent_researched_beta,not_independently_audited,0.2.0-subagent-beta
gilles-villeneuve,Gilles Villeneuve,Athletes,Racing driver,26,"Won both the Canadian and American Formula Atlantic championships in 1976, dominating with 9 wins in 10 races, which led directly to his Formula One debut with McLaren in 1977.","Villeneuve began competitive driving in snowmobile racing, winning the 1974 World Championship Snowmobile Derby, before progressing to Formula Ford in 1973 (winning the Quebec championship) and Formula Atlantic in 1974. His 1976 season was overwhelmingly dominant, earning him a McLaren F1 test and debut at the 1977 British Grand Prix.",Physical talent,Physical / athletic talent,Early specialization / prior reps,1,2,2,0,1,1,1,2,0,2,12,2,High,"Villeneuve was born to a piano-tuner father in Saint-Jean-sur-Richelieu, Quebec, and grew up in Berthierville. Money was a constant issue in his early career; he used his father's savings and earned money through snowmobile racing to fund his open-wheel racing.",Not documented in reviewed sources. His father was a piano tuner with no apparent connection to motorsport.,0,0,0,0,1,0,0,1,0,2,2,1,7,1,7,Self-created domain repetition,"snowmobile-racing,fearless-driving,quebec-racing-scene,financial-constraint,dominant-formula-atlantic","Villeneuve's path was defined by relentless self-created domain repetition: he began with snowmobile racing in Quebec, won a world championship, and used those earnings to fund open-wheel racing. His extraordinary car control and fearless nature were recognized from the start, particularly his ability in wet conditions. Financial constraints were a persistent obstacle—he lost his college fund to poker and used his father's savings—but his dominance in Formula Atlantic (9 of 10 wins in 1976) earned him a direct path to Formula One with McLaren and then Ferrari.",High,3,https://en.wikipedia.org/wiki/Gilles_Villeneuve,https://en.wikipedia.org/wiki/Gilles_Villeneuve | https://thecanadianencyclopedia.ca/en/article/gilles-villeneuve | https://www.motorsportmagazine.com/archive/article/october-2005/34/year-zero/,subagent_researched_beta,not_independently_audited,0.2.0-subagent-beta
luis-ocana,Luis Ocaña,Athletes,Road bicycle racer,25,"Won the 1970 Vuelta a España (a Grand Tour) at age 25, and won a stage of the 1970 Tour de France to Puy-de-Dôme, establishing himself as one of the top cyclists of his era.","Ocaña's family moved from Spain to Mont-de-Marsan, France in 1957, where he began racing with a local club. He turned professional in 1968 with Fagor, becoming Spanish champion that year. By 1969 he was runner-up in the Vuelta a España, and in 1970 he won the Vuelta and a Tour de France stage.",Early specialization,Early specialization / prior reps,Scarce technical / intellectual depth,1,2,2,0,1,1,1,2,0,2,12,2,High,"Ocaña was born in Priego, Cuenca, Spain, and his family moved to Mont-de-Marsan, France in 1957. His father died during his early professional career, adding personal hardship to his pursuit of cycling.",Not documented in reviewed sources. No evidence of family background in cycling or athletics.,0,0,0,1,1,0,0,0,0,2,1,1,6,0,6,Self-created domain repetition,"french-cycling-heartland,time-trial-specialist,grand-tour-winner,emigration-hardship,mercier-amateur-team","Ocaña's family emigrated from Spain to southwestern France, placing him in the heartland of French cycling where he could train and compete from a young age. He was described as 'the best time-trialist that Spanish cycling has ever had,' a scarce skill that distinguished him immediately. His amateur career with Mercier and professional debut with Fagor in 1968 led rapidly to a Vuelta a España win by 1970. The death of his father and the family's emigration created both hardship and a distinctive problem-solving lens.",Medium,3,https://en.wikipedia.org/wiki/Luis_Oca%C3%B1a,https://en.wikipedia.org/wiki/Luis_Oca%C3%B1a | https://www.cyclingnews.com/features/reckless-the-life-and-times-of-luis-ocana/ | https://www.bikeraceinfo.com/riderhistories/luis-ocana.html,subagent_researched_beta,not_independently_audited,0.2.0-subagent-beta
yo-yo-ma,Yo-Yo Ma,Creators / artists,Cellist,23,"Awarded the Avery Fisher Prize in 1978 (age 23), the most prestigious award for American classical instrumentalists, recognizing him as one of the world's leading cellists. He had already debuted at Carnegie Hall at age 9 and graduated from Harvard in 1976.","Ma began studying cello with his father at age four in Paris, gave his first public recital at five, and moved to New York at age seven to study at Juilliard with Leonard Rose. He performed at Carnegie Hall at age nine, played at the Marlboro Festival under Pablo Casals, and graduated from Harvard in 1976 before receiving the Avery Fisher Prize in 1978.",Technical depth,Scarce technical / intellectual depth,Early specialization / prior reps,1,3,3,0,2,0,0,2,1,2,14,1,High,"Ma was born to Chinese parents in Paris: his father Hiao-Tsiun Ma was a violinist, composer, and professor of music, and his mother Marina Lu was a singer. The family moved to Boston when Ma was seven and then to New York for his Juilliard studies. His sister Yeou-Cheng also played violin and piano professionally before becoming a pediatrician.","Ma's father was a musicologist, violinist, and composer who specialized in the education of gifted children and personally taught Yo-Yo the cello from age four using a custom method. His mother was a singer. This is a direct and exceptionally strong family-domain advantage.",1,2,0,2,1,1,2,1,0,1,2,0,10,4,10,Family-domain apprenticeship,"father-taught-cello,child-prodigy,juilliard-leonard-rose,harvard,carnegie-hall-age-9,avery-fisher-prize","Yo-Yo Ma's early trajectory was defined by an exceptionally strong family-domain apprenticeship: his father, a musicologist specializing in gifted children's education, taught him cello from age four using a structured method. By five he had performed publicly, by nine he had debuted at Carnegie Hall, and he studied at Juilliard with Leonard Rose from 1964 to 1971. The family relocated from Paris to Boston and then New York to support his training. His prodigy status was confirmed by comparisons to Casals and Rostropovich, culminating in the Avery Fisher Prize at age 23.",High,3,https://en.wikipedia.org/wiki/Yo-Yo_Ma,https://en.wikipedia.org/wiki/Yo-Yo_Ma | https://www.yo-yoma.com/biography/ | https://www.loc.gov/item/n80016911/yo-yo-ma/,subagent_researched_beta,not_independently_audited,0.2.0-subagent-beta
mario-andretti,Mario Andretti,Athletes,Racing driver,25,"Won the 1965 USAC IndyCar National Championship at age 25, becoming the youngest driver to win that title, and was named Indianapolis 500 Rookie of the Year the same season.","Andretti's family was displaced from Istria during the Istrian-Dalmatian exodus and spent seven years in a refugee camp in Lucca, Italy before emigrating to Nazareth, Pennsylvania in 1955. He began dirt track racing with his twin brother Aldo in 1959, progressed through sprint and midget cars, and made his IndyCar debut in 1964. In 1965 he won his first IndyCar race and the national championship.",Physical talent,Physical / athletic talent,Early specialization / prior reps,1,2,2,0,1,1,1,2,0,2,12,1,High,"Andretti was born in Montona, Istria (present-day Croatia) to an Istrian-Italian family that owned a 2,100-acre farm. After WWII, the family lost all their land and joined the Istrian-Dalmatian exodus, spending seven years in a refugee camp in Lucca before emigrating to Nazareth, Pennsylvania in 1955. His father worked as an administrator in Italy and for Bethlehem Steel in the U.S.","Not documented in reviewed sources. His father was an administrator and farmer with no apparent connection to motorsport, though the family's displacement exposed the twins to racing culture in Italy.",0,0,0,1,1,0,0,2,0,2,1,2,7,1,7,Constraint-driven self-creation,"refugee-displacement,twin-brother-racing,dirt-track-self-start,nazareth-pa,istrian-exodus","Andretti's early career was forged through extreme adversity: his family lost everything in the Istrian-Dalmatian exodus and spent seven years in a refugee camp. Racing with his twin brother Aldo from age 19, he progressed rapidly through American open-wheel racing with limited financial resources. The complementary sibling partnership was central to his early development, and his natural driving talent was recognized quickly. By 25, he was the youngest IndyCar national champion, a testament to self-created domain repetition under significant constraint.",High,3,https://en.wikipedia.org/wiki/Mario_Andretti,https://en.wikipedia.org/wiki/Mario_Andretti | https://marioandretti.com/biography | https://www.britannica.com/biography/Mario-Andretti,subagent_researched_beta,not_independently_audited,0.2.0-subagent-beta
nona-gaprindashvili,Nona Gaprindashvili,Athletes,Chess player,21,"Became women's world chess champion in 1962 at age 21 by defeating incumbent Elisaveta Bykova 9-2, and won the Women's Candidates Tournament in 1961. She held the title from 1962 to 1978.","Gaprindashvili learned chess from her father at age five in Zugdidi, Georgia. At age 11-12, she replaced her brother in a local tournament and was spotted by chess trainer Vakhtang Karseladze, who persuaded her parents to send her to Tbilisi to train with grandmasters beginning in 1954. By 1956 she won the semi-final of the Women's Soviet Union Championship at age 14, and by 1961 she won the Women's Candidates Tournament.",Early specialization,Early specialization / prior reps,Scarce technical / intellectual depth,1,2,2,0,2,0,1,2,0,2,12,1,High,"Gaprindashvili was born in Zugdidi, Georgian SSR, as the youngest of six children and the only girl. Her family was highly athletic, with neighborhood children gathering at their home to play various sports. She learned chess from her father at age five and from watching her brother play.","Her father taught her chess at age five, and her brother played chess, providing an early family-domain introduction to the game. However, the family was not professionally involved in chess beyond this initial exposure.",0,1,0,2,1,0,2,1,0,1,2,0,8,2,8,Elite performance pipeline,"soviet-chess-system,tbilisi-grandmaster-training,karseladze-mentor,child-prodigy,aggressive-style","Gaprindashvili's path to the world title was shaped by the Soviet chess pipeline: her father introduced her to chess at five, and by 1954 she was sent to Tbilisi to train with grandmasters under trainer Vakhtang Karseladze. The Soviet system provided elite institutional support and competitive infrastructure. Her aggressive style and exceptional talent were recognized early—she won the Women's Soviet Union Championship semi-final at 14 and the Candidates Tournament at 20. By 21, she was world champion, holding the title for 16 years.",High,3,https://en.wikipedia.org/wiki/Nona_Gaprindashvili,https://en.wikipedia.org/wiki/Nona_Gaprindashvili | https://worldchesshof.org/inductee/nona-gaprindashvili/ | https://www.georgianencyclopedia.ge/en/form_eng/626,subagent_researched_beta,not_independently_audited,0.2.0-subagent-beta
margaret-court,Margaret Court,Athletes,Tennis player,17,"Won the 1960 Australian Championships singles title at age 17, the first of seven consecutive Australian Open titles. By age 26 she had completed the career Grand Slam in singles (Wimbledon 1963 at age 21) and won 13 Grand Slam singles titles.","Court grew up in Albury, New South Wales, in a modest family. She began playing tennis at age eight, hitting balls against a garage wall, and was noticed by club coach Wally Rutter who invited her to coaching clinics. At 16 she moved to Melbourne to train full-time under Frank Sedgman and Stan Nicholls, who developed her pioneering fitness regimen. She won the 1960 Australian Championships on her first attempt at age 17.",Early specialization,Early specialization / prior reps,Physical / athletic talent,1,2,2,0,1,0,1,2,0,2,11,1,High,"Court was the fourth and youngest child of Maude and Lawrence Smith. Her father worked as a foreman at a cheese and butter factory. The family lived in a 'very modest, two bedroom, thin-walled, asbestos dwelling with a tin roof' and did not own a car during her early childhood.","Not documented in reviewed sources. No evidence of family background in tennis or athletics, though the family was described as sporty.",0,0,0,1,1,0,2,0,0,2,1,1,7,1,7,Mentor-accelerated,"wally-rutter-discovery,frank-sedgman-coaching,melbourne-training,pioneering-fitness,modest-background","Court rose from a very modest background in rural Albury to become a tennis legend through mentorship and relentless training. Club coach Wally Rutter discovered her talent and invited her to coaching clinics, and at 16 she moved to Melbourne to train full-time under Frank Sedgman and Stan Nicholls, who developed her pioneering fitness regimen of weight-lifting and sandhill running. She won her first Grand Slam at 17 and completed the career Grand Slam by 21. Her physical dominance was so notable that Billie Jean King called her 'The Arm.'",High,3,https://en.wikipedia.org/wiki/Margaret_Court,https://en.wikipedia.org/wiki/Margaret_Court | https://ausopen.com/history/great-champions/margaret-smith-court | https://sahof.org.au/hall-of-fame-member/margaret-court/,subagent_researched_beta,not_independently_audited,0.2.0-subagent-beta
roger-taylor,Roger Taylor,Creators / artists,Musician (drummer),24,"Queen's self-titled debut album was released in July 1973 when Taylor was 24, and their third album 'Sheer Heart Attack' (November 1974) featuring the hit single 'Killer Queen' launched Queen to mainstream international popularity by the time he was 25.","Taylor formed his first band at age seven, taught himself drums as a teenager in Truro, Cornwall, and met Brian May and Tim Staffell in 1968 at Imperial College London to form the band Smile. After Smile disbanded in 1970, Freddie Mercury joined Taylor and May to form Queen, with John Deacon joining in 1971. Their debut album was released in 1973.",Complementary band,Product / domain insight,Early specialization / prior reps,1,2,1,0,1,2,2,1,0,1,11,2,High,"Taylor was born in King's Lynn, Norfolk, and moved to Truro, Cornwall with his family as a child. He attended Truro School and later studied at East London Polytechnic (now Queen Mary University) and Imperial College London, initially in dentistry before switching to biology.",Not documented in reviewed sources. No evidence of family background in music or entertainment.,0,0,0,1,1,0,0,2,0,1,0,0,5,1,5,High-trust peer team,"brian-may-partnership,queen-formation,london-rock-scene,1970s-rock-boom,smile-to-queen","Taylor's path to success was driven by the complementary peer team he built with Brian May, Freddie Mercury, and John Deacon. Starting with Smile in 1968 alongside May, the evolution into Queen in 1970 created one of rock's most durable creative partnerships. Taylor's self-taught drumming and distinctive vocal contributions were honed through years of band experience from age seven. The 1970s rock boom provided the structural wave, and London's music scene offered the ecosystem, but the high-trust peer team was the decisive factor in Queen's breakthrough by age 25.",Medium,3,https://en.wikipedia.org/wiki/Roger_Taylor_(Queen_drummer),https://en.wikipedia.org/wiki/Roger_Taylor_(Queen_drummer) | https://en.wikipedia.org/wiki/Sheer_Heart_Attack | https://www.allmusic.com/album/mw0000191374,subagent_researched_beta,not_independently_audited,0.2.0-subagent-beta
candidate-0060-catherine-deneuve,Catherine Deneuve,Creators / artists,Film actress,20,"Starred in Jacques Demy's 'The Umbrellas of Cherbourg' (1964), which won the Palme d'Or at the Cannes Film Festival, launching her to international stardom at age 20.","Deneuve made her film debut at age 13 in 1957 and gained steady roles through director Roger Vadim. Her breakthrough came at 20 when Jacques Demy cast her in 'The Umbrellas of Cherbourg' (1964), which won the Palme d'Or at Cannes. By 26 she had also starred in Polanski's 'Repulsion' (1965) and Buñuel's 'Belle de Jour' (1967).",Product/design taste,Product / domain insight,Family industry proximity,1,2,1,0,2,1,2,1,1,2,13,1,Medium,"Born Catherine Fabienne Dorléac in Paris, daughter of French stage actors Maurice Dorléac and Renée Simonot. Her sister Françoise Dorléac was also a film actress.","Both parents were professional stage actors, providing direct industry exposure and contacts in French theater and film from childhood.",1,2,1,1,2,0,1,1,0,2,1,0,9,3,9,Family-domain apprenticeship,"actor parents, French New Wave, Paris film ecosystem, early film debut, Palme d'Or","Catherine Deneuve was born into a family of professional stage actors in Paris, giving her direct access to the French performing arts world from childhood. She made her film debut at age 13 in 1957 and gained steady roles through director Roger Vadim. Her breakthrough came at 20 when Jacques Demy cast her in 'The Umbrellas of Cherbourg' (1964), which won the Palme d'Or at Cannes and made her an international star. By 26, she had also starred in Roman Polanski's 'Repulsion' (1965) and Luis Buñuel's 'Belle de Jour' (1967), establishing her as a leading figure of French cinema.",Medium,3,https://en.wikipedia.org/wiki/Catherine_Deneuve,https://en.wikipedia.org/wiki/Catherine_Deneuve | https://en.wikipedia.org/wiki/The_Umbrellas_of_Cherbourg | https://mk2films.com/en/film/the-umbrellas-of-cherbourg/,subagent_researched_beta,not_independently_audited,0.2.0-subagent-beta
candidate-0244-drazen-dalipagic,Dražen Dalipagić,Athletes,Basketball player,25,"Named Mister Europa Player of the Year and EuroBasket MVP in 1977 at age 25, having won three consecutive European championships (1973, 1975, 1977) with Yugoslavia and led Partizan to the Yugoslav League title in 1976.","Dalipagić started playing basketball at age 19 in 1971 and signed with Partizan Belgrade one year later. He won his first European championship gold with Yugoslavia in 1973 and became one of Europe's dominant players, averaging over 33 points per game for Partizan.",Physical talent,Physical / athletic talent,Early specialization,1,1,2,0,2,1,1,1,0,1,10,2,Medium,Not documented in reviewed sources.,Not documented in reviewed sources.,0,0,0,2,1,0,0,1,0,1,2,0,5,2,5,Elite performance pipeline,"Yugoslav national team, Partizan Belgrade, late starter, exceptional scorer, European Player of the Year","Dalipagić started playing basketball relatively late at age 19 in 1971, but within a year signed with Partizan Belgrade. He won his first European championship gold with Yugoslavia in 1973 at age 22, followed by golds in 1975 and 1977. By 25, he was named Mister Europa Player of the Year and EuroBasket MVP, averaging over 33 points per game for Partizan. His rapid rise despite a late start suggests exceptional athletic talent, channeled through Yugoslavia's elite basketball pipeline. Family background is not documented in reviewed sources.",Medium,3,https://en.wikipedia.org/wiki/Dra%C5%BEen_Dalipagi%C4%87,https://en.wikipedia.org/wiki/Dra%C5%BEen_Dalipagi%C4%87 | https://about.fiba.basketball/en/fiba-hall-of-fame/hall-of-famers/drazen-dalipagic | https://www.hoophall.com/hall-of-famers/drazen-dalipagic,subagent_researched_beta,not_independently_audited,0.2.0-subagent-beta
candidate-0387-yuriy-sedykh,Yuriy Sedykh,Athletes,Hammer thrower,21,"Won Olympic gold medal in hammer throw at the 1976 Montreal Olympics at age 21, setting an Olympic record of 77.52m and defeating defending champion Anatoliy Bondarchuk.","Sedykh took up track and field in 1967 at age 12 under coach Vladimir Volovik, and from 1972 was coached by Anatoliy Bondarchuk, an Olympic champion regarded as one of the best hammer coaches in the world. He joined the USSR National Junior Team in 1973 and won Olympic gold at 21 in 1976.",Physical talent,Physical / athletic talent,Early specialization,1,2,2,0,2,0,1,1,0,1,10,2,Medium,Not documented in reviewed sources.,Not documented in reviewed sources.,0,0,0,2,1,1,2,1,0,1,1,0,7,2,7,Elite performance pipeline,"Soviet athletics system, Bondarchuk coaching, early training, Olympic pipeline, hammer throw specialization","Sedykh took up track and field in 1967 at age 12 under coach Vladimir Volovik, and from 1972 was coached by Anatoliy Bondarchuk, an Olympic champion regarded as one of the best hammer throw coaches in the world. He joined the USSR National Junior Team in 1973 and won Olympic gold at the 1976 Montreal Olympics at age 21, setting an Olympic record. The Soviet athletics pipeline provided elite training facilities and coaching from an early age, though family background is not documented in reviewed sources.",Medium,3,https://en.wikipedia.org/wiki/Yuriy_Sedykh,https://en.wikipedia.org/wiki/Yuriy_Sedykh | https://en.wikipedia.org/wiki/Athletics_at_the_1976_Summer_Olympics_%E2%80%93_Men's_hammer_throw | http://www.olympedia.org/athletes/77629,subagent_researched_beta,not_independently_audited,0.2.0-subagent-beta
candidate-0290-francois-cevert,François Cevert,Athletes,Racing driver (Formula One),24,"Won the French Formula 3 Championship in 1968 at age 24, leading to a Formula Two seat with Tecno and entry into Formula One in 1969 with Tyrrell.","Cevert began racing scooters at 16 and switched to cars after national service, attending Winfield Racing School at Magny-Cours where he won the Volant Shell scholarship. After a difficult first F3 season, he won the French F3 Championship in 1968 with a Tecno car, leading to F2 and then F1 with Tyrrell.",Early specialization,Early specialization / prior reps,Network / capital,1,1,1,0,2,1,1,1,1,1,10,3,Medium,"Son of Charles Goldenberg, a Parisian jeweller and Russian-Jewish émigré who joined the French Resistance during WWII, and Huguette Cevert. His sister married Grand Prix driver Jean-Pierre Beltoise.","Father was a jeweller, not in motorsport. However, his brother-in-law Jean-Pierre Beltoise was a Grand Prix driver who introduced Cevert to motorsport.",1,0,1,1,1,1,2,1,0,1,0,1,9,1,9,Mentor-accelerated,"Jackie Stewart mentorship, Beltoise family connection, racing school scholarship, French F3 champion","François Cevert was the son of a Parisian jeweller and was introduced to motorsport through his brother-in-law, Grand Prix driver Jean-Pierre Beltoise. He began racing scooters at 16, attended Winfield Racing School at 22 where he won the Volant Shell scholarship, and won the French Formula 3 Championship in 1968 at age 24. Jackie Stewart noticed him in F2 races and recommended him to Ken Tyrrell, leading to his F1 debut in 1970. Stewart became Cevert's devoted mentor, accelerating his career into top-level racing.",Medium,3,https://en.wikipedia.org/wiki/Fran%C3%A7ois_Cevert,https://en.wikipedia.org/wiki/Fran%C3%A7ois_Cevert | https://humansideofracing.com/events/cevert-1967/ | https://racingrecords.eu/driver/671/francois-cevert,subagent_researched_beta,not_independently_audited,0.2.0-subagent-beta
candidate-0231-martina-navratilova,Martina Navratilova,Athletes,Tennis player,21,"Won Wimbledon singles title in July 1978 at age 21 and became world No. 1, having already won her first professional singles title at 17 (1974), reached two Grand Slam singles finals at 18 (1975), and won Grand Slam doubles titles.","Navratilova started playing tennis at age 4, won the Czechoslovak national championship at 15, and her first professional singles title at 17. After defecting from communist Czechoslovakia at 18 in 1975, she reached two Grand Slam singles finals that year. She won her first Wimbledon singles title in 1978 at 21 and became world No. 1.",Physical talent,Physical / athletic talent,Early specialization,1,3,2,0,2,1,2,2,0,2,15,1,High,"Born Martina Šubertová in Prague. Parents divorced when she was 3. Mother Jana was an accomplished gymnast, tennis player, and ski instructor. Stepfather Miroslav Navrátil became her first tennis coach. Grandmother Agnes Semanska was a tennis player ranked No. 2 in Czechoslovakia.","Mother was an accomplished gymnast, tennis player, and ski instructor. Stepfather was her first tennis coach. Grandmother was a nationally ranked Czechoslovak tennis player (No. 2). Deep family tennis lineage.",0,2,0,2,1,1,2,1,0,2,2,2,9,6,9,Family-domain apprenticeship,"tennis family, stepfather coach, grandmother ranked player, early start, defection, Czech tennis system","Navratilova was born into a family with deep tennis roots: her grandmother was a nationally ranked Czechoslovak player, her mother was a multi-sport athlete, and her stepfather became her first tennis coach. She started playing at age 4, won the Czechoslovak national championship at 15, and her first professional title at 17. After defecting from communist Czechoslovakia at 18 in 1975, she reached two Grand Slam singles finals that same year. By 21, she won Wimbledon and became world No. 1. The combination of family tennis lineage, early intensive training, and the urgency of defection catalyzed her extraordinary career.",High,3,https://en.wikipedia.org/wiki/Martina_Navratilova,https://en.wikipedia.org/wiki/Martina_Navratilova | https://www.tennis.com/news/articles/1975-martina-navratilova-defects-to-u-s-while-playing-the-u-s-open | https://www.history.com/this-day-in-history/september-6/martina-navratilova-tennis-political-asylum,subagent_researched_beta,not_independently_audited,0.2.0-subagent-beta
candidate-0381-lasse-viren,Lasse Virén,Athletes,Long-distance runner,23,"Won double Olympic gold in the 5,000m and 10,000m at the 1972 Munich Olympics at age 23, breaking the world record in the 10,000m despite falling mid-race.","Virén was a police officer from Myrskylä, Finland, who debuted internationally in 1971. He trained under coach Rolf Haikkola with a brutal regimen including altitude training in Kenya. At the 1972 Munich Olympics, he won both the 5,000m and 10,000m, breaking world records and recapturing the 'Flying Finns' legacy.",Physical talent,Physical / athletic talent,Execution / operations,1,2,1,0,1,0,1,2,1,1,10,2,Medium,"Born in Myrskylä, Finland. Worked as a police officer while competing. Not much family background documented in reviewed sources.",Not documented in reviewed sources.,0,0,0,1,1,0,1,0,0,1,1,1,6,0,6,Self-created domain repetition,"Finnish running tradition, brutal training, altitude training Kenya, Olympic focus, police officer","Lasse Virén was a police officer from the small town of Myrskylä, Finland, who emerged from the Finnish distance running tradition. He trained under coach Rolf Haikkola and ran at BYU in the United States for one season. His brutal training regimen, including altitude training in Kenya, prepared him for the 1972 Munich Olympics where he won double gold in the 5,000m and 10,000m at age 23, breaking the world record in the 10,000m despite falling mid-race. Family background is not documented, and his success appears largely self-created through intense training and Olympic-focused preparation.",Low,3,https://en.wikipedia.org/wiki/Lasse_Vir%C3%A9n,https://en.wikipedia.org/wiki/Lasse_Vir%C3%A9n | https://www.olympics.com/en/athletes/lasse-viren | https://www.olympics.com/en/news/lasse-viren-athletics,subagent_researched_beta,not_independently_audited,0.2.0-subagent-beta
candidate-0332-bernard-hinault,Bernard Hinault,Athletes,Road cyclist,23,"Won the Tour de France in July 1978 at age 23, also winning the Vuelta a España that same year, establishing himself as the dominant cyclist of his era. By 26 he had also won the 1979 Tour de France and the 1980 Giro d'Italia.","Hinault started cycling at 16 in 1971 in Brittany, winning his first five races. After a successful amateur career including the national junior championship, he turned professional in 1975 with Gitane-Campagnolo. Under directeur sportif Cyrille Guimard, he won Liège-Bastogne-Liège and the Critérium du Dauphiné in 1977, then won both the Vuelta and Tour de France in 1978.",Physical talent,Physical / athletic talent,Execution / operations,1,2,2,0,2,1,1,2,0,2,13,1,High,"Born in Yffiniac, Brittany, to Joseph and Lucie Hinault. Parents were farmers; father later worked as a platelayer for SNCF. Second of four children. Described as a 'hyperactive' child.","Parents were farmers, not in cycling. Cousin René was an amateur cyclist who introduced Hinault to the sport. No family cycling background.",0,0,0,1,1,0,2,1,0,2,2,1,7,3,7,Self-created domain repetition,"Brittany cycling culture, cousin introduction, Robert Le Roux training, early winning, Guimard mentorship, farming family","Bernard Hinault grew up on a farm in Yffiniac, Brittany, with no family cycling background. He was introduced to cycling by his cousin René and started racing at 16 in 1971, winning his first five races. Under trainer Robert Le Roux at Club Olympique Briochin, he won the national junior championship in his second season. After military service in 1973, he turned professional in 1975 and joined the Gitane-Campagnolo team. Under directeur sportif Cyrille Guimard, he developed rapidly, winning Liège-Bastogne-Liège and the Critérium du Dauphiné in 1977, and then both the Vuelta a España and Tour de France in 1978 at age 23. His exceptional physical talent and aggressive racing style were evident from his first races.",High,3,https://en.wikipedia.org/wiki/Bernard_Hinault,https://en.wikipedia.org/wiki/Bernard_Hinault | https://www.washingtonpost.com/archive/sports/1978/07/24/hinault-plays-it-cozy-to-win-tour-de-france/192ff60c-bc1d-4c94-bb79-80f1402731a4/ | https://en.m.wikipedia.org/wiki/1978_Tour_de_France,subagent_researched_beta,not_independently_audited,0.2.0-subagent-beta
candidate-0241-olga-korbut,Olga Korbut,Athletes,Gymnast,17,"Won three gold medals (team, balance beam, floor exercise) and one silver (uneven bars) at the 1972 Munich Olympics at age 17, revolutionizing gymnastics with her acrobatic style and innovative moves.","Korbut started gymnastics training at age 8 and entered a Belarusian sports school headed by coach Renald Knysh at age 9. Under Knysh, she developed innovative moves including the first backward somersault on balance beam (debuted 1969 at age 14) and the first backward release move on uneven bars. She won three Olympic golds at 17 in 1972.",Physical talent,Physical / athletic talent,Early specialization,1,3,2,0,2,1,2,2,0,2,15,1,High,"Born in Grodno (now Hrodna, Belarus) to Valentin and Valentina Korbut. Family moved to Grodno from Dubniaki after WWII. Not much else documented about family background.",Not documented in reviewed sources. No evidence of family gymnastics background.,0,0,0,2,1,1,2,0,0,2,2,0,6,4,6,Elite performance pipeline,"Soviet gymnastics system, Renald Knysh coaching, early training, innovative moves, sports school, Korbut flip","Olga Korbut started gymnastics training at age 8 and entered a Belarusian sports school headed by coach Renald Knysh at age 9. Under Knysh's sustained individualized coaching, she developed innovative moves including the first backward somersault on balance beam and the first backward release move on uneven bars, both debuted in 1969 when she was 14. She won three gold medals at the 1972 Munich Olympics at age 17, revolutionizing gymnastics with her acrobatic style. The Soviet gymnastics pipeline provided elite training from an early age, though family background beyond her parents' names is not documented.",Medium,3,https://en.wikipedia.org/wiki/Olga_Korbut,https://en.wikipedia.org/wiki/Olga_Korbut | https://www.olympedia.org/athletes/29193 | https://www.britannica.com/biography/Olga-Korbut,subagent_researched_beta,not_independently_audited,0.2.0-subagent-beta
jairzinho,Jairzinho,Athletes,Soccer player,25,"Won the 1970 FIFA World Cup with Brazil at age 25, scoring in every game of the tournament—a feat only one other player had achieved in World Cup history.","Jairzinho joined Botafogo's youth academy at age 13 in 1958 and made his professional debut at 15 in 1960. He established himself as a Botafogo regular by 1965 at age 21, eventually replacing Garrincha on the right wing for both club and country, and won the 1968 Brazilian double with Botafogo before his historic 1970 World Cup performance.",Physical talent,Physical / athletic talent,Early specialization,1,3,2,0,2,1,2,1,0,2,14,1,High,Jairzinho's family left Duque de Caxias for Rio de Janeiro in the late 1950s; he lived on Rua General Severiano near Botafogo's stadium. No specific family financial or professional background is documented in reviewed sources.,Not documented in reviewed sources.,0,0,0,2,2,1,1,2,0,2,2,1,8,4,8,Elite performance pipeline,"Botafogo youth academy, Rio de Janeiro football ecosystem, Garrincha succession, Brazilian national team","Jairzinho grew up near Botafogo's stadium in Rio de Janeiro and entered the club's youth system at 13, making his professional debut at 15. He was immersed in one of the world's most competitive football ecosystems, training alongside Brazilian stars like Garrincha, Gérson, and Mario Zagallo at Botafogo. His exceptional physical talent—pace, power, and finishing—was evident from his teenage years, and by 25 he had become a World Cup champion scoring in every match. No family financial or domain advantage is documented in reviewed sources.",Medium,3,https://en.wikipedia.org/wiki/Jairzinho,https://en.wikipedia.org/wiki/Jairzinho | https://www.fifa.com/en/articles/jairzinho-the-hurricane-brazil-fifa-world-cup-mexico-1970-record-history | https://fbref.com/en/players/3cee13fc/Jairzinho,subagent_researched_beta,not_independently_audited,0.2.0-subagent-beta
paolo-maldini,Paolo Maldini,Athletes,Soccer player,16,"Made his Serie A debut for AC Milan on 20 January 1985 at age 16, became a starting eleven member at 17, and by 26 had won multiple Serie A titles, two European Cups, and been named best under-23 player in European competitions.","Maldini joined AC Milan's youth academy at age 10 in 1978 and made his Serie A debut at 16 under manager Nils Liedholm. He was immediately integrated into the starting lineup at 17, inheriting the number 3 shirt previously worn by his father Cesare, and by his early 20s was a cornerstone of one of football's greatest defensive units alongside Franco Baresi and Alessandro Costacurta.",Early specialization,Early specialization / prior reps,Family-domain advantage,1,2,2,0,3,2,2,1,1,2,16,1,High,"Maldini is the son of Cesare Maldini, AC Milan legend who captained the club to its first European Cup in 1963 and later managed the Italian national team. The family was comfortably middle class, immersed in professional football from Paolo's birth.","Father Cesare Maldini was a legendary AC Milan captain and Italian international who won four Serie A titles and the European Cup. Paolo inherited his father's number 3 shirt at Milan, creating a direct family-domain pipeline into elite football.",1,2,1,2,2,1,1,2,0,2,1,0,9,4,9,Family-domain apprenticeship,"Cesare Maldini son, AC Milan youth academy, number 3 shirt inheritance, Baresi defensive partnership, Serie A ecosystem","Paolo Maldini was born into one of football's most storied family legacies: his father Cesare captained AC Milan to its first European Cup and later managed Italy. Paolo joined Milan's youth academy at 10, made his Serie A debut at 16, and inherited his father's number 3 shirt at 17. He was embedded in the world's strongest defensive unit alongside Franco Baresi and Alessandro Costacurta, and grew up in Milan at the height of Serie A's global prominence. The family-domain advantage was exceptionally direct—same club, same position, same shirt number.",High,3,https://en.wikipedia.org/wiki/Paolo_Maldini,https://en.wikipedia.org/wiki/Paolo_Maldini | https://www.transfermarkt.co.uk/paolo-maldini/debuets/spieler/5803 | https://en.wikipedia.org/wiki/Cesare_Maldini,subagent_researched_beta,not_independently_audited,0.2.0-subagent-beta
brian-josephson,Brian Josephson,Researchers / independent engineers,Physicist,22,"Discovered the Josephson effect in 1962 at age 22 as a PhD student at Cambridge, predicting that a supercurrent could tunnel through a thin barrier—a discovery that won him the 1973 Nobel Prize in Physics.","Josephson attended Cardiff High School where a physics master introduced him to theoretical physics. He went to Cambridge at 17, published influential papers as an undergraduate including one on the Mössbauer effect, and as a PhD student under Brian Pippard in 1962 discovered the Josephson effect, which was experimentally confirmed at Bell Labs in 1963.",Technical depth,Scarce technical / intellectual depth,Elite ecosystem network,1,2,3,0,3,1,2,2,0,2,16,1,High,"Josephson was born to Jewish parents Abraham Josephson and Mimi Weisbard in Cardiff, Wales. No specific family financial or professional background is documented in reviewed sources beyond this.",Not documented in reviewed sources.,0,0,0,2,2,1,2,1,0,1,2,0,7,4,7,Institutional ecosystem acceleration,"Cambridge Cavendish Laboratory, Trinity College, Brian Pippard supervision, Philip Anderson mentorship, quantum physics frontier","Josephson was recognized as a brilliant student from his school days in Cardiff, where a physics master introduced him to theoretical physics. At Cambridge, he was embedded in the world's leading condensed matter physics environment—the Cavendish Laboratory under Brian Pippard, with future Nobel laureate Philip Anderson as a visiting professor. His exceptional cognitive ability was noted by examiners and colleagues alike. As a 22-year-old PhD student, he predicted the Josephson effect, which was experimentally confirmed within months and eventually earned him the Nobel Prize. No family financial or domain advantage is documented.",Medium,3,https://en.wikipedia.org/wiki/Brian_Josephson,https://en.wikipedia.org/wiki/Brian_Josephson | https://www.nobelprize.org/prizes/physics/1973/josephson/facts/ | https://www.phy.cam.ac.uk/profile/prof-brian-josephson/,subagent_researched_beta,not_independently_audited,0.2.0-subagent-beta
joop-zoetemelk,Joop Zoetemelk,Athletes,Cyclist,22,"Won a gold medal in the 100km team time trial at the 1968 Summer Olympics in Mexico City at age 22, and won the 1969 Tour de l'Avenir before turning professional in 1970.","Zoetemelk started as a speed skater and regional champion before turning to cycling in 1964 at age 18. He joined the Swift club in Leiden, quickly won youth races, and excelled in multi-day races, winning the Tour of Yugoslavia, Circuit des Mines, and stages at the Tour of Austria before his Olympic gold and Tour de l'Avenir victories.",Physical talent,Physical / athletic talent,Complementary team,1,2,1,0,1,2,1,1,0,1,10,2,Medium,"Zoetemelk was the son of Maria and Gerard Zoetemelk and was raised in Rijpwetering, Netherlands. He started his working life as a carpenter before pursuing cycling. No specific family financial or domain background is documented in reviewed sources.",Not documented in reviewed sources.,0,0,0,1,1,0,0,1,0,1,1,0,4,0,4,Self-created domain repetition,"Dutch cycling culture, Swift club Leiden, Olympic team, speed skating background","Zoetemelk came from a working-class background in the Netherlands, starting as a carpenter before turning to cycling at 18. He benefited from the Netherlands' strong cycling culture and the national team program, but no family financial or domain advantages are documented. His speed skating background provided transferable physical conditioning. He won Olympic gold in the team time trial at 22, benefiting from strong teammates, and went on to a dominant professional career including a Tour de France victory in 1980.",Low,3,https://en.wikipedia.org/wiki/Joop_Zoetemelk,https://en.wikipedia.org/wiki/Joop_Zoetemelk | https://www.olympedia.org/results/154151 | https://en.wikipedia.org/wiki/Cycling_at_the_1968_Summer_Olympics_%E2%80%93_Men%27s_team_time_trial,subagent_researched_beta,not_independently_audited,0.2.0-subagent-beta
placido-domingo,Plácido Domingo,Creators / artists,Opera singer,20,"Made his first leading operatic role as Alfredo in La traviata in Monterrey in 1961 at age 20, sang 280 performances of 12 roles with the Israel National Opera by 1965, and created the title role in the US premiere of Ginastera's Don Rodrigo at New York City Opera in 1966 to critical acclaim.","Domingo was born to zarzuela singer parents who moved to Mexico when he was 8 and started their own zarzuela company. He studied piano and voice at the National Conservatory of Music in Mexico City from age 14, made his professional debut at 16 accompanying his mother on piano, and his operatic debut at 18 at the Palacio de Bellas Artes before launching an international career.",Early specialization,Early specialization / prior reps,Family-domain advantage,1,3,2,0,2,1,1,2,0,2,14,1,High,"Domingo was born to Pepita Embil and Plácido Domingo Ferrer, both professional zarzuela singers who started their own zarzuela company in Mexico after a successful Latin American tour. The family was immersed in musical theater from his birth, and his parents recruited him and his sister for children's roles in their productions.","Both parents were professional zarzuela performers: his father was a violinist and baritone, his mother a singer. They created a family zarzuela company in Mexico, providing Domingo with direct immersion in performance, repertoire, and the music profession from early childhood.",1,2,1,2,1,1,1,1,0,2,1,0,8,2,8,Family-domain apprenticeship,"Zarzuela singer parents, family company, National Conservatory of Music, Palacio de Bellas Artes, Israel National Opera, 280 performances","Domingo was born into a family of professional zarzuela performers who relocated to Mexico to start their own company, giving him direct immersion in musical performance from early childhood. He entered the National Conservatory of Music at 14, made his professional debut at 16, and by 20 was singing leading operatic roles. His parents' company provided a platform for early performing experience, and his training at the conservatory under Carlo Morelli gave him formal vocal technique. By 25, he had accumulated 280 performances across 12 roles at the Israel National Opera, an extraordinary volume of early reps that established him as a major talent.",High,3,https://en.wikipedia.org/wiki/Pl%C3%A1cido_Domingo,https://en.wikipedia.org/wiki/Pl%C3%A1cido_Domingo | https://www.deutschegrammophon.com/en/artists/placidodomingo/biography | https://www.allmusic.com/artist/mn0000851639,subagent_researched_beta,not_independently_audited,0.2.0-subagent-beta
grigori-perelman,Grigori Perelman,Researchers / independent engineers,Mathematician,16,"Won a gold medal with a perfect score at the 1982 International Mathematical Olympiad at age 16, earned his PhD in 1990 at 24, and won the Young Mathematician Prize of the Saint Petersburg Mathematical Society in 1991 at age 25 for his work on Alexandrov spaces.","Perelman's mathematical talent was apparent by age 10, when his mother enrolled him in Sergei Rukshin's after-school mathematics program. He attended Leningrad Secondary School 239, a specialized math and physics school, won a perfect-score gold medal at the 1982 IMO at 16, and continued at Leningrad State University before completing his PhD in 1990 under Aleksandr Aleksandrov and Yuri Burago.",Technical depth,Scarce technical / intellectual depth,Early specialization,1,3,3,0,2,1,1,2,0,2,15,1,High,"Perelman was born to Jewish parents in Leningrad. His mother Lyubov gave up graduate work in mathematics to raise him, creating a mathematically oriented household. His father Yakov later moved to Israel. The family's Jewish identity in the Soviet Union may have created institutional friction.","His mother Lyubov was a mathematician who sacrificed her own graduate studies to raise him, providing early mathematical exposure. His father Yakov's profession is not documented in reviewed sources.",0,1,0,2,2,1,2,1,0,1,2,1,8,4,8,Mentor-accelerated,"Rukshin math program, School 239, Leningrad mathematical school, mother mathematician, IMO gold perfect score, Burago and Aleksandrov advisors","Perelman's mathematical talent was identified at age 10 by his mother, herself a mathematician who had abandoned graduate study, who enrolled him in Sergei Rukshin's intensive after-school mathematics program. He attended Leningrad's specialized School 239 and won a perfect-score gold medal at the 1982 IMO at 16. He was then embedded in the Leningrad mathematical tradition under Aleksandr Aleksandrov and Yuri Burago, with Mikhail Gromov as a key recommender. His mother's mathematical background provided early domain exposure, though no financial advantage is documented. Being Jewish in the Soviet Union may have created institutional friction that sharpened his focus.",Medium,3,https://en.wikipedia.org/wiki/Grigori_Perelman,https://en.wikipedia.org/wiki/Grigori_Perelman | https://www.imo-official.com/results/individual/year/1982/ | http://imo-official.org/team_r.aspx?code=USS&year=1982,subagent_researched_beta,not_independently_audited,0.2.0-subagent-beta
shing-tung-yau,Shing-Tung Yau,Researchers / independent engineers,Mathematician,22,"Completed his PhD in mathematics at UC Berkeley in 1971 at age 22 under Shiing-Shen Chern with a generalization of Preissman's theorem, became assistant professor at Stony Brook at 23, and associate professor at Stanford at 25.","Yau was born in China and moved to Hong Kong as an infant, where his family faced financial hardship and his father died when he was 13. He studied mathematics at the Chinese University of Hong Kong from 1966 to 1969, left before graduating due to exceptional ability, and entered the PhD program at UC Berkeley in 1969, completing his doctorate in just two years under Shiing-Shen Chern.",Technical depth,Scarce technical / intellectual depth,Elite ecosystem network,1,2,3,0,3,1,2,2,0,2,16,1,High,"Yau was born to Han Chinese Hakka parents in Shantou, China. His father Chen Ying Chiu was a Kuomintang scholar of philosophy, history, literature, and economics. The family moved to Hong Kong when Yau was an infant, losing all their possessions. His father and second-oldest sister died when he was 13, creating severe financial hardship. He was the fifth of eight children.","His father was a scholar of philosophy, history, literature, and economics whose books Yau began reading after his father's death. While not a mathematician, the scholarly household environment provided intellectual stimulation. The family's financial collapse after moving to Hong Kong meant no material advantage.",0,1,0,2,2,1,2,1,0,1,2,2,8,4,8,Mentor-accelerated,"Shiing-Shen Chern advisor, UC Berkeley, Stephen Salaff recommendation, IBM Fellowship, IAS Princeton, father scholar, financial hardship, stateless","Yau's family lost all possessions fleeing to Hong Kong, and his father died when he was 13, creating severe financial hardship. Despite this, his father's scholarly background gave him intellectual exposure, and a lecturer at the Chinese University of Hong Kong named Stephen Salaff recognized his exceptional mathematical potential and helped him gain admission to Berkeley with an IBM Fellowship. Under Shiing-Shen Chern, one of the world's leading geometers, Yau completed his PhD in two years at age 22. He then moved through IAS Princeton, Stony Brook, and Stanford in rapid succession. The combination of exceptional ability, elite mentorship, and adversity-driven focus propelled him to a Fields Medal by age 33.",Medium,3,https://en.wikipedia.org/wiki/Shing-Tung_Yau,https://en.wikipedia.org/wiki/Shing-Tung_Yau | https://math.berkeley.edu/publications/fundamental-group-compact-manifolds-non-positive-curvature | https://mathshistory.st-andrews.ac.uk/Biographies/Yau/,subagent_researched_beta,not_independently_audited,0.2.0-subagent-beta
carlos-monzon,Carlos Monzón,Athletes,Boxer,24,"Won the Argentine middleweight championship in 1966 at age 24 and the South American middleweight championship in 1967 at age 25, establishing himself as a rising international contender before winning the undisputed world middleweight title in 1970.","Monzón was born into extreme poverty in San Javier, Argentina, with 12 siblings, and quit school in the third grade to work as a shoeshine, paperboy, and milkman. He supplemented his income with street fights before entering amateur boxing, compiling a 73-6-8 record, and turned professional in 1963 at age 20 under the mentorship of trainer Amilcar Brusa.",Physical talent,Physical / athletic talent,Early specialization,1,2,1,0,1,0,1,1,0,2,9,1,Medium,"Monzón was born to Roque Monzón and Amalia Ledesma, of Mocoví indigenous descent, and was raised in poverty with twelve siblings in a poor neighborhood of Santa Fe. The family was so poor that Monzón could not afford boxing boots early in his career and he and his wife could not afford a marriage license.",Not documented in reviewed sources. No family connection to boxing or professional sports is recorded.,0,0,0,0,1,0,1,0,0,2,1,2,4,1,4,Constraint-driven self-creation,"Extreme poverty, Mocoví descent, street fighting, Amilcar Brusa mentorship, Argentine boxing tradition, self-made","Monzón grew up in extreme poverty in provincial Argentina, of Mocoví indigenous descent, with twelve siblings. He quit school in third grade to work menial jobs and earned extra money through street fights before finding amateur boxing. His trainer Amilcar Brusa, an ex-wrestler, provided sustained mentorship that channeled his natural fighting ability into boxing technique. The adversity of his upbringing—poverty, lack of education, street violence—created the urgency and physical toughness that propelled him to Argentine and South American middleweight titles by 25. No family financial or domain advantages are documented; his path was entirely self-created through physical talent and constraint-driven determination.",Medium,3,https://en.wikipedia.org/wiki/Carlos_Monz%C3%B3n,https://en.wikipedia.org/wiki/Carlos_Monz%C3%B3n | https://boxrec.com/wiki/index.php/Carlos_Monzon | https://wbcboxing.com/en/remembering-the-great-carlos-monzon/,subagent_researched_beta,not_independently_audited,0.2.0-subagent-beta
michel-platini,Michel Platini,Athletes,Footballer (attacking midfielder),23,"Won the 1978 Coupe de France with AS Nancy (scoring the winning goal in the final) and represented France at the 1978 World Cup, establishing himself as one of the country's top footballers by age 23.","Platini joined the reserve side of AS Nancy in September 1972 and made his Ligue 1 debut at age 17 in May 1973. He became a regular during the 1974-75 season in Ligue 2, helping Nancy earn promotion. He won the Coupe de France with Nancy in 1978 before transferring to Saint-Étienne in 1979, where he continued to dominate French football.",Early specialization with family domain access,Early specialization / prior reps,Family domain proximity,1,2,2,0,2,1,1,1,1,2,13,1,Medium,"Born to Aldo and Anna Platini in Jœuf, Lorraine, a family of Italian immigrant ancestry. His father Aldo was an amateur footballer, coach, and long-time sporting director for AS Nancy, the club where Michel began his professional career.","Aldo Platini was a footballer, coach, and sporting director at AS Nancy, providing Michel with direct access to professional football from childhood. Aldo also created the football school at AS Jœuf where Michel first trained.",1,2,1,1,0,1,1,1,0,2,0,1,9,2,9,Family-domain apprenticeship,"father footballer, Nancy access, domain proximity, Italian immigrant community","Platini's father Aldo was a professional footballer and long-time sporting director at AS Nancy, giving Michel direct entry to professional football. He joined Nancy's reserve team at 17 and debuted in Ligue 1 in 1973. Despite failing a medical at Metz due to breathing difficulties, he developed into one of France's best players, winning the 1978 Coupe de France with Nancy and playing at the 1978 World Cup. His family's deep football connections provided unusual domain proximity from childhood, though the family was of modest means.",Medium,4,https://en.wikipedia.org/wiki/Michel_Platini,https://en.wikipedia.org/wiki/Michel_Platini | https://www.transfermarkt.com/michel-platini/debuets/spieler/88994 | https://www.franceinfo.fr/sports/foot/ligue-1/ca-s-est-passe-un-2-mai-1973-les-debuts-de-platini-en-division-1_4507809.html | https://www.universalis.fr/encyclopedie/michel-platini/,subagent_researched_beta,not_independently_audited,0.2.0-subagent-beta
enrico-bombieri,Enrico Bombieri,Researchers / independent engineers,"Mathematician (analytic number theory, Diophantine geometry)",25,"Appointed full professor of mathematics at the University of Cagliari in 1965 at age 25, and awarded the Caccioppoli Prize in 1966 for his contributions to analytic number theory, including the Bombieri mean value theorem on prime distribution.","Bombieri published his first mathematical paper at age 16 in 1957. He earned his Laurea in mathematics from the University of Milan at 22 in 1963 under Giovanni Ricci, then studied at Trinity College, Cambridge with Harold Davenport. He became an assistant professor at Cagliari in 1963 and was promoted to full professor by 1965, later moving to the University of Pisa in 1966.",Scarce mathematical depth,Scarce technical / intellectual depth,Elite institutional network,1,3,3,0,2,0,1,3,2,1,16,1,High,Born in Milan to a wealthy family; his father was CEO of the Banca Commerciale Italiana. The family also owned a vineyard in Montepulciano. Bombieri is described as the fourth child and only son of a banker.,"Bombieri's father was a prominent banker (CEO of Banca Commerciale Italiana), not a mathematician, but the family's wealth and social position provided access to elite education and intellectual freedom from an early age.",2,0,1,2,1,1,1,0,0,0,2,0,8,3,8,Institutional ecosystem acceleration,"math prodigy, wealthy family, University of Milan, Trinity College Cambridge, Giovanni Ricci","Bombieri was a mathematical prodigy who read algebra at age 8, studied number theory at 13, and published his first paper at 16. His father was CEO of Banca Commerciale Italiana, providing financial security and access to elite education. He earned his Laurea at the University of Milan under Giovanni Ricci, then studied at Trinity College, Cambridge with Harold Davenport. By 25 he was a full professor at Cagliari, and by 26 he had won the Caccioppoli Prize. His extraordinary early mathematical ability combined with institutional access and financial safety to enable rapid academic advancement.",Medium,4,https://en.wikipedia.org/wiki/Enrico_Bombieri,https://en.wikipedia.org/wiki/Enrico_Bombieri | https://mathshistory.st-andrews.ac.uk/Biographies/Bombieri/ | https://www.ias.edu/scholars/bombieri | https://www.italyonthisday.com/2018/11/enrico-bombieri-mathematician.html,subagent_researched_beta,not_independently_audited,0.2.0-subagent-beta
ayrton-senna,Ayrton Senna,Athletes,Racing driver (Formula One),25,"Won his first Formula One Grand Prix at the 1985 Portuguese GP (age 25), having already won the British and European Formula Ford championships (1981), British F3 Championship and Macau Grand Prix (1983), and debuted in F1 with Toleman in 1984 scoring multiple podiums.","Senna began competitive kart racing at age 13 in 1973, using a go-kart built by his father. He was twice runner-up at the Karting World Championship (1979, 1980). He moved to England in 1981 to race Formula Ford 1600, winning the British and European championships. He dominated Formula Ford 2000 in 1982, won the British F3 Championship in 1983, and entered F1 with Toleman in 1984 before moving to Lotus in 1985 where he took his first pole and victory.",Physical talent and early specialization,Physical / athletic talent,Family capital support,1,3,3,0,2,1,1,3,2,2,18,1,High,"Born to a wealthy Brazilian family in São Paulo. His father Milton Guirado da Silva was a landowner and factory owner who operated a metallurgical company (Universal) supplying auto manufacturers, with additional investments in construction, farms, and livestock. Senna was the middle child of three.","Senna's father Milton owned a metallurgical company supplying the automotive industry and built Ayrton's first go-kart using a lawnmower engine. The family's wealth funded Ayrton's early karting career and supported his move to European racing, though Milton initially hoped Ayrton would join the family business.",2,1,1,1,1,2,1,0,0,1,2,1,10,3,10,Family-domain apprenticeship,"wealthy family, father automotive factory, go-kart at age 4, karting from 13, Brazilian motorsport","Senna was born into a wealthy São Paulo family; his father Milton owned a metallurgical company supplying the automotive industry and built Ayrton's first go-kart at age 4. Senna started competitive karting at 13, was twice World Championship runner-up, then dominated British Formula Ford and F3 before entering F1 at 24. His father's wealth funded his early racing career, and the family's automotive business provided direct domain proximity. His natural driving talent was evident from his first kart race, where he started on pole against older drivers.",High,4,https://en.wikipedia.org/wiki/Ayrton_Senna,https://en.wikipedia.org/wiki/Ayrton_Senna | https://global.honda/en/senna/career/vol1/ | https://www.senna.com/en/jornada-senna/ | https://www.motorsportmagazine.com/database/drivers/ayrton-senna/,subagent_researched_beta,not_independently_audited,0.2.0-subagent-beta
nadia-comaneci,Nadia Comăneci,Athletes,Gymnast (artistic),14,"Scored the first perfect 10.0 in Olympic gymnastics history at the 1976 Montreal Games at age 14, winning three Olympic gold medals (all-around, uneven bars, balance beam), a silver, and a bronze. She went on to win World Championship golds in 1978-79 and two more Olympic golds in 1980.","Comăneci was discovered by Béla Károlyi at age 6 when he spotted her turning cartwheels in a schoolyard in Onești, Romania. She entered her first competition at 7, won the Romanian National Junior Championship at 9, and won three golds at her first international junior meet in 1972. By 1975 she was senior European champion, and at 14 she made Olympic history in Montreal.",Physical talent and extreme early specialization,Physical / athletic talent,Elite performance pipeline,1,3,3,0,2,1,2,3,0,1,16,1,High,"Born to Gheorghe (an auto mechanic) and Ștefania Comăneci in Onești, a small industrial town in the Carpathian Mountains. Her parents separated in the 1970s. The family was working class; Nadia's gymnastics training was funded through the Romanian state sports system.",No family connection to gymnastics; Comăneci was discovered by coach Béla Károlyi at age 6 in a schoolyard. Her success was driven by the Romanian state gymnastics pipeline rather than family domain advantage.,0,0,0,2,1,1,2,0,0,1,2,1,7,2,7,Elite performance pipeline,"Karolyi coaching from age 6, Romanian state gymnastics, prodigy, perfect 10 at 14, Cold War sports","Comăneci was discovered at age 6 by Béla Károlyi, who built an experimental gymnastics school in Onești. She trained intensively (8 hours/day, 6 days/week from age 12) within the Romanian state sports system. Her working-class family had no gymnastics background; her father was an auto mechanic. Károlyi's sustained, individualized coaching from age 6 and the state-funded gymnastics pipeline were the dominant early advantages. Her natural physical talent was evident from the start, and her extraordinary composure at age 14 produced the first perfect 10 in Olympic history.",High,4,https://en.wikipedia.org/wiki/Nadia_Comăneci,https://en.wikipedia.org/wiki/Nadia_Comăneci | https://www.olympics.com/en/news/nadia-comaneci-perfect-10-five-decades-later-exclusive | https://www.britannica.com/biography/Nadia-Comaneci | https://www.history.com/this-day-in-history/july-18/nadia-comaneci-first-perfect-10-gymnastics-montreal-olympics,subagent_researched_beta,not_independently_audited,0.2.0-subagent-beta
tom-jones,Tom Jones,Creators / artists,"Singer (pop, R&B, soul)",24,"His second single 'It's Not Unusual' reached #1 on the UK Singles Chart in March 1965 (age 24) and #10 on the US Billboard Hot 100, launching him to international fame. He followed with 'What's New Pussycat?' (1965) and other hits before age 26.","Born Thomas John Woodward in Treforest, Wales, Jones sang from childhood at family gatherings and in school choir. He married at 16 and worked manual jobs (construction, glove factory, paper mill) while singing in Welsh clubs at night. In 1963 he became frontman of Tommy Scott and the Senators, was discovered by manager Gordon Mills, signed to Decca, and released 'It's Not Unusual' in early 1965.",Vocal talent and distribution,Distribution / audience,Manager partnership,1,1,2,1,1,1,2,1,0,1,11,1,Medium,"Born to Freda Jones and Thomas Woodward, a coal miner, in Treforest, Wales. He was diagnosed with tuberculosis at age 12 and spent two years bedridden. He married at 16 and worked manual jobs to support his young family before finding success as a singer.","No family connection to music or entertainment. His father was a coal miner. Jones's singing talent was nurtured informally through Welsh community traditions and school choir, not through family domain expertise.",0,0,0,0,1,0,0,1,0,1,1,2,5,1,5,Constraint-driven self-creation,"coal miner's son, TB at 12, married at 16, Welsh singing tradition, Gordon Mills manager, 1960s pop boom","Jones was born into a working-class Welsh mining family with no music industry connections. He contracted TB at 12, was bedridden for two years listening to music, married at 16, and worked manual jobs while singing in clubs at night. His powerful natural voice was recognized from childhood, but his breakthrough came when manager Gordon Mills discovered him performing with the Senators in 1963 and secured a Decca deal. The 1960s pop music boom and Mills's songwriting partnership propelled 'It's Not Unusual' to #1 in 1965. His path was defined by adversity and self-creation rather than inherited advantage.",Medium,4,https://en.wikipedia.org/wiki/Tom_Jones_(singer),https://en.wikipedia.org/wiki/Tom_Jones_(singer) | https://www.udiscovermusic.com/stories/tom-jones-first-no-1/ | https://www.officialcharts.com/songs/tom-jones-its-not-unusual/ | https://www.britannica.com/biography/Tom-Jones,subagent_researched_beta,not_independently_audited,0.2.0-subagent-beta
james-hunt,James Hunt,Athletes,Racing driver (Formula One),25,"Made his Formula One debut at the 1973 Monaco Grand Prix with Hesketh Racing (age 25) and scored podium finishes at the Dutch and US Grands Prix in his rookie season, establishing himself as a rising F1 talent by age 26. He had previously won races in Formula Ford and Formula Three.","Hunt discovered motor racing at age 18 when he attended a club meeting at Silverstone. He began racing a Mini in 1967, working odd jobs to fund his career after his parents refused to support him. He moved to Formula Ford in 1968, won races, then graduated to Formula Three in 1969 where he earned the nickname 'Hunt the Shunt' for his aggressive style. Lord Hesketh signed him in 1973, entering F1 with a March chassis.",Physical talent and self-funded persistence,Physical / athletic talent,Patron support,0,2,2,0,2,1,1,2,1,0,11,1,Medium,"Born in Belmont, Surrey, the son of Wallis Glynn Gunthorpe Hunt, a London stockbroker, and Susan Noel Wentworth Hunt. He was educated at Wellington College, a public school. Despite the middle-class background, his parents refused to support his racing ambitions, forcing him to fund his own career through odd jobs.","No family connection to motorsport. His father was a stockbroker and the family was middle class. The family's refusal to fund James's racing meant he was entirely self-funded in his early career, buying a crashed Mini and rebuilding it himself.",1,0,0,1,1,0,1,0,0,0,1,2,6,0,6,Constraint-driven self-creation,"stockbroker father, self-funded racing, Lord Hesketh patron, Wellington College, UK motorsport, Hunt the Shunt","Hunt was the son of a London stockbroker and attended Wellington College, but his parents refused to support his racing ambitions. He funded his own career through odd jobs, buying and rebuilding a crashed Mini to begin racing at 20. He progressed through Formula Ford and Formula Three, earning a reputation for both speed and crashes ('Hunt the Shunt'). Lord Hesketh's patronage in 1973 lifted him into Formula One, where he scored podiums in his rookie season at 25. His path was defined by self-creation against family resistance rather than inherited advantage, though his English public school background and the UK's central role in motorsport provided structural context.",Medium,4,https://en.wikipedia.org/wiki/James_Hunt,https://en.wikipedia.org/wiki/James_Hunt | https://www.mclaren.com/racing/heritage/formula-1/drivers/james-hunt/ | https://www.motorsportmagazine.com/archive/article/december-2016/140/before-he-was-famous/ | https://www.britannica.com/biography/James-Hunt,subagent_researched_beta,not_independently_audited,0.2.0-subagent-beta
carla-bruni,Carla Bruni,Creators / artists,Model and singer-songwriter,24,"By age 24 (1992), Bruni was among the 20 highest-paid fashion models in the world, modeling for Christian Dior, Chanel, Versace, Yves Saint-Laurent, Givenchy, and Karl Lagerfeld, earning approximately $1 million per year. She signed with City Models at 19 in 1987 and rose rapidly through the Guess? campaign and major runway shows.","Bruni was born in Turin to a wealthy industrialist family (CEAT tire fortune). The family relocated to France in the early 1970s to escape Red Brigades kidnapping threats. She attended a Swiss boarding school, then studied art and architecture in Paris. At 19, her brother's girlfriend suggested she try modeling; she signed with City Models and was chosen by Paul Marciano for the Guess? jeans campaign, launching her to top-model status within a few years.",Inherited capital and distribution,Network / capital,Physical appearance,1,1,1,1,2,0,2,1,2,1,12,2,Medium,"Born to Alberto Bruni Tedeschi, an industrialist and classical composer who was heir to the CEAT tire manufacturing fortune, and Marisa Borini, a concert pianist. The family was very wealthy, owning castles and art collections. They moved from Turin to France in the early 1970s to escape Red Brigades kidnapping threats targeting wealthy Italian families.","Bruni's father was an industrialist (CEAT tire company director) and classical composer; her mother was a concert pianist. The family's immense wealth, social position in Italian high society, and cultural sophistication provided direct access to the fashion and arts world, though not specifically to modeling.",2,1,1,1,2,0,0,0,0,1,1,1,9,2,9,Inherited distribution/capital,"CEAT tire heiress, wealthy family, Swiss boarding school, Paris fashion, Guess? campaign, 1990s supermodel era","Bruni was born into one of Italy's wealthiest families as heiress to the CEAT tire fortune. Her father was an industrialist and composer; her mother a concert pianist. The family relocated to France to escape kidnapping threats, and Carla attended a Swiss boarding school before studying art in Paris. At 19, she signed with City Models and was quickly chosen for the Guess? campaign, which launched her to the top tier of 1990s fashion modeling. By 24, she was among the 20 highest-paid models, earning about $1 million annually. Her family's wealth, social capital, and proximity to Parisian high society provided a platform that made entry into elite modeling far more accessible.",High,4,https://en.wikipedia.org/wiki/Carla_Bruni,https://en.wikipedia.org/wiki/Carla_Bruni | https://www.vanityfair.com/magazine/1992/11/bruni199211 | https://www.encyclopedia.com/education/news-wires-white-papers-and-books/bruni-carla | http://news.bbc.co.uk/1/hi/world/europe/7189773.stm,subagent_researched_beta,not_independently_audited,0.2.0-subagent-beta
kresimir-cosic,Krešimir Ćosić,Athletes,"Basketball player (center, all positions)",19,"Won Olympic silver medal with Yugoslavia at the 1968 Mexico City Olympics at age 19, followed by World Championship gold in 1970 (age 22), EuroBasket MVP in 1971 (age 23), and another Olympic silver in 1972 (age 24). He was a collegiate All-American at BYU and a 6× FIBA European Selection player by age 26.","Ćosić was born in Zagreb and raised in Zadar, where he started playing basketball at age 16 in 1964. He quickly became a star for KK Zadar, winning Yugoslav League championships in 1965, 1967, and 1968. He played for Yugoslavia at the 1968 Olympics (silver medal) before attending BYU from 1970-1973, where he was a three-time first-team All-WAC selection and All-American. He returned to Zadar after college and continued his dominant national team career.",Physical talent and elite performance pipeline,Physical / athletic talent,Early specialization,1,2,2,0,2,1,1,2,0,1,12,2,Medium,"Born to Ante and Darinka Ćosić in Zagreb, Yugoslavia (now Croatia). He was raised in Zadar. Family financial background is not documented in reviewed sources; he grew up in communist Yugoslavia where sports were state-supported.","No family connection to basketball is documented in reviewed sources. Ćosić's path to basketball appears to have been driven by his exceptional height (6'11"") and the Yugoslav state sports system rather than family domain expertise.",0,0,0,2,1,1,1,1,0,1,2,1,8,2,8,Elite performance pipeline,"Yugoslav national team, 6'11"" height, Zadar basketball, BYU, Olympic silver at 19, World Championship gold","Ćosić was born in Zagreb and raised in Zadar, where he began playing basketball at 16. His exceptional 6'11"" height was a decisive physical advantage. The Yugoslav state sports system provided an elite performance pipeline: he won Yugoslav League titles with Zadar as a teenager, earned an Olympic silver medal at 19 in 1968, then attended BYU on a basketball scholarship where he became an All-American. Family background is not well documented, but his path was driven by the state sports system, his extraordinary physical attributes, and the rising Yugoslav basketball program rather than inherited advantage.",Medium,4,https://en.wikipedia.org/wiki/Krešimir_Ćosić,https://en.wikipedia.org/wiki/Krešimir_Ćosić | https://byucougars.com/sports/mens-basketball/roster/season/1969-1970/player/kresimir-cosic | https://www.hoophall.com/hall-of-famers/kresimir-cosic | https://www.kresimircosic.com/en/kresimir-cosic/resume/,subagent_researched_beta,not_independently_audited,0.2.0-subagent-beta
madonna,Madonna,Creators / artists,Pop singer-songwriter,24,"Released her debut single 'Everybody' on Sire Records in October 1982 and her self-titled debut album in July 1983, establishing herself as a recording artist by age 24.","Madonna left the University of Michigan dance program in 1978 and moved to New York City with $35, training with Alvin Ailey and Martha Graham while working low-wage jobs. She pivoted from dance to music around 1979, playing in bands (Breakfast Club, Emmy) and building a following in the downtown NYC club scene, particularly at Danceteria, before DJ Mark Kamins helped her secure a deal with Sire Records in 1982.",Hustle and club-scene distribution,Distribution / audience,Concentration intensity,1,1,1,1,1,1,2,2,0,1,11,1,Medium,"Madonna was born to Silvio 'Tony' Ciccone, an optical and military engineer at Chrysler Defense, and Madonna Louise Fortin, an X-ray technician. Her mother died of breast cancer when Madonna was five, leaving her the eldest daughter in a large family raised in the Detroit suburbs.","No family background in music or entertainment; father was an engineer, mother was an X-ray technician. No evidence of parental domain expertise transferred to Madonna's eventual music career.",0,0,0,1,2,0,1,1,0,2,0,2,6,3,6,Constraint-driven self-creation,"mother's death, NYC club scene, poverty-driven hustle, downtown music frontier","Madonna arrived in New York with $35 and no music industry connections, having lost her mother at age five and grown up in a middle-class Detroit suburb. She leveraged immersion in the downtown NYC club scene—particularly Danceteria—to build a small but catalytic following, getting DJ Mark Kamins to play her demo and broker a deal with Sire Records. Her relentless hustle (living in rehearsal spaces, working multiple jobs, calling managers and labels daily) combined with the emerging MTV/dance-music wave of the early 1980s to create her breakthrough. No family financial platform or music-industry network was documented; her advantage was frontier geography immersion and adversity-driven urgency.",Medium,3,https://en.wikipedia.org/wiki/Madonna_(entertainer),https://en.wikipedia.org/wiki/Madonna_(entertainer) | https://www.billboard.com/pro/madonna-debut-album-chart-history/ | https://www.rhino.com/article/october-1982-madonna-debuts-with-everybody,subagent_researched_beta,not_independently_audited,0.2.0-subagent-beta
meryl-streep,Meryl Streep,Creators / artists,Actress,26,Began her professional stage career in 1975 with Broadway roles at the Vivian Beaumont Theater and won an Obie Award; received a Tony Award nomination for Best Featured Actress in 1976 at age 26.,"Streep trained in opera singing from age 12 and acted in school plays before attending Vassar College, where a drama professor noted she 'really taught herself.' She earned an MFA from the Yale School of Drama in 1975, appearing in over a dozen productions per year, then moved to New York and was cast by Joseph Papp in Trelawny of the Wells at the Vivian Beaumont Theater, launching her professional career.",Technical depth and dialect mastery,Scarce technical / intellectual depth,Elite institution pipeline,1,2,2,0,2,1,1,2,1,2,14,1,Medium,"Streep was born to Harry William Streep Jr., a pharmaceutical executive, and Mary Wilkinson Streep, a fine artist and art editor who strongly encouraged her daughter's creative pursuits and instilled confidence from a young age. The family was upper-middle class in suburban New Jersey.","Her mother was a commercial artist and art editor who served as an early mentor, encouraging performance and creativity, though not specifically in acting. No direct family domain expertise in theater or film was documented.",1,1,0,2,1,0,1,1,0,1,1,0,8,1,8,Institutional ecosystem acceleration,"Vassar College, Yale School of Drama, Joseph Papp, Broadway, opera training, mother as mentor","Streep benefited from an elite educational pipeline—Vassar College (AB in drama, cum laude) followed by Yale School of Drama (MFA, 1975)—that concentrated theatrical opportunity and connected her to the New York theater ecosystem. Her mother, a commercial artist, was a formative mentor who instilled confidence, and her father's pharmaceutical executive career provided a comfortable upper-middle-class upbringing. Her exceptional natural ability (accent mimicry, emotional depth) was recognized early by professors, and she supplemented her Yale tuition by waitressing, suggesting moderate rather than lavish financial support. The Joseph Papp/New York Shakespeare Festival pipeline was her entry into professional theater.",Medium,2,https://en.wikipedia.org/wiki/Meryl_Streep,https://en.wikipedia.org/wiki/Meryl_Streep | https://www.britannica.com/biography/Meryl-Streep,subagent_researched_beta,not_independently_audited,0.2.0-subagent-beta
maurizio-pollini,Maurizio Pollini,Creators / artists,Classical pianist,18,"Won the sixth International Chopin Piano Competition in Warsaw in March 1960 at age 18, the youngest of 89 entrants and the first non-Slav to win, with Arthur Rubinstein declaring 'that boy can play the piano better than any of us.'","Pollini began piano lessons at age five with Carlo Lonati in Milan, then studied with Carlo Vidusso at the Milan Conservatory from age 13 to 18. He made his public debut at 15 performing Chopin Etudes, took second prize at the Geneva International Music Competition at 15, won the Pozzoli Competition at 17, and then won the Chopin Competition at 18, launching his international career.",Technical depth and pianistic mastery,Scarce technical / intellectual depth,Early specialization,1,3,3,0,2,0,1,2,1,2,15,2,High,"Pollini was born into an artistic Milanese family: his father Gino Pollini was a leading modernist architect and amateur violinist, and his mother Renata Melotti was a trained pianist and singer. His maternal uncle was the abstract sculptor Fausto Melotti, creating a household where modern art and music were integral to daily life.","Both parents were musical—father an amateur violinist, mother a trained pianist and singer—and the family was deeply embedded in Milan's modernist art and architecture circles. This provided direct domain exposure to high culture from birth and facilitated access to elite musical training.",1,2,1,2,1,1,2,0,0,1,2,0,9,4,9,Family-domain apprenticeship,"artistic family, Milan Conservatory, Carlo Vidusso, Carlo Lonati, prodigy, Chopin Competition, modernist architecture household","Pollini was born into a prosperous Milanese family where modern art and music were part of daily life—his father was a leading architect and amateur violinist, his mother a trained pianist, and his uncle a renowned sculptor. He began piano at age five with individualized instruction from top teachers (Lonati, then Vidusso at the Milan Conservatory), accumulating 13 years of intensive training before winning the Chopin Competition at 18. Arthur Rubinstein's jury declaration that Pollini played better than any juror underscores his prodigy-level talent. The family's cultural capital and Milan's conservatory pipeline provided the scaffolding for his early achievement, though his extraordinary natural ability was the decisive factor.",High,3,https://en.wikipedia.org/wiki/Maurizio_Pollini,https://en.wikipedia.org/wiki/Maurizio_Pollini | https://www.deutschegrammophon.com/en/artists/mauriziopollini/biography | https://time.com/archive/6622304/music-prizewinning-pianist/,subagent_researched_beta,not_independently_audited,0.2.0-subagent-beta
patti-smith,Patti Smith,Creators / artists,Poet / singer-songwriter,25,Published her first poetry collections—'Seventh Heaven' and 'kodak' in 1972 and 'Witt' in 1973—establishing herself as a published poet and notable performer in the New York City underground art scene by age 25-26.,"Smith moved to New York City in 1967 at age 20, working in bookstores (Scribner's, Strand) and immersing herself in the downtown art and poetry scene. She lived at the Hotel Chelsea with Robert Mapplethorpe, performed poetry at St. Mark's Church, co-wrote a play with Sam Shepard, and published poems in CREEM magazine before releasing her first poetry books through small presses in 1972-73.",Artistic voice and scene immersion,Product / domain insight,Distribution / audience,0,1,1,1,1,1,1,1,0,2,9,2,Medium,"Smith was born in Chicago to Beverly Smith, a jazz singer turned waitress, and Grant Smith, a Honeywell machinist. The family was lower-middle class, moving frequently before settling in Deptford Township, New Jersey. Smith has described her household as 'struggling' though not poor.","Her mother had been a jazz singer with a 'smoky, simple voice' before becoming a waitress, exposing Smith to music at home, but there is no evidence of sustained parental mentorship in poetry or the arts. No direct family domain expertise in literature or music performance was documented.",0,0,0,0,2,0,0,1,0,1,0,1,4,1,4,Frontier geography immersion,"NYC underground art scene, Hotel Chelsea, Robert Mapplethorpe, St. Mark's Church, CBGB, working-class origins","Smith arrived in New York City in 1967 with no financial safety net, no elite education, and no family connections in the arts. Her key advantage was physical immersion in the downtown Manhattan art and poetry frontier of the late 1960s and early 1970s, where she lived at the Hotel Chelsea, befriended Robert Mapplethorpe, and performed at St. Mark's Church. Her working-class background and outsider status gave her a distinctive poetic voice, but no family financial platform, elite institutional pipeline, or sustained mentorship was documented. Her early poetry publications through small presses (50-300 copies each) were modest but independently verifiable milestones that established her as a published author before her music career.",Medium,3,https://en.wikipedia.org/wiki/Patti_smith,https://en.wikipedia.org/wiki/Patti_smith | https://www.vulture.com/2015/11/patti-smiths-journey-to-horses-a-timeline.html | http://oceanstar.com/patti/info/books.htm,subagent_researched_beta,not_independently_audited,0.2.0-subagent-beta
carlos-slim,Carlos Slim,Founders / operators,Business magnate / investor,25,"By 1965 at age 25, profits from his private investments reached US$400,000, enabling him to found the stock brokerage Inversora Bursátil and acquire Jarritos del Sur; by January 1966 at age 26, he was worth approximately US$40 million and incorporated Inmobiliaria Carso.","Slim began investing at age 11 with government savings bonds and bought his first bank shares at 12, taught by his father Julián, a successful Lebanese-immigrant merchant. He studied civil engineering at UNAM while teaching algebra, graduated in 1961, and launched his career as a stock trader working 14-hour days, methodically building a portfolio that reached $400,000 in annual profits by 1965.",Financial acumen and early investing,Product / domain insight,Early specialization / prior reps,1,2,2,0,1,0,1,2,1,2,12,1,High,"Slim was born to Julián Slim Haddad, a Lebanese immigrant who built a successful wholesale mercantile business and real estate fortune in Mexico City, and Linda Helú Atta, whose family also came from Lebanon and founded one of the first Arabic-language magazines in Mexico. His father taught him finance and accounting from a young age, giving him a ledger to record transactions and instructing him in analyzing financial statements.","His father was a successful merchant and real estate investor who directly taught Carlos financial analysis, business management, and accounting principles from childhood. Julián Slim died when Carlos was 13, but the financial literacy and business mindset were deeply instilled by that point. The family's Lebanese-Mexican business community also provided a commercial network.",2,2,1,1,0,0,2,0,0,2,0,1,7,4,7,Family-domain apprenticeship,"father's business mentorship, Lebanese merchant network, early stock investing, financial literacy from childhood, UNAM civil engineering","Slim's extraordinary early business success was built on a foundation of direct paternal mentorship: his father Julián, a successful Lebanese-immigrant merchant and real estate investor, taught him financial analysis, accounting, and business management from childhood, giving him a personal ledger at a young age. Carlos was investing in government bonds at 11 and bank shares at 12, accumulating over a decade of investing experience before founding his brokerage at 25. His father's death when he was 13 created some adversity but the financial literacy was already deeply instilled. The family's prosperous mercantile background and Lebanese-Mexican business community provided both capital and network, while his civil engineering degree from UNAM added analytical rigor. By 26, he had parlayed these advantages into a $40 million fortune.",High,2,https://en.wikipedia.org/wiki/Carlos_Slim,https://en.wikipedia.org/wiki/Carlos_Slim | https://achievement.org/achiever/carlos-slim/,subagent_researched_beta,not_independently_audited,0.2.0-subagent-beta
mats-wilander,Mats Wilander,Athletes,Tennis player,17,"Won the 1982 French Open men's singles title at age 17, the youngest ever champion at Roland Garros, defeating four top-five seeds including Guillermo Vilas in the final.","Wilander grew up in Växjö, Sweden, where his father Einar, a factory foreman, built a tennis court in a factory parking lot. Mats started playing around age 6-7, gave up ice hockey to focus on tennis at 13, and won national junior titles (under-12, under-14, under-16) plus the French Open junior title and European under-16 and under-18 championships. He turned professional at 16 in 1980 and stunned the tennis world by winning the 1982 French Open as an unseeded 17-year-old.",Tactical intelligence and early specialization,Early specialization / prior reps,Physical / athletic talent,1,2,1,0,1,0,2,1,0,1,9,2,High,"Wilander was born in Växjö, Sweden, to Einar Wilander, a factory foreman, and Karin Wilander, an assembly line worker. The family was working-class; his parents continued working at the same factories even after Mats's professional success. He was the youngest of three brothers.","His father Einar started playing tennis in the 1940s and built a makeshift tennis court in a factory parking lot, introducing Mats to the game. Einar spent lunch breaks playing with Mats, but was not a tennis professional or coach. No sustained elite coaching was documented in the family.",0,1,0,1,1,0,1,0,0,1,1,0,6,0,6,Self-created domain repetition,"father's parking lot court, Swedish tennis tradition, junior titles, Orange Bowl, European championships, Borg era","Wilander's path to a French Open title at 17 was remarkably modest in terms of inherited advantages. His father, a factory foreman, built a makeshift tennis court in a parking lot and played with Mats during lunch breaks, but the family was working-class with no tennis pedigree. The key contextual advantage was Sweden's tennis culture in the Björn Borg era, which created a junior development ecosystem and competitive peer environment. Wilander won national junior titles and the European under-16/under-18 championships, but his first coach described him as 'smart and cagey' rather than driven, noting he 'practiced just enough to get by.' His tactical intelligence and ability to exceed expectations—rather than overwhelming physical talent or elite training—defined his breakthrough. No family financial platform, rare facilities, or elite mentorship was documented.",Medium,3,https://en.wikipedia.org/wiki/Mats_Wilander,https://en.wikipedia.org/wiki/Mats_Wilander | https://www.upi.com/Archives/1982/06/06/Swedens-17-year-old-Mats-Wilander-became-the-youngest-player-ever/9568392184000/ | https://www.tennisfame.com/hall-of-famers/inductees/mats-wilander,subagent_researched_beta,not_independently_audited,0.2.0-subagent-beta
roland-ratzenberger,Roland Ratzenberger,Athletes,Racing driver,25,"Won the Austrian, German, and European Formula Ford 1600 championships in 1985 at age 25, winning 11 of 19 races, and won the prestigious Formula Ford Festival at Brands Hatch in 1986 at age 26.","Ratzenberger grew up in Salzburg near the Salzburgring and became fascinated with cars from childhood. He joined Walter Lechner's racing school at 18, working as a mechanic and instructor to fund his racing, and progressed to Formula Ford in 1983 at age 23, winning multiple national and continental titles within two years.",Early specialization,Early specialization / prior reps,Concentration intensity,1,1,1,0,0,0,0,2,0,1,6,4,Medium,"Son of Rudolf Ratzenberger, a civil servant in pension insurance, and Margit Ratzenberger. Working-class family with no motorsport background; parents could not support him financially and were initially unhappy with his racing ambition.",No family connection to motorsport; father was a civil servant and mother a homemaker. Roland caught the racing bug independently after the Salzburgring opened near his home in 1969.,0,0,0,0,1,1,1,0,0,1,0,1,5,0,5,Self-created domain repetition,"proximity-to-circuit, mentor-access, self-funded, adversity-driven","Ratzenberger grew up near the Salzburgring, which gave him early exposure to motorsport, but his family had no racing background and could not support him financially. He joined Walter Lechner's racing school at 18, working as a mechanic and instructor to fund his own racing career. His determination and self-funded progression through Formula Ford led to championship wins by age 25-26, though his career was cut short by his death at Imola in 1994.",Medium,3,https://en.wikipedia.org/wiki/Roland_Ratzenberger,https://en.wikipedia.org/wiki/Roland_Ratzenberger | https://www.motorsport.com/f1/news/how-ratzenberger-beat-the-odds-to-realise-his-cruelly-short-lived-f1-dream/10605049/ | https://www.motorsportmagazine.com/database/drivers/roland-ratzenberger/,subagent_researched_beta,not_independently_audited,0.2.0-subagent-beta
werner-herzog,Werner Herzog,Creators / artists,Film director,25,"Won the Silver Bear Extraordinary Prize of the Jury at the 1968 Berlin International Film Festival for his first feature film Signs of Life, at age 25.","Herzog grew up in a remote Bavarian village without running water or cinema, and did not see a film until age 11. He started work on his first short film Herakles at 19, worked various jobs to finance his films, and won the Carl-Meyer Prize for his screenplay in 1963 before shooting Signs of Life in 1967.",Technical depth,Scarce technical / intellectual depth,Concentration intensity,1,2,2,0,0,0,1,2,0,1,9,1,Medium,"Born in Munich to Elisabeth Stipetic (Austrian-Croatian) and Dietrich Herzog (German soldier). Mother fled with him to remote Bavarian village of Sachrang during WWII; father abandoned the family. Grew up in extreme poverty with no running water, no toys, and no cinema.",No family connection to film. Father was absent; mother raised children alone in a remote mountain village. No artistic or cultural family background documented.,0,0,0,0,0,0,0,0,0,0,0,2,1,1,1,Constraint-driven self-creation,"war-childhood, extreme-poverty, self-taught, no-cinema-until-11","Herzog grew up in extreme poverty in a remote Bavarian village without cinema, running water, or his father. He did not see a film until age 11 but became determined to be a filmmaker, working various jobs to finance his own films from age 19. His self-taught approach and intense concentration led to a Silver Bear at the Berlin Film Festival at 25, establishing him as a distinctive voice in the emerging New German Cinema.",High,4,https://en.wikipedia.org/wiki/Werner_Herzog,https://en.wikipedia.org/wiki/Werner_Herzog | https://www.berlinale.de/en/2025/topics/lebenszeichen-1968.html | https://wernerherzog.com/long-biography.html | https://en.wikipedia.org/wiki/Signs_of_Life_(1968_film),subagent_researched_beta,not_independently_audited,0.2.0-subagent-beta
jacky-ickx,Jacky Ickx,Athletes,Racing driver,22,"Won the inaugural European Formula Two Championship in 1967 at age 22, and took his first Formula One victory at the 1968 French Grand Prix at age 23, finishing fourth in the F1 World Championship that year.","Ickx grew up in a motorsport family in Brussels; his father was a motoring journalist and racing driver who took him to races. He started motorcycle racing at 15, progressed to touring car racing in the mid-1960s, won the 24 Hours of Spa in 1966, and attracted the attention of Ken Tyrrell, leading to his F2 and then F1 career.",Early specialization,Early specialization / prior reps,Physical talent,1,2,2,0,1,0,0,1,1,2,10,2,High,"Son of Jacques Ickx, a Belgian motoring journalist and racing driver who introduced him to motorsport. Brother Pascal Ickx was also a racing driver. Father bought him his first motorcycle, which launched his racing career.",Father was a motoring journalist and former racing driver who covered races for Belgian newspaper Les Sports. He took young Jacky to races and eventually bought him a 50cc motorcycle that started his competitive career. Brother Pascal also became a racing driver.,1,2,1,0,1,1,1,1,0,1,1,0,9,1,9,Family-domain apprenticeship,"motorsport-family, father-journalist, early-motorcycle, belgian-racing-culture, sibling-racer","Ickx grew up immersed in motorsport through his father, a racing journalist and driver who took him to grands prix from childhood. Despite initial disinterest in racing, a motorcycle gift from his parents at around age 15 sparked his competitive career. He rapidly progressed from motorcycle racing to touring cars to Formula Two, winning the European F2 Championship at 22 and his first F1 race at 23, supported by his father's motorsport network and Belgium's strong racing culture.",High,3,https://en.wikipedia.org/wiki/Jacky_Ickx,https://en.wikipedia.org/wiki/Jacky_Ickx | https://www.motorsportmagazine.com/database/drivers/jacky-ickx/ | https://www.historicracing.com/driverDetail.cfm?driverID=2784,subagent_researched_beta,not_independently_audited,0.2.0-subagent-beta
heidi-klum,Heidi Klum,Creators / artists,Model,18,"Won the national 'Model 92' contest in Germany on April 29, 1992 at age 18, out of 25,000 contestants, receiving a $300,000 modeling contract. Later appeared on the Sports Illustrated Swimsuit Issue cover in 1998 at age 25 and became a Victoria's Secret Angel in 1999.","Klum was raised in Bergisch Gladbach, Germany, and was persuaded by a friend to enter the 'Model 92' national modeling contest in 1991. She won the contest in April 1992, accepted a $300,000 contract with Metropolitan Models in New York, and launched her modeling career in 1993, with her breakthrough coming on the SI Swimsuit cover in 1998.",Physical talent,Physical / athletic talent,Distribution / audience,0,0,0,0,1,0,1,1,1,1,5,2,Medium,"Daughter of Erna Klum, a hairdresser, and Gunther Klum, a cosmetics company executive. Raised in Bergisch Gladbach near Cologne, West Germany.","Father worked in the cosmetics industry and mother was a hairdresser, providing some proximity to the beauty and fashion world, though no direct modeling or fashion industry connections.",1,1,0,0,0,0,0,0,0,1,1,0,4,0,4,Prodigy / physical edge,"physical-attributes, cosmetics-family, contest-discovery, 1990s-supermodel-era","Klum had no modeling experience before winning the 'Model 92' contest at 18, which was triggered by a friend's suggestion. Her father's cosmetics industry career and mother's hairdressing background provided some proximity to the beauty world. Her natural physical attributes (height, appearance) were the primary factor in her discovery, and the 1990s supermodel boom provided a structural wave that amplified her career after the initial contest win.",Medium,3,https://en.wikipedia.org/wiki/Heidi_Klum,https://en.wikipedia.org/wiki/Heidi_Klum | https://kids.britannica.com/scholars/article/Heidi-Klum/489772 | https://web.archive.org/web/20071012040150/www.heidiklum.com/en/April_92.aspx,subagent_researched_beta,not_independently_audited,0.2.0-subagent-beta
rainer-werner-fassbinder,Rainer Werner Fassbinder,Creators / artists,Film director,24,"Made his first feature film Love Is Colder Than Death in 1969 at age 24, and completed ten feature films between April 1969 and November 1970 at age 25, establishing himself as a rising star of the New German Cinema.","Fassbinder grew up in Munich in a cultured but fractured family; his parents divorced when he was six and his mother frequently sent him to the cinema. He attended acting school from 1964-1966, made his first short films at 20, joined the Munich Action-Theater in 1967, and founded the Anti-Theater troupe, directing 12 plays in 18 months before making his first feature film in 1969.",Concentration intensity,Execution / operations,Complementary team,1,2,2,0,1,2,2,3,0,2,15,2,High,"Son of Liselotte Pempeit, a translator, and Helmut Fassbinder, a doctor. Parents divorced when he was six. Mother raised him as a single parent in Munich near the red light district and frequently sent him to the cinema, where he watched up to four films a day. Parents were described as cultured members of the bourgeoisie.","Mother was a translator who introduced him to cinema by sending him regularly; father was a doctor with literary ambitions. No direct film industry connection, but cultured bourgeois household provided cultural exposure.",0,1,0,0,1,0,0,2,0,1,0,1,5,1,5,High-trust peer team,"anti-theater-troupe, schygulla, munich-cinema, new-german-cinema, childhood-neglect","Fassbinder's childhood was marked by parental divorce, neglect, and immersion in cinema as a latchkey child. He found his artistic voice through the Action-Theater and then the Anti-Theater troupe, building a tightly knit company of collaborators including Hanna Schygulla, Peer Raben, Kurt Raab, and Irm Hermann who became his cinematic stock company. This high-trust peer team, combined with extraordinary productivity and the emerging New German Cinema movement, enabled him to make ten feature films by age 25.",High,3,https://en.wikipedia.org/wiki/Rainer_Werner_Fassbinder,https://en.wikipedia.org/wiki/Rainer_Werner_Fassbinder | http://ww3.fassbinderfoundation.de/leben/?lang=en | https://www.criterion.com/current/posts/2880-eclipse-series-39-early-fassbinder,subagent_researched_beta,not_independently_audited,0.2.0-subagent-beta
karl-heinz-rummenigge,Karl-Heinz Rummenigge,Athletes,Soccer player,20,"Won the European Cup with Bayern Munich in 1976 at age 20 (his second consecutive European Cup), and won the Ballon d'Or in 1980 at age 25 and again in 1981 at age 26, recognizing him as the best footballer in Europe.","Rummenigge grew up in Lippstadt, Germany, where his father, a toolmaker, was involved in the local amateur club Borussia Lippstadt. He played youth football from age 8 and joined Bayern Munich in 1974 at age 18 for a minimal transfer fee, breaking into a team that was already European champions and featuring stars like Beckenbauer and Muller.",Physical talent,Physical / athletic talent,Elite ecosystem network,1,2,2,0,2,2,1,2,0,2,14,1,High,"Son of a toolmaker who was actively involved in local amateur club Borussia Lippstadt. Working-class family in Lippstadt, North Rhine-Westphalia. Father's involvement in the local club provided Rummenigge's first exposure to organized football.","Father was a toolmaker and amateur football club volunteer who introduced Rummenigge to the sport at youth level. No professional football background in the family, but father's active involvement in Borussia Lippstadt provided early access to structured training.",0,1,0,2,1,0,1,2,0,1,1,0,7,2,7,Elite performance pipeline,"bayern-munich, european-cup, beckenbauer-muller, youth-football, father-club-volunteer","Rummenigge's father, a toolmaker and local football club volunteer, provided his entry into organized football in Lippstadt. At 18, he joined Bayern Munich, then the reigning European champions, for a minimal transfer fee, entering an elite pipeline alongside Beckenbauer, Muller, and Hoeness. He won back-to-back European Cups at 19 and 20, and his exceptional pace and goal-scoring instinct earned him the Ballon d'Or at 25 and 26, making him one of the greatest German footballers of all time.",High,3,https://en.wikipedia.org/wiki/Karl-Heinz_Rummenigge,https://en.wikipedia.org/wiki/Karl-Heinz_Rummenigge | https://fcbayern.com/en/club/hall-of-fame/karl-heinz-rummenigge | https://www.bundesliga.com/en/bundesliga/news/karl-heinz-rummenigge-bayern-munich-germany-legend-16419,subagent_researched_beta,not_independently_audited,0.2.0-subagent-beta
terry-pratchett,Terry Pratchett,Creators / artists,Fantasy author,23,"Published his first novel The Carpet People in November 1971 at age 23, having already published short stories commercially from age 15 and written over 80 stories for the Bucks Free Press children's section.","Pratchett grew up in Beaconsfield, England, the only child of a mechanic and a secretary. He published his first short story in the school magazine at 13 and commercially at 15. He left school at 17 to become a journalist at the Bucks Free Press, where he wrote over 80 children's stories and developed The Carpet People, which was published as his first novel in 1971.",Early specialization,Early specialization / prior reps,Concentration intensity,1,2,1,1,0,0,0,2,1,2,10,2,Medium,"Only child of David Pratchett, a mechanic, and Eileen Pratchett, a secretary. Working-class family in Beaconsfield, Buckinghamshire. Parents were supportive of his journalism career despite hoping for something more prestigious.","No family connection to writing or literature. Father was a mechanic, mother a secretary. Parents were supportive but had no literary or publishing background.",0,0,0,0,0,0,1,0,0,2,0,0,2,1,2,Self-created domain repetition,"early-writing, journalism-apprenticeship, bucks-free-press, self-taught, carpet-people","Pratchett had no family background in literature or publishing; his father was a mechanic and mother a secretary. He taught himself to write by reading library books and began publishing stories at 13. His journalism apprenticeship at the Bucks Free Press provided direct immersion in writing and publishing, and editor Arthur Church gave him the opportunity to write over 80 children's stories. This self-created domain repetition led to his first novel at 23, though his major fame with Discworld came later at age 35.",Medium,4,https://en.wikipedia.org/wiki/Terry_Pratchett,https://en.wikipedia.org/wiki/Terry_Pratchett | https://www.bucksfreepress.co.uk/news/1016416.terry-pratchett-and-his-first-job/ | https://en.wikipedia.org/wiki/The_Carpet_People | https://colinsmythe.co.uk/terry-pratchett/discworld/convention-reports-index/terry-pratchett-chronology/,subagent_researched_beta,not_independently_audited,0.2.0-subagent-beta
